age,sex,race,marital_status,education,employment,income,books_read_count,read_print_raw,read_audio_raw,read_ebook_raw,last_book_source,read_news,read_magazines,read_print,read_audio,read_ebook,reader_segment,is_digital_adopter
66,Male,Refused,Divorced,College graduate,Retired,"$20,000 to under $30,000",97,Yes,No,Yes,Purchased the book,No,Yes,1,0,1,Hybrid,1
46,Male,Native American/American Indian,Married,High school graduate,Employed full-time,"Less than $10,000",97,Yes,Yes,Yes,Purchased the book,Yes,Yes,1,1,1,Hybrid,1
32,Male,Mixed race,Never been married,High school graduate,Employed full-time,"Less than $10,000",97,No,Yes,Yes,Borrowed the book from a friend or family member,Yes,Yes,0,1,1,Digital/Audio-only,1
27,Male,Mixed race,Married,High school graduate,Employed full-time,"$40,000 to under $50,000",97,Yes,No,Yes,Borrowed the book from a library,Yes,No,1,0,1,Hybrid,1
16,Female,Mixed race,Never been married,High school incomplete,Employed part-time,"$10,000 to under $20,000",97,Yes,Yes,No,Purchased the book,Yes,No,1,1,0,Hybrid,1
55,Female,Asian or Pacific Islander,Divorced,"Some college, no 4-year degree",Have own business/self-employed,"$40,000 to under $50,000",97,Yes,Yes,Yes,Purchased the book,No,No,1,1,1,Hybrid,1
63,Male,Black or African-American,Widowed,"Some college, no 4-year degree",Employed full-time,"$50,000 to under $75,000",97,Yes,No,No,Borrowed the book from a library,Yes,No,1,0,0,Print-only,0
60,Female,Black or African-American,Married,College graduate,Retired,"$100,000 to under $150,000",97,Yes,No,No,Purchased the book,Yes,Yes,1,0,0,Print-only,0
50,Female,Black or African-American,Married,Post-graduate training/professional school after college,Employed part-time,"$75,000 to under $100,000",97,Yes,No,Yes,Purchased the book,Yes,No,1,0,1,Hybrid,1
29,Female,Black or African-American,Never been married,High school graduate,Employed part-time,"Less than $10,000",97,Yes,No,Yes,Borrowed the book from a friend or family member,No,No,1,0,1,Hybrid,1
23,Male,Black or African-American,Never been married,High school graduate,Employed part-time,"9$100,000 to under $150,000",97,Yes,No,No,Borrowed the book from a friend or family member,Yes,Yes,1,0,0,Print-only,0
19,Female,Black or African-American,Never been married,"Some college, no 4-year degree",Employed part-time,"$50,000 to under $75,000",97,Yes,No,No,Got the book some other way,Yes,Yes,1,0,0,Print-only,0
16,Female,Black or African-American,Never been married,High school graduate,Student,"$10,000 to under $20,000",97,Yes,No,Yes,Borrowed the book from a library,No,Yes,1,0,1,Hybrid,1
89,Female,White,Widowed,"Some college, no 4-year degree",Retired,"$30,000 to under $40,000",97,Yes,No,No,Purchased the book,Yes,Yes,1,0,0,Print-only,0
88,Female,White,Widowed,"Some college, no 4-year degree",Retired,"$10,000 to under $20,000",97,Yes,No,No,Borrowed the book from a library,Yes,No,1,0,0,Print-only,0
84,Female,White,Widowed,"Some college, no 4-year degree",Retired,"9$100,000 to under $150,000",97,Yes,No,No,Borrowed the book from a friend or family member,Yes,Yes,1,0,0,Print-only,0
81,Female,White,Married,"Some college, no 4-year degree",Retired,"$75,000 to under $100,000",97,Yes,No,No,Purchased the book,Yes,Yes,1,0,0,Print-only,0
80,Female,White,Widowed,Post-graduate training/professional school after college,Retired,Refused,97,Yes,No,No,Purchased the book,Yes,Yes,1,0,0,Print-only,0
79,Female,White,Widowed,High school graduate,Other,"$20,000 to under $30,000",97,Yes,No,No,Borrowed the book from a library,No,No,1,0,0,Print-only,0
79,Male,White,Married,College graduate,Retired,"$50,000 to under $75,000",97,Yes,No,No,Borrowed the book from a library,Yes,No,1,0,0,Print-only,0
78,Female,White,Divorced,High school graduate,Not employed for pay,"$10,000 to under $20,000",97,Yes,No,No,Borrowed the book from a library,No,No,1,0,0,Print-only,0
78,Male,White,Married,College graduate,Retired,"$100,000 to under $150,000",97,Yes,No,No,Borrowed the book from a library,Yes,Yes,1,0,0,Print-only,0
78,Female,White,Widowed,"Technical, trade or vocational school AFTER high school",Retired,"$10,000 to under $20,000",97,Yes,No,No,Borrowed the book from a library,Yes,Yes,1,0,0,Print-only,0
77,Female,White,Married,High school graduate,Not employed for pay,Refused,97,Yes,No,Yes,Purchased the book,No,No,1,0,1,Hybrid,1
76,Female,White,Married,Post-graduate training/professional school after college,Retired,"$100,000 to under $150,000",97,Yes,No,No,Borrowed the book from a friend or family member,Yes,Yes,1,0,0,Print-only,0
75,Female,White,Married,Post-graduate training/professional school after college,Retired,"$100,000 to under $150,000",97,Yes,No,No,Borrowed the book from a library,Yes,Yes,1,0,0,Print-only,0
73,Male,White,Married,Post-graduate training/professional school after college,Have own business/self-employed,"$100,000 to under $150,000",97,Yes,No,No,Purchased the book,Yes,Yes,1,0,0,Print-only,0
73,Male,White,Widowed,Post-graduate training/professional school after college,Retired,Refused,97,Yes,Yes,No,Borrowed the book from a library,Yes,Yes,1,1,0,Hybrid,1
73,Female,White,Married,College graduate,Not employed for pay,"$50,000 to under $75,000",97,Yes,No,Yes,Borrowed the book from a library,Yes,Yes,1,0,1,Hybrid,1
71,Female,White,Divorced,Post-graduate training/professional school after college,Retired,"9$100,000 to under $150,000",97,Yes,No,No,Borrowed the book from a library,Yes,No,1,0,0,Print-only,0
70,Male,White,Married,Post-graduate training/professional school after college,Retired,"$75,000 to under $100,000",97,Yes,No,No,Purchased the book,Yes,Yes,1,0,0,Print-only,0
70,Male,White,Married,Post-graduate training/professional school after college,Retired,"$100,000 to under $150,000",97,Yes,No,Yes,Purchased the book,Yes,Yes,1,0,1,Hybrid,1
69,Female,White,Married,College graduate,Retired,"$75,000 to under $100,000",97,Yes,No,No,Purchased the book,Yes,Yes,1,0,0,Print-only,0
69,Female,White,Widowed,"Some college, no 4-year degree",Retired,"Less than $10,000",97,Yes,No,No,Borrowed the book from a friend or family member,Yes,Yes,1,0,0,Print-only,0
69,Female,White,Don’t know,Post-graduate training/professional school after college,Retired,Refused,97,Yes,No,No,Borrowed the book from a library,Yes,No,1,0,0,Print-only,0
68,Female,White,Married,High school graduate,Employed part-time,"$30,000 to under $40,000",97,Yes,No,No,Borrowed the book from a friend or family member,Yes,Yes,1,0,0,Print-only,0
68,Female,White,Divorced,High school graduate,Retired,"$20,000 to under $30,000",97,Yes,No,No,Borrowed the book from a friend or family member,Yes,Yes,1,0,0,Print-only,0
67,Male,White,Married,"Some college, no 4-year degree",Retired,Refused,97,Yes,No,No,Borrowed the book from a library,Yes,Yes,1,0,0,Print-only,0
67,Female,White,Widowed,"Some college, no 4-year degree",Retired,"$30,000 to under $40,000",97,Yes,No,No,Got the book some other way,Yes,Yes,1,0,0,Print-only,0
67,Female,White,Married,High school incomplete,Retired,"$75,000 to under $100,000",97,Yes,No,Yes,Purchased the book,Yes,Yes,1,0,1,Hybrid,1
66,Female,White,Married,"Some college, no 4-year degree",Retired,"$50,000 to under $75,000",97,Yes,No,No,Borrowed the book from a library,Yes,Yes,1,0,0,Print-only,0
66,Female,White,Divorced,Post-graduate training/professional school after college,Retired,"$20,000 to under $30,000",97,Yes,No,No,Purchased the book,Yes,No,1,0,0,Print-only,0
66,Female,White,Married,College graduate,Retired,"$100,000 to under $150,000",97,Yes,No,Don’t know,Purchased the book,No,No,1,0,0,Print-only,0
66,Female,White,Married,College graduate,Retired,"$100,000 to under $150,000",97,Yes,No,Yes,Borrowed the book from a library,Yes,No,1,0,1,Hybrid,1
65,Female,White,Married,Post-graduate training/professional school after college,Retired,"$20,000 to under $30,000",97,Yes,No,No,Purchased the book,No,No,1,0,0,Print-only,0
65,Male,White,Married,Post-graduate training/professional school after college,Retired,"$30,000 to under $40,000",97,Yes,No,No,Purchased the book,Yes,Yes,1,0,0,Print-only,0
65,Female,White,Divorced,College graduate,Retired,"$10,000 to under $20,000",97,Yes,No,No,Got the book some other way,Yes,Yes,1,0,0,Print-only,0
65,Female,White,Widowed,"Some college, no 4-year degree",Retired,"$100,000 to under $150,000",97,Yes,No,Yes,Purchased the book,Yes,Yes,1,0,1,Hybrid,1
65,Female,White,Divorced,College graduate,Employed full-time,"$75,000 to under $100,000",97,Yes,No,No,Borrowed the book from a library,Yes,Yes,1,0,0,Print-only,0
65,Female,White,Living with a partner,"Some college, no 4-year degree",Employed part-time,"$40,000 to under $50,000",97,Yes,Yes,No,Purchased the book,Yes,Yes,1,1,0,Hybrid,1
65,Female,White,Divorced,"Some college, no 4-year degree",Retired,"$20,000 to under $30,000",97,Yes,No,No,Borrowed the book from a library,Yes,Yes,1,0,0,Print-only,0
64,Female,White,Married,Post-graduate training/professional school after college,Retired,"$100,000 to under $150,000",97,Yes,No,Yes,Purchased the book,Yes,Yes,1,0,1,Hybrid,1
64,Male,White,Married,Post-graduate training/professional school after college,Retired,"$100,000 to under $150,000",97,Yes,Yes,Yes,Purchased the book,Yes,Yes,1,1,1,Hybrid,1
64,Female,White,Widowed,High school graduate,Retired,Refused,97,Yes,Yes,Yes,Purchased the book,Yes,Yes,1,1,1,Hybrid,1
64,Male,White,Married,College graduate,Employed full-time,"$100,000 to under $150,000",97,Yes,No,Yes,Purchased the book,Yes,Yes,1,0,1,Hybrid,1
63,Female,White,Married,Post-graduate training/professional school after college,Retired,"$75,000 to under $100,000",97,Yes,Yes,Yes,Purchased the book,Yes,Yes,1,1,1,Hybrid,1
63,Female,White,Divorced,"Some college, no 4-year degree",Employed full-time,"$50,000 to under $75,000",97,Yes,No,No,Purchased the book,Yes,Yes,1,0,0,Print-only,0
62,Female,White,Divorced,College graduate,Retired,"$20,000 to under $30,000",97,Yes,Yes,Yes,Purchased the book,Yes,Yes,1,1,1,Hybrid,1
60,Female,White,Widowed,College graduate,Employed full-time,"$100,000 to under $150,000",97,Yes,Yes,Yes,Purchased the book,No,Yes,1,1,1,Hybrid,1
60,Female,White,Single,College graduate,Employed full-time,"$50,000 to under $75,000",97,Yes,Yes,Yes,Borrowed the book from a library,Yes,Yes,1,1,1,Hybrid,1
60,Female,White,Never been married,College graduate,Employed part-time,"$50,000 to under $75,000",97,Yes,No,Yes,Purchased the book,Yes,Yes,1,0,1,Hybrid,1
60,Female,White,Married,College graduate,Employed full-time,"$50,000 to under $75,000",97,Yes,No,Yes,Purchased the book,Yes,Yes,1,0,1,Hybrid,1
60,Female,White,Never been married,College graduate,Retired,"$20,000 to under $30,000",97,Yes,Yes,No,Purchased the book,Yes,No,1,1,0,Hybrid,1
59,Female,White,Married,Post-graduate training/professional school after college,Retired,Refused,97,Yes,Yes,No,Purchased the book,Yes,Yes,1,1,0,Hybrid,1
59,Female,White,Married,Post-graduate training/professional school after college,Retired,"$100,000 to under $150,000",97,Yes,Yes,No,Borrowed the book from a friend or family member,Yes,Yes,1,1,0,Hybrid,1
59,Female,White,Married,College graduate,Employed full-time,"$100,000 to under $150,000",97,Yes,No,Yes,Purchased the book,Yes,Yes,1,0,1,Hybrid,1
58,Female,White,Married,High school graduate,Not employed for pay,"$50,000 to under $75,000",97,Yes,No,No,Purchased the book,No,No,1,0,0,Print-only,0
58,Male,White,Never been married,"Some college, no 4-year degree",Not employed for pay,"$10,000 to under $20,000",97,Yes,No,No,Borrowed the book from a library,Yes,Yes,1,0,0,Print-only,0
58,Female,White,Married,"Some college, no 4-year degree",Employed part-time,"$50,000 to under $75,000",97,Yes,No,No,Borrowed the book from a library,Yes,No,1,0,0,Print-only,0
58,Female,White,Married,Post-graduate training/professional school after college,Other,"$100,000 to under $150,000",97,Yes,No,No,Borrowed the book from a library,Yes,Yes,1,0,0,Print-only,0
57,Female,White,Married,"Some college, no 4-year degree",Not employed for pay,"$100,000 to under $150,000",97,Yes,Yes,Yes,Borrowed the book from a library,Yes,Yes,1,1,1,Hybrid,1
56,Female,White,Divorced,High school graduate,Retired,"$20,000 to under $30,000",97,Yes,No,No,Purchased the book,No,Yes,1,0,0,Print-only,0
55,Female,White,Married,"Some college, no 4-year degree",Retired,"$50,000 to under $75,000",97,Yes,Yes,Yes,Purchased the book,No,Yes,1,1,1,Hybrid,1
55,Female,White,Married,"Some college, no 4-year degree",Have own business/self-employed,Refused,97,Yes,No,Yes,Purchased the book,Yes,Yes,1,0,1,Hybrid,1
54,Female,White,Married,College graduate,Employed full-time,Refused,97,Yes,Don’t know,Yes,Borrowed the book from a library,Yes,Yes,1,0,1,Hybrid,1
53,Female,White,Divorced,High school graduate,Employed full-time,"$30,000 to under $40,000",97,Yes,No,No,Purchased the book,No,No,1,0,0,Print-only,0
53,Male,White,Divorced,"Some college, no 4-year degree",Employed full-time,"$50,000 to under $75,000",97,Yes,No,Yes,Purchased the book,No,Yes,1,0,1,Hybrid,1
52,Female,White,Married,College graduate,Employed part-time,"$100,000 to under $150,000",97,Yes,Yes,No,Purchased the book,Yes,Yes,1,1,0,Hybrid,1
52,Female,White,Married,College graduate,Employed full-time,"$20,000 to under $30,000",97,Yes,No,Yes,Got the book some other way,No,No,1,0,1,Hybrid,1
50,Female,White,Married,Post-graduate training/professional school after college,Employed full-time,"$75,000 to under $100,000",97,Yes,No,Yes,Purchased the book,Yes,Yes,1,0,1,Hybrid,1
50,Male,White,Married,College graduate,Employed full-time,"$100,000 to under $150,000",97,Yes,Yes,Yes,Purchased the book,Yes,Yes,1,1,1,Hybrid,1
50,Female,White,Married,High school incomplete,Not employed for pay,"Less than $10,000",97,Yes,No,No,Purchased the book,Yes,No,1,0,0,Print-only,0
46,Female,White,Married,College graduate,Have own business/self-employed,"$30,000 to under $40,000",97,Yes,No,No,Borrowed the book from a library,Yes,Yes,1,0,0,Print-only,0
46,Female,White,Married,College graduate,Not employed for pay,"$100,000 to under $150,000",97,Yes,No,No,Borrowed the book from a friend or family member,Yes,Yes,1,0,0,Print-only,0
45,Male,White,Married,Post-graduate training/professional school after college,Employed full-time,"$100,000 to under $150,000",97,Yes,No,Yes,Purchased the book,Yes,Yes,1,0,1,Hybrid,1
44,Male,White,Married,"Some college, no 4-year degree",Employed full-time,"$50,000 to under $75,000",97,Yes,No,Yes,Purchased the book,No,Yes,1,0,1,Hybrid,1
42,Female,White,Married,Post-graduate training/professional school after college,Employed full-time,"$100,000 to under $150,000",97,Yes,No,Yes,Borrowed the book from a library,Yes,Yes,1,0,1,Hybrid,1
41,Female,White,Married,College graduate,Employed full-time,"$30,000 to under $40,000",97,Yes,Yes,No,Borrowed the book from a library,No,Yes,1,1,0,Hybrid,1
40,Female,White,Married,Post-graduate training/professional school after college,Employed full-time,"$100,000 to under $150,000",97,Yes,No,Yes,Purchased the book,Yes,Yes,1,0,1,Hybrid,1
38,Male,White,Married,College graduate,Not employed for pay,Refused,97,Yes,No,Yes,Got the book some other way,Yes,Yes,1,0,1,Hybrid,1
38,Female,White,Married,College graduate,Employed full-time,"$100,000 to under $150,000",97,Yes,No,Yes,Purchased the book,No,Yes,1,0,1,Hybrid,1
38,Female,White,Married,College graduate,Have own business/self-employed,"$100,000 to under $150,000",97,Yes,No,Yes,Purchased the book,Yes,Yes,1,0,1,Hybrid,1
37,Female,White,Married,College graduate,Employed part-time,"$40,000 to under $50,000",97,Yes,No,Yes,Purchased the book,No,No,1,0,1,Hybrid,1
36,Female,White,Never been married,"Some college, no 4-year degree",Employed full-time,"$30,000 to under $40,000",97,Yes,No,Yes,Purchased the book,No,No,1,0,1,Hybrid,1
35,Male,White,Single,High school graduate,Not employed for pay,"$10,000 to under $20,000",97,Yes,No,Yes,Purchased the book,Yes,Yes,1,0,1,Hybrid,1
35,Male,White,Married,"Some college, no 4-year degree",Have own business/self-employed,"$20,000 to under $30,000",97,Yes,Yes,Yes,Purchased the book,Yes,Yes,1,1,1,Hybrid,1
34,Female,White,Married,College graduate,Employed full-time,"$75,000 to under $100,000",97,Yes,No,Yes,Borrowed the book from a library,No,Yes,1,0,1,Hybrid,1
34,Male,White,Married,High school graduate,Employed full-time,"$40,000 to under $50,000",97,Yes,Yes,No,Borrowed the book from a friend or family member,No,Yes,1,1,0,Hybrid,1
33,Female,White,Married,College graduate,Employed full-time,"$100,000 to under $150,000",97,Yes,No,Yes,Borrowed the book from a library,Yes,Yes,1,0,1,Hybrid,1
32,Female,White,Married,High school graduate,Not employed for pay,"$30,000 to under $40,000",97,Yes,No,No,Purchased the book,Yes,No,1,0,0,Print-only,0
32,Female,White,Married,Post-graduate training/professional school after college,Employed full-time,"$75,000 to under $100,000",97,Yes,Yes,Yes,Purchased the book,Yes,Yes,1,1,1,Hybrid,1
32,Female,White,Never been married,Post-graduate training/professional school after college,Employed full-time,"$50,000 to under $75,000",97,Yes,No,No,Purchased the book,No,No,1,0,0,Print-only,0
30,Female,White,Married,"Some college, no 4-year degree",Not employed for pay,"$75,000 to under $100,000",97,Yes,No,Yes,Purchased the book,No,Yes,1,0,1,Hybrid,1
29,Female,White,Married,Post-graduate training/professional school after college,Employed part-time,"$100,000 to under $150,000",97,Yes,Yes,Yes,Purchased the book,Yes,No,1,1,1,Hybrid,1
28,Male,White,Married,"Some college, no 4-year degree",Employed full-time,"$50,000 to under $75,000",97,Yes,Yes,Yes,Purchased the book,Yes,Yes,1,1,1,Hybrid,1
28,Male,White,Married,High school incomplete,Employed full-time,"$40,000 to under $50,000",97,Yes,No,No,Purchased the book,Yes,Yes,1,0,0,Print-only,0
27,Male,White,Married,"Some college, no 4-year degree",Retired,"$40,000 to under $50,000",97,Yes,No,No,Purchased the book,Yes,Yes,1,0,0,Print-only,0
26,Male,White,Never been married,"Some college, no 4-year degree",Employed part-time,"$10,000 to under $20,000",97,Yes,No,No,Purchased the book,No,No,1,0,0,Print-only,0
25,Male,White,Never been married,Post-graduate training/professional school after college,Employed part-time,"$100,000 to under $150,000",97,Yes,No,No,Purchased the book,No,Yes,1,0,0,Print-only,0
24,Female,White,Never been married,High school graduate,Not employed for pay,"9$100,000 to under $150,000",97,Yes,No,No,Purchased the book,No,Yes,1,0,0,Print-only,0
24,Female,White,Never been married,College graduate,Employed full-time,"$20,000 to under $30,000",97,Yes,No,Yes,Purchased the book,No,No,1,0,1,Hybrid,1
23,Female,White,Married,"Some college, no 4-year degree",Not employed for pay,"Less than $10,000",97,Yes,Yes,No,Purchased the book,No,No,1,1,0,Hybrid,1
23,Female,White,Never been married,"Some college, no 4-year degree",Employed full-time,"$20,000 to under $30,000",97,Yes,No,No,Borrowed the book from a friend or family member,No,Yes,1,0,0,Print-only,0
22,Male,White,Married,"Technical, trade or vocational school AFTER high school",Employed full-time,"$10,000 to under $20,000",97,Yes,No,Yes,Purchased the book,Yes,Yes,1,0,1,Hybrid,1
22,Male,White,Never been married,Post-graduate training/professional school after college,Employed part-time,"$10,000 to under $20,000",97,Yes,Yes,Yes,Got the book some other way,Yes,Yes,1,1,1,Hybrid,1
21,Male,White,Living with a partner,"Some college, no 4-year degree",Employed part-time,"Less than $10,000",97,Yes,No,Yes,Borrowed the book from a library,Yes,Yes,1,0,1,Hybrid,1
20,Female,White,Living with a partner,High school graduate,Employed part-time,"$20,000 to under $30,000",97,Yes,No,Yes,Purchased the book,Yes,Yes,1,0,1,Hybrid,1
19,Female,White,Never been married,"Some college, no 4-year degree",Not employed for pay,"9$100,000 to under $150,000",97,Yes,No,Yes,Purchased the book,No,No,1,0,1,Hybrid,1
18,Female,White,Never been married,"Some college, no 4-year degree",Not employed for pay,"9$100,000 to under $150,000",97,Yes,No,No,Purchased the book,Yes,No,1,0,0,Print-only,0
18,Female,White,Living with a partner,"Some college, no 4-year degree",Not employed for pay,"$30,000 to under $40,000",97,Yes,No,No,Got the book some other way,Yes,No,1,0,0,Print-only,0
17,Female,White,Never been married,High school incomplete,Not employed for pay,"9$100,000 to under $150,000",97,Yes,No,No,Borrowed the book from a friend or family member,No,No,1,0,0,Print-only,0
17,Female,White,Never been married,High school incomplete,Employed part-time,"9$100,000 to under $150,000",97,Yes,No,No,Borrowed the book from a friend or family member,No,No,1,0,0,Print-only,0
16,Female,White,Never been married,High school incomplete,Not employed for pay,"$100,000 to under $150,000",97,Yes,No,No,Purchased the book,Yes,Yes,1,0,0,Print-only,0
16,Female,White,Never been married,High school incomplete,Not employed for pay,"9$100,000 to under $150,000",97,Yes,No,No,Borrowed the book from a library,No,No,1,0,0,Print-only,0
64,Female,Native American/American Indian,Divorced,"Some college, no 4-year degree",Retired,"$50,000 to under $75,000",96,Yes,No,No,Purchased the book,Yes,Yes,1,0,0,Print-only,0
40,Male,Black or African-American,Divorced,High school graduate,Retired,"Less than $10,000",96,Yes,No,No,Purchased the book,Yes,Yes,1,0,0,Print-only,0
67,Male,White,Married,Post-graduate training/professional school after college,Employed full-time,"$100,000 to under $150,000",96,Yes,Yes,Yes,Purchased the book,Yes,Yes,1,1,1,Hybrid,1
66,Male,White,Married,Post-graduate training/professional school after college,Retired,"$100,000 to under $150,000",96,Yes,Yes,No,Borrowed the book from a friend or family member,No,Yes,1,1,0,Hybrid,1
65,Female,White,Divorced,Post-graduate training/professional school after college,Employed full-time,"$50,000 to under $75,000",96,Yes,No,No,Borrowed the book from a library,No,Yes,1,0,0,Print-only,0
57,Female,White,Divorced,"Technical, trade or vocational school AFTER high school",Employed full-time,"$20,000 to under $30,000",96,Yes,No,No,Purchased the book,No,Yes,1,0,0,Print-only,0
57,Female,White,Married,High school graduate,Retired,"$100,000 to under $150,000",96,Yes,No,Yes,Purchased the book,No,No,1,0,1,Hybrid,1
56,Female,White,Married,"Some college, no 4-year degree",Employed full-time,"$75,000 to under $100,000",96,Yes,Yes,Yes,Borrowed the book from a library,No,Yes,1,1,1,Hybrid,1
53,Female,White,Married,Post-graduate training/professional school after college,Employed full-time,"$75,000 to under $100,000",96,Yes,No,No,Purchased the book,No,Yes,1,0,0,Print-only,0
53,Female,White,Married,"Some college, no 4-year degree",Employed full-time,Refused,96,Yes,Yes,No,Purchased the book,Yes,Yes,1,1,0,Hybrid,1
52,Female,White,Never been married,Post-graduate training/professional school after college,Employed part-time,"9$100,000 to under $150,000",96,Yes,Yes,No,Purchased the book,No,Yes,1,1,0,Hybrid,1
52,Male,White,Married,Post-graduate training/professional school after college,Employed full-time,"$100,000 to under $150,000",96,Yes,Yes,Yes,Purchased the book,Yes,Yes,1,1,1,Hybrid,1
48,Female,White,Married,"Some college, no 4-year degree",Employed full-time,"$75,000 to under $100,000",96,Yes,No,Yes,Purchased the book,Yes,Yes,1,0,1,Hybrid,1
47,Female,White,Married,"Some college, no 4-year degree",Employed part-time,"$50,000 to under $75,000",96,Yes,No,Yes,Purchased the book,Yes,Yes,1,0,1,Hybrid,1
28,Female,White,Single,"Some college, no 4-year degree",Employed full-time,"$10,000 to under $20,000",96,Yes,Yes,Yes,Purchased the book,No,Yes,1,1,1,Hybrid,1
74,Male,White,Married,High school graduate,Retired,Refused,90,Yes,No,No,Borrowed the book from a library,Yes,No,1,0,0,Print-only,0
33,Male,White,Married,Post-graduate training/professional school after college,Employed full-time,"$75,000 to under $100,000",90,Yes,Yes,No,Borrowed the book from a library,Yes,No,1,1,0,Hybrid,1
47,Female,White,Married,"Some college, no 4-year degree",Employed full-time,"$50,000 to under $75,000",84,Yes,No,No,Purchased the book,Yes,Yes,1,0,0,Print-only,0
53,Female,Black or African-American,Married,Post-graduate training/professional school after college,Employed full-time,"$100,000 to under $150,000",80,Yes,Yes,Yes,Purchased the book,Yes,Yes,1,1,1,Hybrid,1
69,Female,White,Never been married,Post-graduate training/professional school after college,Retired,"$50,000 to under $75,000",80,Yes,Yes,No,Got the book some other way,No,Yes,1,1,0,Hybrid,1
65,Female,White,Married,High school graduate,Retired,Refused,80,Yes,No,No,Purchased the book,Yes,No,1,0,0,Print-only,0
64,Female,White,Married,"Some college, no 4-year degree",Retired,Refused,80,Yes,Yes,No,Purchased the book,No,Yes,1,1,0,Hybrid,1
54,Female,White,Living with a partner,"Some college, no 4-year degree",Disabled,"$30,000 to under $40,000",80,Yes,No,No,Got the book some other way,Yes,No,1,0,0,Print-only,0
18,Male,White,Single,High school graduate,Employed full-time,"Less than $10,000",80,Yes,No,Yes,Purchased the book,No,No,1,0,1,Hybrid,1
65,Male,White,Married,Post-graduate training/professional school after college,Employed part-time,"$100,000 to under $150,000",76,No,No,Yes,8,Yes,Yes,0,0,1,Digital/Audio-only,1
24,Male,Mixed race,Never been married,Post-graduate training/professional school after college,Not employed for pay,"$50,000 to under $75,000",75,Yes,No,Yes,Purchased the book,Yes,No,1,0,1,Hybrid,1
54,Female,Black or African-American,Married,High school graduate,Employed full-time,"$30,000 to under $40,000",75,Yes,No,No,Borrowed the book from a friend or family member,Yes,No,1,0,0,Print-only,0
81,Female,White,Widowed,College graduate,Not employed for pay,"$75,000 to under $100,000",75,Yes,Yes,No,Borrowed the book from a library,Yes,Yes,1,1,0,Hybrid,1
78,Female,White,Widowed,High school graduate,Retired,"9$100,000 to under $150,000",75,Yes,No,No,Got the book some other way,Yes,No,1,0,0,Print-only,0
73,Female,White,Married,College graduate,Employed part-time,"$30,000 to under $40,000",75,Yes,No,No,Purchased the book,Yes,Yes,1,0,0,Print-only,0
68,Female,White,Widowed,"Some college, no 4-year degree",Retired,"$10,000 to under $20,000",75,Yes,No,No,Borrowed the book from a friend or family member,Yes,No,1,0,0,Print-only,0
65,Female,White,Divorced,High school graduate,Retired,"$30,000 to under $40,000",75,Yes,No,No,Borrowed the book from a library,Yes,No,1,0,0,Print-only,0
62,Female,White,Married,"Some college, no 4-year degree",Employed full-time,"$100,000 to under $150,000",75,Yes,No,No,Purchased the book,Yes,Yes,1,0,0,Print-only,0
61,Female,White,Married,High school graduate,Retired,"$100,000 to under $150,000",75,Yes,Yes,No,Purchased the book,Yes,Yes,1,1,0,Hybrid,1
55,Female,White,Widowed,College graduate,Employed full-time,"$40,000 to under $50,000",75,Yes,No,No,Got the book some other way,Yes,No,1,0,0,Print-only,0
48,Female,White,Married,College graduate,Not employed for pay,"9$100,000 to under $150,000",75,Yes,Yes,No,Borrowed the book from a friend or family member,Yes,Yes,1,1,0,Hybrid,1
48,Male,White,Never been married,Post-graduate training/professional school after college,Employed full-time,"$50,000 to under $75,000",75,Yes,No,Yes,Purchased the book,Yes,Yes,1,0,1,Hybrid,1
45,Female,White,Never been married,Post-graduate training/professional school after college,Employed full-time,Refused,75,Yes,Yes,Yes,Borrowed the book from a library,Yes,Yes,1,1,1,Hybrid,1
39,Male,White,Married,College graduate,Employed full-time,"$100,000 to under $150,000",75,Yes,No,Yes,Borrowed the book from a friend or family member,No,No,1,0,1,Hybrid,1
55,Male,Black or African-American,Separated,High school graduate,Retired,"$10,000 to under $20,000",70,Yes,No,No,Got the book some other way,No,Yes,1,0,0,Print-only,0
84,Female,White,Married,"Technical, trade or vocational school AFTER high school",Retired,"9$100,000 to under $150,000",70,Yes,Yes,No,Got the book some other way,Yes,No,1,1,0,Hybrid,1
64,Female,White,Divorced,High school graduate,Employed full-time,"$30,000 to under $40,000",70,Yes,No,No,Purchased the book,Yes,Yes,1,0,0,Print-only,0
60,Male,White,Married,Post-graduate training/professional school after college,Employed full-time,Refused,70,Yes,Yes,Yes,Borrowed the book from a library,Yes,No,1,1,1,Hybrid,1
58,Female,White,Married,Post-graduate training/professional school after college,Not employed for pay,"$100,000 to under $150,000",70,Yes,Yes,Yes,Purchased the book,No,Yes,1,1,1,Hybrid,1
53,Female,White,Married,High school graduate,Employed full-time,"$75,000 to under $100,000",70,Yes,No,Yes,Got the book some other way,No,No,1,0,1,Hybrid,1
31,Female,White,Never been married,Post-graduate training/professional school after college,Employed full-time,"$50,000 to under $75,000",70,Yes,No,Yes,Purchased the book,No,Yes,1,0,1,Hybrid,1
22,Female,White,Married,High school graduate,Employed part-time,"Less than $10,000",70,Yes,No,No,Purchased the book,No,No,1,0,0,Print-only,0
21,Female,White,Never been married,"Some college, no 4-year degree",Not employed for pay,"Less than $10,000",70,Yes,No,No,Borrowed the book from a friend or family member,No,No,1,0,0,Print-only,0
16,Female,White,Single,High school incomplete,Not employed for pay,"9$100,000 to under $150,000",70,Yes,No,No,Borrowed the book from a library,Yes,Yes,1,0,0,Print-only,0
61,Female,White,Married,Post-graduate training/professional school after college,Employed full-time,"$100,000 to under $150,000",67,Yes,Yes,Yes,Borrowed the book from a library,Yes,Yes,1,1,1,Hybrid,1
40,Male,White,Married,High school graduate,Not employed for pay,"Less than $10,000",65,Yes,No,No,Purchased the book,No,Yes,1,0,0,Print-only,0
27,Male,White,Never been married,Post-graduate training/professional school after college,Employed full-time,"$50,000 to under $75,000",65,No,No,Yes,Purchased the book,Yes,Yes,0,0,1,Digital/Audio-only,1
35,Male,Native American/American Indian,Never been married,High school graduate,Employed full-time,"$100,000 to under $150,000",60,Yes,No,No,Purchased the book,Yes,Yes,1,0,0,Print-only,0
50,Female,Black or African-American,Never been married,"Some college, no 4-year degree",Not employed for pay,"$50,000 to under $75,000",60,Yes,No,Yes,Purchased the book,No,Yes,1,0,1,Hybrid,1
45,Female,Black or African-American,Married,College graduate,Employed full-time,"$100,000 to under $150,000",60,Yes,Yes,Yes,Got the book some other way,No,Yes,1,1,1,Hybrid,1
16,Male,Black or African-American,Never been married,High school incomplete,Employed full-time,"Less than $10,000",60,Yes,Yes,No,Purchased the book,Yes,Yes,1,1,0,Hybrid,1
66,Female,White,Married,Post-graduate training/professional school after college,Retired,"$50,000 to under $75,000",60,Yes,Yes,No,Borrowed the book from a library,Yes,Yes,1,1,0,Hybrid,1
66,Female,White,Divorced,College graduate,Employed full-time,"$100,000 to under $150,000",60,Yes,No,No,Purchased the book,Yes,Don’t know,1,0,0,Print-only,0
65,Female,White,Married,College graduate,Retired,"$50,000 to under $75,000",60,Yes,Yes,No,Purchased the book,Yes,Yes,1,1,0,Hybrid,1
62,Female,White,Widowed,College graduate,Retired,"$40,000 to under $50,000",60,Yes,No,No,Borrowed the book from a friend or family member,Yes,Yes,1,0,0,Print-only,0
61,Male,White,Married,Post-graduate training/professional school after college,Employed full-time,"$50,000 to under $75,000",60,Yes,No,Yes,Purchased the book,No,Yes,1,0,1,Hybrid,1
60,Male,White,Married,College graduate,Employed full-time,"$100,000 to under $150,000",60,Yes,Yes,No,Purchased the book,Yes,No,1,1,0,Hybrid,1
60,Female,White,Married,College graduate,Retired,Refused,60,Yes,Yes,Yes,Purchased the book,Yes,Yes,1,1,1,Hybrid,1
58,Female,White,Widowed,High school graduate,Employed full-time,"$30,000 to under $40,000",60,Yes,No,No,Borrowed the book from a friend or family member,Yes,Yes,1,0,0,Print-only,0
53,Male,White,Married,College graduate,Employed full-time,"$75,000 to under $100,000",60,Yes,Yes,Yes,Purchased the book,Yes,Yes,1,1,1,Hybrid,1
51,Female,White,Married,Post-graduate training/professional school after college,Employed full-time,"$100,000 to under $150,000",60,Yes,No,Yes,Purchased the book,Yes,Yes,1,0,1,Hybrid,1
39,Female,White,Married,Post-graduate training/professional school after college,Employed part-time,"$100,000 to under $150,000",60,Yes,No,No,Borrowed the book from a library,Yes,Yes,1,0,0,Print-only,0
38,Male,White,Divorced,College graduate,Employed full-time,"$40,000 to under $50,000",60,Yes,No,No,Purchased the book,Yes,Yes,1,0,0,Print-only,0
23,Female,White,Never been married,College graduate,Employed part-time,"9$100,000 to under $150,000",60,Yes,Yes,No,Borrowed the book from a friend or family member,Yes,Yes,1,1,0,Hybrid,1
22,Male,White,Never been married,"Some college, no 4-year degree",Not employed for pay,"9$100,000 to under $150,000",60,Yes,Yes,No,Purchased the book,Yes,Yes,1,1,0,Hybrid,1
21,Female,White,Never been married,"Some college, no 4-year degree",Not employed for pay,"9$100,000 to under $150,000",60,Yes,No,Yes,Purchased the book,No,No,1,0,1,Hybrid,1
34,Male,Refused,Married,"Some college, no 4-year degree",Employed full-time,Refused,55,Yes,Yes,Yes,Purchased the book,Yes,Yes,1,1,1,Hybrid,1
81,Male,White,Married,High school graduate,Retired,Refused,55,Don’t know,No,No,Got the book some other way,Yes,No,0,0,0,Non-reader,0
66,Female,White,Living with a partner,High school graduate,Retired,"$40,000 to under $50,000",55,Yes,No,Yes,Purchased the book,Yes,No,1,0,1,Hybrid,1
47,Female,White,Divorced,High school graduate,Employed part-time,"$20,000 to under $30,000",54,Yes,No,Yes,Borrowed the book from a library,No,No,1,0,1,Hybrid,1
68,Female,White,Married,Post-graduate training/professional school after college,Employed full-time,Refused,52,Yes,Yes,No,Borrowed the book from a library,Yes,Yes,1,1,0,Hybrid,1
29,Female,White,Married,Post-graduate training/professional school after college,Employed full-time,"$75,000 to under $100,000",52,Yes,No,Yes,Purchased the book,No,No,1,0,1,Hybrid,1
21,Male,White,Married,High school incomplete,Employed full-time,"$30,000 to under $40,000",51,Yes,No,No,Got the book some other way,No,Yes,1,0,0,Print-only,0
66,Male,Refused,Married,College graduate,Employed part-time,"9$100,000 to under $150,000",50,Yes,No,No,8,Yes,No,1,0,0,Print-only,0
50,Male,Refused,Never been married,High school graduate,Retired,Refused,50,Yes,No,No,Purchased the book,Yes,No,1,0,0,Print-only,0
26,Male,Refused,Married,"Some college, no 4-year degree",Employed full-time,Refused,50,Yes,No,No,Purchased the book,No,No,1,0,0,Print-only,0
56,Female,Don’t know,Married,Post-graduate training/professional school after college,Other,Refused,50,Yes,No,Yes,Purchased the book,Yes,Yes,1,0,1,Hybrid,1
37,Male,Other,Single,High school graduate,Retired,"Less than $10,000",50,Yes,No,No,Purchased the book,Yes,Yes,1,0,0,Print-only,0
16,Male,Other,Never been married,High school incomplete,Employed part-time,"$30,000 to under $40,000",50,Yes,No,No,Purchased the book,No,Yes,1,0,0,Print-only,0
32,Female,Native American/American Indian,Living with a partner,"Some college, no 4-year degree",Not employed for pay,"$50,000 to under $75,000",50,Yes,No,No,Borrowed the book from a friend or family member,Yes,Yes,1,0,0,Print-only,0
41,Female,Mixed race,Married,Post-graduate training/professional school after college,Disabled,"$30,000 to under $40,000",50,Yes,No,No,Got the book some other way,No,No,1,0,0,Print-only,0
26,Male,Asian or Pacific Islander,Living with a partner,"Some college, no 4-year degree",Employed full-time,"$20,000 to under $30,000",50,Yes,No,Yes,Purchased the book,Yes,No,1,0,1,Hybrid,1
61,Female,Black or African-American,Married,Post-graduate training/professional school after college,Employed full-time,"$40,000 to under $50,000",50,Yes,Yes,Yes,Got the book some other way,No,No,1,1,1,Hybrid,1
59,Female,Black or African-American,Married,College graduate,Employed full-time,"$100,000 to under $150,000",50,Yes,No,No,Purchased the book,Yes,Yes,1,0,0,Print-only,0
47,Female,Black or African-American,Married,College graduate,Not employed for pay,"$100,000 to under $150,000",50,Yes,No,Yes,Borrowed the book from a library,Yes,Yes,1,0,1,Hybrid,1
32,Female,Black or African-American,Living with a partner,Post-graduate training/professional school after college,Employed full-time,"$50,000 to under $75,000",50,Yes,No,No,Purchased the book,No,No,1,0,0,Print-only,0
17,Male,Black or African-American,Never been married,High school incomplete,Employed part-time,"$10,000 to under $20,000",50,Yes,No,Yes,Borrowed the book from a library,No,No,1,0,1,Hybrid,1
90,Female,White,Widowed,Post-graduate training/professional school after college,Retired,"$30,000 to under $40,000",50,Yes,No,No,Purchased the book,No,Yes,1,0,0,Print-only,0
84,Female,White,Married,Post-graduate training/professional school after college,Retired,Refused,50,Yes,No,Yes,Borrowed the book from a library,Yes,Yes,1,0,1,Hybrid,1
83,Female,White,Widowed,College graduate,Retired,"$20,000 to under $30,000",50,Yes,No,No,Purchased the book,Yes,Yes,1,0,0,Print-only,0
80,Female,White,Widowed,High school graduate,Employed full-time,"$10,000 to under $20,000",50,Yes,No,No,Borrowed the book from a library,Yes,Yes,1,0,0,Print-only,0
80,Female,White,Married,Post-graduate training/professional school after college,Retired,"$100,000 to under $150,000",50,Yes,Yes,Yes,Borrowed the book from a library,Yes,Yes,1,1,1,Hybrid,1
78,Female,White,Married,"Some college, no 4-year degree",Retired,"$50,000 to under $75,000",50,Yes,No,No,Purchased the book,No,Yes,1,0,0,Print-only,0
78,Female,White,Widowed,Post-graduate training/professional school after college,Retired,"$20,000 to under $30,000",50,Yes,No,No,Purchased the book,Yes,Yes,1,0,0,Print-only,0
78,Female,White,Married,High school graduate,Retired,"$30,000 to under $40,000",50,Yes,No,No,Purchased the book,No,Yes,1,0,0,Print-only,0
77,Male,White,Married,Post-graduate training/professional school after college,Retired,"$20,000 to under $30,000",50,Yes,Yes,No,Purchased the book,Yes,Yes,1,1,0,Hybrid,1
77,Female,White,Widowed,High school graduate,Retired,"$40,000 to under $50,000",50,Yes,No,Yes,Borrowed the book from a library,Yes,No,1,0,1,Hybrid,1
76,Female,White,Widowed,College graduate,Retired,"9$100,000 to under $150,000",50,Yes,No,No,Purchased the book,Yes,Yes,1,0,0,Print-only,0
75,Female,White,Widowed,Post-graduate training/professional school after college,Employed part-time,"$50,000 to under $75,000",50,Yes,Yes,No,Borrowed the book from a library,Yes,Yes,1,1,0,Hybrid,1
74,Female,White,Married,College graduate,Retired,"$40,000 to under $50,000",50,Yes,Yes,Yes,Purchased the book,Yes,Yes,1,1,1,Hybrid,1
72,Female,White,Married,"Some college, no 4-year degree",Retired,"$30,000 to under $40,000",50,Yes,Yes,No,Purchased the book,Yes,Yes,1,1,0,Hybrid,1
70,Male,White,Married,College graduate,Retired,"$75,000 to under $100,000",50,Yes,No,No,Borrowed the book from a library,Yes,Yes,1,0,0,Print-only,0
70,Female,White,Married,"Some college, no 4-year degree",Retired,"$40,000 to under $50,000",50,Yes,No,No,Purchased the book,Yes,Yes,1,0,0,Print-only,0
70,Female,White,Married,College graduate,Retired,"$10,000 to under $20,000",50,Yes,No,No,Borrowed the book from a friend or family member,Yes,No,1,0,0,Print-only,0
69,Male,White,Married,"Technical, trade or vocational school AFTER high school",Employed part-time,"$50,000 to under $75,000",50,Yes,No,No,Purchased the book,No,Yes,1,0,0,Print-only,0
68,Female,White,Married,"Some college, no 4-year degree",Retired,"$50,000 to under $75,000",50,Yes,No,No,Borrowed the book from a library,Yes,No,1,0,0,Print-only,0
68,Male,White,Married,College graduate,Employed part-time,"$50,000 to under $75,000",50,Yes,No,Yes,Purchased the book,No,Yes,1,0,1,Hybrid,1
66,Female,White,Single,Post-graduate training/professional school after college,Retired,"$30,000 to under $40,000",50,Yes,No,No,Purchased the book,Yes,Yes,1,0,0,Print-only,0
66,Female,White,Don’t know,Post-graduate training/professional school after college,Retired,Refused,50,Yes,No,No,Purchased the book,Yes,No,1,0,0,Print-only,0
66,Female,White,Married,"Some college, no 4-year degree",Retired,"$75,000 to under $100,000",50,Yes,No,Yes,Borrowed the book from a library,Yes,No,1,0,1,Hybrid,1
66,Male,White,Married,College graduate,Retired,"$100,000 to under $150,000",50,Yes,Yes,Yes,Purchased the book,Yes,Yes,1,1,1,Hybrid,1
65,Male,White,Married,"Some college, no 4-year degree",Retired,"$100,000 to under $150,000",50,Yes,No,No,Got the book some other way,Yes,Yes,1,0,0,Print-only,0
65,Male,White,Married,College graduate,Retired,"$30,000 to under $40,000",50,Yes,No,No,Borrowed the book from a library,No,No,1,0,0,Print-only,0
65,Male,White,Married,High school graduate,Retired,"$50,000 to under $75,000",50,Yes,No,Yes,Borrowed the book from a library,No,Yes,1,0,1,Hybrid,1
65,Male,White,Married,Post-graduate training/professional school after college,Retired,"$75,000 to under $100,000",50,Yes,No,Yes,Borrowed the book from a friend or family member,Yes,Yes,1,0,1,Hybrid,1
64,Male,White,Married,Post-graduate training/professional school after college,Retired,"$100,000 to under $150,000",50,Yes,No,Yes,Purchased the book,Yes,No,1,0,1,Hybrid,1
64,Male,White,Married,"Some college, no 4-year degree",Employed full-time,"$50,000 to under $75,000",50,Yes,Yes,Yes,Purchased the book,Yes,Yes,1,1,1,Hybrid,1
62,Female,White,Widowed,Not specified,Employed full-time,"9$100,000 to under $150,000",50,Don’t know,No,No,Purchased the book,Yes,No,0,0,0,Non-reader,0
62,Male,White,Married,Post-graduate training/professional school after college,Employed full-time,Refused,50,Yes,No,Yes,Purchased the book,Yes,Yes,1,0,1,Hybrid,1
60,Female,White,Married,"Some college, no 4-year degree",Retired,"$75,000 to under $100,000",50,Yes,No,Yes,Borrowed the book from a friend or family member,Yes,No,1,0,1,Hybrid,1
60,Male,White,Married,Post-graduate training/professional school after college,Employed full-time,"$100,000 to under $150,000",50,Yes,No,Yes,Purchased the book,Yes,Yes,1,0,1,Hybrid,1
60,Female,White,Widowed,High school incomplete,Not employed for pay,"$10,000 to under $20,000",50,Yes,No,No,Borrowed the book from a library,Yes,Yes,1,0,0,Print-only,0
59,Female,White,Married,"Technical, trade or vocational school AFTER high school",Employed full-time,"$50,000 to under $75,000",50,Yes,No,No,Borrowed the book from a friend or family member,Yes,Yes,1,0,0,Print-only,0
59,Female,White,Married,"Some college, no 4-year degree",Retired,"$40,000 to under $50,000",50,Yes,No,No,Purchased the book,No,Yes,1,0,0,Print-only,0
59,Male,White,Never been married,College graduate,Employed full-time,"$100,000 to under $150,000",50,Yes,No,No,Purchased the book,Yes,No,1,0,0,Print-only,0
58,Female,White,Married,High school graduate,Employed full-time,"$40,000 to under $50,000",50,Yes,No,No,Purchased the book,Yes,Yes,1,0,0,Print-only,0
58,Female,White,Married,"Some college, no 4-year degree",Disabled,"$100,000 to under $150,000",50,Yes,Yes,No,Got the book some other way,Yes,Yes,1,1,0,Hybrid,1
58,Male,White,Married,Post-graduate training/professional school after college,Retired,"$100,000 to under $150,000",50,Yes,No,Yes,Purchased the book,No,No,1,0,1,Hybrid,1
57,Female,White,Married,College graduate,Employed part-time,Refused,50,Yes,No,Yes,Borrowed the book from a library,No,Yes,1,0,1,Hybrid,1
55,Female,White,Married,Post-graduate training/professional school after college,Employed full-time,Refused,50,Yes,Yes,Yes,Purchased the book,Yes,Yes,1,1,1,Hybrid,1
55,Female,White,Never been married,"Some college, no 4-year degree",Employed full-time,"$40,000 to under $50,000",50,Yes,No,No,Purchased the book,Yes,No,1,0,0,Print-only,0
55,Female,White,Divorced,Post-graduate training/professional school after college,Retired,"$50,000 to under $75,000",50,Yes,No,No,Purchased the book,No,No,1,0,0,Print-only,0
54,Male,White,Married,High school graduate,Employed full-time,"$100,000 to under $150,000",50,Yes,No,Yes,Purchased the book,Yes,No,1,0,1,Hybrid,1
53,Female,White,Separated,High school graduate,Disabled,"Less than $10,000",50,Yes,No,No,Borrowed the book from a friend or family member,Yes,Yes,1,0,0,Print-only,0
53,Female,White,Married,Post-graduate training/professional school after college,Not employed for pay,"$100,000 to under $150,000",50,Yes,Yes,Yes,Purchased the book,Yes,Yes,1,1,1,Hybrid,1
53,Female,White,Never been married,"Some college, no 4-year degree",Employed full-time,"$40,000 to under $50,000",50,Yes,Yes,Yes,Purchased the book,No,Yes,1,1,1,Hybrid,1
53,Female,White,Married,College graduate,Employed full-time,"$75,000 to under $100,000",50,Yes,No,Yes,Purchased the book,Yes,Yes,1,0,1,Hybrid,1
53,Female,White,Married,"Some college, no 4-year degree",Not employed for pay,"$100,000 to under $150,000",50,Yes,No,No,Purchased the book,Yes,Yes,1,0,0,Print-only,0
52,Male,White,Married,Post-graduate training/professional school after college,Employed full-time,Refused,50,Yes,No,Yes,Purchased the book,Yes,Yes,1,0,1,Hybrid,1
52,Female,White,Married,College graduate,Employed full-time,"$40,000 to under $50,000",50,Yes,No,Yes,Purchased the book,No,Yes,1,0,1,Hybrid,1
51,Male,White,Married,Post-graduate training/professional school after college,Employed full-time,"$30,000 to under $40,000",50,Yes,No,Yes,Purchased the book,No,No,1,0,1,Hybrid,1
51,Female,White,Divorced,College graduate,Employed full-time,Refused,50,Yes,No,No,Borrowed the book from a friend or family member,No,Yes,1,0,0,Print-only,0
50,Male,White,Married,College graduate,Employed full-time,"$100,000 to under $150,000",50,No,No,Yes,Purchased the book,Yes,No,0,0,1,Digital/Audio-only,1
50,Female,White,Married,College graduate,Employed full-time,"$50,000 to under $75,000",50,Yes,No,No,Borrowed the book from a library,Yes,Yes,1,0,0,Print-only,0
50,Male,White,Married,College graduate,Employed full-time,"$100,000 to under $150,000",50,Yes,No,No,Purchased the book,Yes,Yes,1,0,0,Print-only,0
49,Female,White,Married,College graduate,Employed full-time,"$30,000 to under $40,000",50,No,No,Yes,Purchased the book,No,Yes,0,0,1,Digital/Audio-only,1
48,Female,White,Married,Post-graduate training/professional school after college,Not employed for pay,Refused,50,Yes,No,No,Borrowed the book from a library,Yes,No,1,0,0,Print-only,0
48,Female,White,Married,"Some college, no 4-year degree",Employed full-time,Refused,50,Yes,Yes,Yes,Borrowed the book from a friend or family member,Yes,Yes,1,1,1,Hybrid,1
47,Female,White,Married,High school graduate,Employed full-time,"$75,000 to under $100,000",50,Yes,No,Yes,Borrowed the book from a friend or family member,No,Yes,1,0,1,Hybrid,1
46,Female,White,Separated,College graduate,Not employed for pay,"$20,000 to under $30,000",50,Yes,Yes,No,Borrowed the book from a library,Yes,No,1,1,0,Hybrid,1
45,Male,White,Divorced,College graduate,Employed full-time,"$75,000 to under $100,000",50,Yes,No,Yes,Purchased the book,Yes,Yes,1,0,1,Hybrid,1
45,Male,White,Married,"Some college, no 4-year degree",Retired,"$50,000 to under $75,000",50,Yes,Yes,No,Borrowed the book from a library,Yes,No,1,1,0,Hybrid,1
45,Male,White,Married,Post-graduate training/professional school after college,Employed full-time,"$100,000 to under $150,000",50,Yes,Yes,Yes,Purchased the book,Yes,No,1,1,1,Hybrid,1
44,Female,White,Married,"Some college, no 4-year degree",Not employed for pay,"$50,000 to under $75,000",50,Yes,No,Yes,Got the book some other way,No,No,1,0,1,Hybrid,1
44,Female,White,Never been married,College graduate,Employed full-time,"$20,000 to under $30,000",50,Yes,No,No,Purchased the book,No,No,1,0,0,Print-only,0
42,Male,White,Married,Post-graduate training/professional school after college,Employed full-time,"$100,000 to under $150,000",50,Yes,No,No,Purchased the book,Yes,No,1,0,0,Print-only,0
42,Female,White,Never been married,College graduate,Have own business/self-employed,"$100,000 to under $150,000",50,Yes,No,Yes,Purchased the book,Yes,No,1,0,1,Hybrid,1
41,Female,White,Married,High school graduate,Disabled,"$10,000 to under $20,000",50,Yes,No,No,Purchased the book,No,No,1,0,0,Print-only,0
41,Female,White,Separated,Post-graduate training/professional school after college,Not employed for pay,"Less than $10,000",50,Yes,No,Yes,Purchased the book,Yes,Yes,1,0,1,Hybrid,1
38,Male,White,Living with a partner,High school graduate,Not employed for pay,"$75,000 to under $100,000",50,Yes,No,No,Borrowed the book from a friend or family member,Yes,Yes,1,0,0,Print-only,0
37,Male,White,Divorced,High school incomplete,Employed full-time,"$75,000 to under $100,000",50,Yes,Yes,Yes,Purchased the book,No,No,1,1,1,Hybrid,1
37,Female,White,Married,"Technical, trade or vocational school AFTER high school",Employed part-time,"$30,000 to under $40,000",50,Yes,Yes,Yes,Got the book some other way,No,Yes,1,1,1,Hybrid,1
36,Male,White,Married,"Some college, no 4-year degree",Employed full-time,Refused,50,Yes,Yes,Yes,Purchased the book,Yes,Yes,1,1,1,Hybrid,1
35,Female,White,Living with a partner,College graduate,Employed full-time,"$20,000 to under $30,000",50,Yes,No,No,Purchased the book,Yes,Yes,1,0,0,Print-only,0
34,Female,White,Married,Post-graduate training/professional school after college,Not employed for pay,"$30,000 to under $40,000",50,No,No,Yes,Borrowed the book from a library,Yes,No,0,0,1,Digital/Audio-only,1
33,Male,White,Married,Post-graduate training/professional school after college,Employed full-time,"$100,000 to under $150,000",50,Yes,Yes,Yes,Borrowed the book from a library,Yes,Yes,1,1,1,Hybrid,1
32,Female,White,Never been married,High school graduate,Employed full-time,"$20,000 to under $30,000",50,Yes,No,No,Borrowed the book from a library,Yes,No,1,0,0,Print-only,0
30,Male,White,Never been married,High school incomplete,Disabled,"9$100,000 to under $150,000",50,Yes,No,No,Borrowed the book from a friend or family member,Yes,No,1,0,0,Print-only,0
29,Male,White,Married,High school graduate,Employed part-time,"$10,000 to under $20,000",50,Yes,Yes,Yes,Purchased the book,No,Yes,1,1,1,Hybrid,1
27,Female,White,Married,"Some college, no 4-year degree",Employed full-time,"9$100,000 to under $150,000",50,Yes,Yes,Yes,Got the book some other way,Yes,No,1,1,1,Hybrid,1
27,Female,White,Married,"Some college, no 4-year degree",Not employed for pay,"$50,000 to under $75,000",50,Yes,No,Yes,Purchased the book,No,No,1,0,1,Hybrid,1
26,Female,White,Married,"Some college, no 4-year degree",Have own business/self-employed,"$100,000 to under $150,000",50,Yes,No,No,Purchased the book,Yes,No,1,0,0,Print-only,0
25,Female,White,Married,"Some college, no 4-year degree",Employed full-time,"$50,000 to under $75,000",50,Yes,No,Yes,Borrowed the book from a friend or family member,Yes,No,1,0,1,Hybrid,1
23,Male,White,Never been married,College graduate,Employed full-time,"$40,000 to under $50,000",50,Yes,No,Yes,Purchased the book,Yes,Yes,1,0,1,Hybrid,1
22,Female,White,Never been married,College graduate,Employed full-time,"9$100,000 to under $150,000",50,Yes,Yes,No,Borrowed the book from a friend or family member,No,No,1,1,0,Hybrid,1
20,Female,White,Never been married,"Some college, no 4-year degree",Employed part-time,"$100,000 to under $150,000",50,Yes,No,Yes,Purchased the book,Yes,Yes,1,0,1,Hybrid,1
19,Female,White,Never been married,"Some college, no 4-year degree",Employed part-time,"$50,000 to under $75,000",50,Yes,No,No,Borrowed the book from a library,No,Yes,1,0,0,Print-only,0
19,Female,White,Living with a partner,High school graduate,Employed part-time,"9$100,000 to under $150,000",50,Yes,No,Yes,Borrowed the book from a friend or family member,Yes,Yes,1,0,1,Hybrid,1
19,Male,White,Never been married,High school incomplete,Not employed for pay,"9$100,000 to under $150,000",50,Yes,No,Yes,Got the book some other way,Yes,No,1,0,1,Hybrid,1
17,Male,White,Never been married,High school incomplete,Employed part-time,"$50,000 to under $75,000",50,Yes,No,No,Purchased the book,No,Yes,1,0,0,Print-only,0
16,Male,White,Never been married,High school incomplete,Not employed for pay,"$10,000 to under $20,000",50,Yes,No,No,Got the book some other way,No,No,1,0,0,Print-only,0
75,Female,White,Married,College graduate,Retired,Refused,48,Yes,No,Yes,Borrowed the book from a friend or family member,Yes,Yes,1,0,1,Hybrid,1
67,Female,White,Divorced,"Some college, no 4-year degree",Retired,"$40,000 to under $50,000",48,Yes,Yes,No,Purchased the book,Yes,No,1,1,0,Hybrid,1
60,Female,White,Widowed,"Some college, no 4-year degree",Not employed for pay,Refused,48,Yes,No,No,Purchased the book,Yes,No,1,0,0,Print-only,0
55,Female,White,Married,"Some college, no 4-year degree",Employed full-time,"$100,000 to under $150,000",48,Yes,Yes,Yes,Purchased the book,Yes,No,1,1,1,Hybrid,1
47,Female,White,Living with a partner,High school graduate,Have own business/self-employed,"$40,000 to under $50,000",48,Yes,No,No,Purchased the book,No,No,1,0,0,Print-only,0
23,Male,Other,Never been married,"Some college, no 4-year degree",Not employed for pay,"$20,000 to under $30,000",47,Yes,No,Yes,Got the book some other way,No,Yes,1,0,1,Hybrid,1
46,Male,White,Married,College graduate,Employed full-time,"$100,000 to under $150,000",47,Yes,No,Yes,Got the book some other way,Yes,Yes,1,0,1,Hybrid,1
27,Female,Black or African-American,Never been married,High school graduate,Employed full-time,"Less than $10,000",45,Yes,No,No,Purchased the book,Yes,Yes,1,0,0,Print-only,0
22,Female,Black or African-American,Never been married,"Some college, no 4-year degree",Employed full-time,"$10,000 to under $20,000",45,Yes,No,Yes,Purchased the book,No,Yes,1,0,1,Hybrid,1
70,Male,White,Widowed,High school graduate,Retired,"$20,000 to under $30,000",45,Yes,Yes,No,Purchased the book,Yes,Yes,1,1,0,Hybrid,1
67,Male,White,Married,College graduate,Employed part-time,"$40,000 to under $50,000",45,Yes,Yes,No,Borrowed the book from a friend or family member,Yes,Yes,1,1,0,Hybrid,1
38,Male,White,Married,College graduate,Employed full-time,"$100,000 to under $150,000",45,Yes,No,Yes,Borrowed the book from a library,Yes,Yes,1,0,1,Hybrid,1
18,Female,White,Never been married,High school incomplete,Employed part-time,"$10,000 to under $20,000",45,Yes,No,No,Purchased the book,Yes,Yes,1,0,0,Print-only,0
17,Male,White,Never been married,High school incomplete,Not employed for pay,"$50,000 to under $75,000",45,Yes,Yes,Yes,Got the book some other way,Yes,Yes,1,1,1,Hybrid,1
59,Male,White,Married,High school graduate,Employed full-time,"$30,000 to under $40,000",43,Yes,No,No,Purchased the book,Yes,No,1,0,0,Print-only,0
27,Male,White,Married,College graduate,Employed full-time,"$50,000 to under $75,000",42,Yes,Yes,No,Purchased the book,Yes,Yes,1,1,0,Hybrid,1
73,Male,Refused,Married,Post-graduate training/professional school after college,Retired,"$100,000 to under $150,000",40,Yes,Yes,Yes,Borrowed the book from a library,Yes,Yes,1,1,1,Hybrid,1
69,Male,Refused,Married,Post-graduate training/professional school after college,Retired,Refused,40,Yes,No,Yes,Borrowed the book from a friend or family member,Yes,No,1,0,1,Hybrid,1
21,Male,Asian or Pacific Islander,Never been married,"Some college, no 4-year degree",Employed full-time,"Less than $10,000",40,Yes,No,No,Purchased the book,No,No,1,0,0,Print-only,0
23,Female,Black or African-American,Living with a partner,High school graduate,Not employed for pay,"$20,000 to under $30,000",40,No,No,No,Purchased the book,Yes,Yes,0,0,0,Non-reader,0
19,Male,Black or African-American,Never been married,"Some college, no 4-year degree",Employed part-time,"$50,000 to under $75,000",40,Yes,No,No,Borrowed the book from a friend or family member,No,Yes,1,0,0,Print-only,0
83,Male,White,Married,High school incomplete,Retired,"$50,000 to under $75,000",40,Yes,No,No,Borrowed the book from a friend or family member,Yes,Yes,1,0,0,Print-only,0
80,Female,White,Widowed,High school graduate,Retired,Refused,40,Yes,No,No,Purchased the book,Yes,Yes,1,0,0,Print-only,0
75,Female,White,Married,High school graduate,Retired,Refused,40,Yes,No,Yes,Borrowed the book from a library,Yes,No,1,0,1,Hybrid,1
74,Female,White,Married,"Some college, no 4-year degree",Employed part-time,"$30,000 to under $40,000",40,Yes,No,Yes,Got the book some other way,Yes,Yes,1,0,1,Hybrid,1
69,Male,White,Widowed,Post-graduate training/professional school after college,Retired,"$50,000 to under $75,000",40,Yes,Yes,Yes,Got the book some other way,Yes,Yes,1,1,1,Hybrid,1
69,Male,White,Married,College graduate,Retired,"$100,000 to under $150,000",40,Yes,Yes,Don’t know,Borrowed the book from a library,No,Yes,1,1,0,Hybrid,1
68,Male,White,Married,Post-graduate training/professional school after college,Retired,"$100,000 to under $150,000",40,No,Yes,No,Purchased the book,No,No,0,1,0,Digital/Audio-only,1
68,Female,White,Married,"Some college, no 4-year degree",Retired,"$40,000 to under $50,000",40,Yes,No,No,Borrowed the book from a friend or family member,Yes,No,1,0,0,Print-only,0
66,Male,White,Married,Post-graduate training/professional school after college,Retired,"$100,000 to under $150,000",40,Yes,No,Yes,Purchased the book,Yes,Yes,1,0,1,Hybrid,1
65,Male,White,Married,Post-graduate training/professional school after college,Employed part-time,Refused,40,Yes,No,No,Borrowed the book from a library,Yes,Yes,1,0,0,Print-only,0
63,Female,White,Married,High school graduate,Retired,"$30,000 to under $40,000",40,Yes,No,Yes,Borrowed the book from a library,No,No,1,0,1,Hybrid,1
63,Female,White,Widowed,"Some college, no 4-year degree",Employed full-time,"$50,000 to under $75,000",40,Yes,No,Yes,Purchased the book,Yes,No,1,0,1,Hybrid,1
63,Female,White,Married,"Some college, no 4-year degree",Employed full-time,"$50,000 to under $75,000",40,Yes,No,Yes,Borrowed the book from a friend or family member,Yes,Yes,1,0,1,Hybrid,1
63,Male,White,Married,"Some college, no 4-year degree",Employed full-time,"$100,000 to under $150,000",40,Yes,No,No,Purchased the book,No,No,1,0,0,Print-only,0
62,Male,White,Married,College graduate,Retired,"$75,000 to under $100,000",40,Yes,Yes,Yes,Purchased the book,Yes,Yes,1,1,1,Hybrid,1
60,Female,White,Married,Post-graduate training/professional school after college,Employed full-time,"$100,000 to under $150,000",40,Yes,Yes,Yes,Purchased the book,Yes,No,1,1,1,Hybrid,1
58,Female,White,Married,Post-graduate training/professional school after college,Retired,"$100,000 to under $150,000",40,Yes,No,No,Purchased the book,Yes,Yes,1,0,0,Print-only,0
57,Male,White,Single,High school graduate,Not employed for pay,"9$100,000 to under $150,000",40,No,No,No,Purchased the book,No,Yes,0,0,0,Non-reader,0
55,Female,White,Married,Post-graduate training/professional school after college,Employed full-time,"$50,000 to under $75,000",40,Yes,Yes,Yes,Borrowed the book from a library,Yes,Yes,1,1,1,Hybrid,1
54,Female,White,Married,"Some college, no 4-year degree",Not employed for pay,"$100,000 to under $150,000",40,Yes,Yes,Yes,Borrowed the book from a friend or family member,Yes,Yes,1,1,1,Hybrid,1
54,Male,White,Married,High school graduate,Employed full-time,"$100,000 to under $150,000",40,Yes,No,Yes,Borrowed the book from a friend or family member,No,Yes,1,0,1,Hybrid,1
54,Female,White,Married,"Some college, no 4-year degree",Employed part-time,"$75,000 to under $100,000",40,Yes,No,Yes,Purchased the book,Yes,Yes,1,0,1,Hybrid,1
54,Female,White,Married,College graduate,Employed full-time,"$100,000 to under $150,000",40,Yes,No,Yes,Borrowed the book from a friend or family member,Yes,Yes,1,0,1,Hybrid,1
53,Female,White,Married,College graduate,Employed full-time,"$100,000 to under $150,000",40,Yes,No,Yes,Got the book some other way,Yes,Yes,1,0,1,Hybrid,1
52,Female,White,Divorced,High school graduate,Not employed for pay,"Less than $10,000",40,No,No,No,Purchased the book,Yes,No,0,0,0,Non-reader,0
52,Male,White,Married,High school graduate,Employed full-time,Refused,40,Yes,No,Yes,Purchased the book,No,No,1,0,1,Hybrid,1
50,Male,White,Separated,"Some college, no 4-year degree",Employed full-time,"$75,000 to under $100,000",40,Yes,No,Yes,Borrowed the book from a library,Yes,Yes,1,0,1,Hybrid,1
49,Male,White,Married,"Some college, no 4-year degree",Employed full-time,"$75,000 to under $100,000",40,Yes,No,Yes,Purchased the book,Yes,No,1,0,1,Hybrid,1
47,Female,White,Married,"Some college, no 4-year degree",Employed full-time,"$30,000 to under $40,000",40,Yes,No,No,Got the book some other way,Yes,No,1,0,0,Print-only,0
46,Male,White,Living with a partner,College graduate,Employed full-time,"$100,000 to under $150,000",40,Yes,Yes,Yes,Purchased the book,Yes,Yes,1,1,1,Hybrid,1
45,Male,White,Married,"Some college, no 4-year degree",Employed full-time,"$50,000 to under $75,000",40,No,No,Yes,Purchased the book,Yes,No,0,0,1,Digital/Audio-only,1
42,Male,White,Married,Post-graduate training/professional school after college,Employed full-time,Refused,40,Yes,Yes,Yes,8,Yes,Yes,1,1,1,Hybrid,1
41,Male,White,Married,"Some college, no 4-year degree",Employed full-time,"$50,000 to under $75,000",40,Yes,No,No,Borrowed the book from a library,Yes,No,1,0,0,Print-only,0
39,Male,White,Married,College graduate,Employed full-time,"$100,000 to under $150,000",40,Yes,No,Yes,Got the book some other way,Yes,Yes,1,0,1,Hybrid,1
37,Male,White,Married,"Some college, no 4-year degree",Employed full-time,"$50,000 to under $75,000",40,Yes,No,Yes,Got the book some other way,No,Yes,1,0,1,Hybrid,1
35,Male,White,Married,College graduate,Not employed for pay,"$20,000 to under $30,000",40,Yes,No,Yes,Purchased the book,Yes,No,1,0,1,Hybrid,1
35,Male,White,Married,"Some college, no 4-year degree",Employed full-time,"$100,000 to under $150,000",40,Yes,No,Yes,Borrowed the book from a friend or family member,No,Yes,1,0,1,Hybrid,1
34,Female,White,Living with a partner,Post-graduate training/professional school after college,Employed full-time,"$75,000 to under $100,000",40,Yes,No,No,Got the book some other way,Yes,Yes,1,0,0,Print-only,0
33,Female,White,Married,College graduate,Not employed for pay,"$75,000 to under $100,000",40,Yes,No,Yes,Borrowed the book from a library,No,Yes,1,0,1,Hybrid,1
33,Female,White,Married,College graduate,Not employed for pay,Refused,40,Yes,No,Yes,Borrowed the book from a library,Yes,Yes,1,0,1,Hybrid,1
32,Male,White,Never been married,"Some college, no 4-year degree",Employed full-time,"$50,000 to under $75,000",40,Yes,Yes,Yes,Borrowed the book from a friend or family member,No,No,1,1,1,Hybrid,1
29,Male,White,Married,High school graduate,Employed full-time,"$50,000 to under $75,000",40,Yes,No,No,Got the book some other way,Yes,Yes,1,0,0,Print-only,0
23,Male,White,Never been married,Post-graduate training/professional school after college,Employed full-time,"$50,000 to under $75,000",40,Yes,No,Yes,Purchased the book,No,Yes,1,0,1,Hybrid,1
22,Male,White,Never been married,"Some college, no 4-year degree",Employed full-time,"$75,000 to under $100,000",40,Yes,No,No,Got the book some other way,Yes,Yes,1,0,0,Print-only,0
20,Male,White,Never been married,"Some college, no 4-year degree",Employed part-time,"$10,000 to under $20,000",40,Yes,No,No,Borrowed the book from a friend or family member,Yes,Yes,1,0,0,Print-only,0
19,Female,White,Never been married,"Some college, no 4-year degree",Employed part-time,"$50,000 to under $75,000",40,Yes,No,No,Purchased the book,Yes,No,1,0,0,Print-only,0
16,Female,White,Never been married,High school incomplete,Not employed for pay,"$75,000 to under $100,000",40,Yes,Yes,No,Purchased the book,Yes,No,1,1,0,Hybrid,1
16,Male,White,Never been married,High school incomplete,Employed part-time,"$40,000 to under $50,000",40,Yes,No,Yes,Purchased the book,No,Yes,1,0,1,Hybrid,1
22,Male,Mixed race,Living with a partner,High school graduate,Employed part-time,"$40,000 to under $50,000",38,Yes,Yes,Yes,Purchased the book,Yes,Yes,1,1,1,Hybrid,1
62,Female,White,Married,College graduate,Other,"$50,000 to under $75,000",37,Yes,Yes,Yes,Purchased the book,No,No,1,1,1,Hybrid,1
20,Female,Black or African-American,Never been married,High school incomplete,Not employed for pay,"$10,000 to under $20,000",36,Yes,No,No,Got the book some other way,No,No,1,0,0,Print-only,0
86,Female,White,Married,High school graduate,Retired,"9$100,000 to under $150,000",36,Yes,No,No,Borrowed the book from a library,Yes,Yes,1,0,0,Print-only,0
82,Female,White,Married,College graduate,Employed part-time,Refused,36,Yes,No,No,Borrowed the book from a friend or family member,Yes,Yes,1,0,0,Print-only,0
77,Female,White,Widowed,"Some college, no 4-year degree",Retired,"$30,000 to under $40,000",36,Yes,No,No,Borrowed the book from a library,Yes,Yes,1,0,0,Print-only,0
72,Female,White,Widowed,"Some college, no 4-year degree",Retired,"$50,000 to under $75,000",36,Yes,No,No,Purchased the book,Yes,Yes,1,0,0,Print-only,0
70,Male,White,Don’t know,Post-graduate training/professional school after college,Retired,Refused,36,Yes,No,No,Borrowed the book from a library,No,No,1,0,0,Print-only,0
64,Female,White,Married,"Some college, no 4-year degree",Employed full-time,"$75,000 to under $100,000",36,Yes,No,No,Borrowed the book from a friend or family member,No,No,1,0,0,Print-only,0
57,Female,White,Divorced,College graduate,Employed part-time,Refused,36,Yes,No,No,Purchased the book,Yes,Yes,1,0,0,Print-only,0
55,Female,White,Married,"Some college, no 4-year degree",Disabled,"$10,000 to under $20,000",36,Yes,No,Yes,Purchased the book,No,Yes,1,0,1,Hybrid,1
52,Male,White,Divorced,Post-graduate training/professional school after college,Retired,"$20,000 to under $30,000",36,Yes,No,No,Borrowed the book from a library,Yes,Yes,1,0,0,Print-only,0
42,Female,White,Married,Post-graduate training/professional school after college,Employed full-time,"$100,000 to under $150,000",36,No,No,Yes,Purchased the book,Yes,No,0,0,1,Digital/Audio-only,1
36,Female,White,Never been married,College graduate,Not employed for pay,"$50,000 to under $75,000",36,Yes,Yes,Yes,Purchased the book,Yes,Yes,1,1,1,Hybrid,1
36,Female,White,Married,College graduate,Not employed for pay,"$100,000 to under $150,000",36,Yes,Yes,Yes,Got the book some other way,Yes,Yes,1,1,1,Hybrid,1
30,Male,White,Married,"Some college, no 4-year degree",Employed full-time,"$50,000 to under $75,000",36,Yes,No,No,Purchased the book,No,No,1,0,0,Print-only,0
29,Female,White,Never been married,Post-graduate training/professional school after college,Not employed for pay,"$30,000 to under $40,000",36,Yes,Yes,No,Borrowed the book from a friend or family member,Yes,No,1,1,0,Hybrid,1
17,Female,White,Never been married,High school incomplete,Not employed for pay,"$50,000 to under $75,000",36,Yes,No,No,Purchased the book,Yes,Yes,1,0,0,Print-only,0
74,Female,Refused,Widowed,Post-graduate training/professional school after college,Employed full-time,"$100,000 to under $150,000",35,Yes,Yes,Yes,Purchased the book,Yes,Yes,1,1,1,Hybrid,1
22,Male,Black or African-American,Never been married,"Some college, no 4-year degree",Employed part-time,"Less than $10,000",35,Yes,No,No,Purchased the book,Yes,Yes,1,0,0,Print-only,0
79,Male,White,Widowed,High school graduate,Retired,"$10,000 to under $20,000",35,Yes,No,No,Borrowed the book from a friend or family member,No,Yes,1,0,0,Print-only,0
72,Female,White,Widowed,Post-graduate training/professional school after college,Employed part-time,"$75,000 to under $100,000",35,Yes,Yes,No,Borrowed the book from a library,Yes,Yes,1,1,0,Hybrid,1
71,Female,White,Divorced,Post-graduate training/professional school after college,Employed part-time,"$50,000 to under $75,000",35,Yes,No,No,Borrowed the book from a friend or family member,No,Yes,1,0,0,Print-only,0
65,Female,White,Married,High school graduate,Retired,"$20,000 to under $30,000",35,No,No,Yes,Purchased the book,No,No,0,0,1,Digital/Audio-only,1
62,Female,White,Married,College graduate,Retired,"$30,000 to under $40,000",35,Yes,No,No,Purchased the book,No,Yes,1,0,0,Print-only,0
58,Female,White,Married,College graduate,Employed full-time,"$100,000 to under $150,000",35,Yes,No,Yes,Purchased the book,Yes,Yes,1,0,1,Hybrid,1
51,Female,White,Divorced,College graduate,Employed full-time,"$20,000 to under $30,000",35,Yes,No,No,Borrowed the book from a friend or family member,Yes,Yes,1,0,0,Print-only,0
51,Male,White,Married,College graduate,Employed full-time,"$50,000 to under $75,000",35,Yes,No,Yes,Borrowed the book from a library,Yes,Yes,1,0,1,Hybrid,1
43,Female,White,Married,"Some college, no 4-year degree",Employed full-time,"$75,000 to under $100,000",35,Yes,Yes,Yes,Purchased the book,Yes,Yes,1,1,1,Hybrid,1
42,Female,White,Married,College graduate,Employed full-time,"$100,000 to under $150,000",35,Yes,No,Yes,Borrowed the book from a friend or family member,Yes,No,1,0,1,Hybrid,1
39,Female,White,Married,Post-graduate training/professional school after college,Not employed for pay,"$40,000 to under $50,000",35,Yes,No,Yes,Got the book some other way,Yes,Yes,1,0,1,Hybrid,1
33,Male,White,Married,Post-graduate training/professional school after college,Employed full-time,"$75,000 to under $100,000",35,Yes,Yes,No,Purchased the book,Yes,Yes,1,1,0,Hybrid,1
24,Male,White,Never been married,Post-graduate training/professional school after college,Employed full-time,"$20,000 to under $30,000",35,Yes,No,No,Borrowed the book from a friend or family member,No,No,1,0,0,Print-only,0
57,Female,White,Divorced,"Some college, no 4-year degree",Disabled,"$100,000 to under $150,000",32,Yes,No,No,Borrowed the book from a friend or family member,Yes,Yes,1,0,0,Print-only,0
39,Female,White,Married,Post-graduate training/professional school after college,Employed full-time,"$100,000 to under $150,000",32,Yes,No,No,Purchased the book,Yes,Yes,1,0,0,Print-only,0
28,Female,White,Married,"Some college, no 4-year degree",Employed part-time,"$10,000 to under $20,000",32,Yes,No,No,Purchased the book,No,No,1,0,0,Print-only,0
55,Male,Refused,Married,"Some college, no 4-year degree",Employed full-time,"$50,000 to under $75,000",30,No,Yes,No,Purchased the book,No,No,0,1,0,Digital/Audio-only,1
52,Male,Refused,Married,Not specified,Employed part-time,"$50,000 to under $75,000",30,Yes,No,No,Borrowed the book from a library,Yes,No,1,0,0,Print-only,0
49,Male,Refused,Married,"Some college, no 4-year degree",Employed full-time,"$100,000 to under $150,000",30,Yes,No,Yes,Purchased the book,No,Yes,1,0,1,Hybrid,1
36,Female,Other,Never been married,Post-graduate training/professional school after college,Employed full-time,"$75,000 to under $100,000",30,Yes,Yes,Yes,Purchased the book,No,No,1,1,1,Hybrid,1
25,Female,Other,Never been married,"Some college, no 4-year degree",Employed full-time,"$100,000 to under $150,000",30,Yes,No,Yes,Purchased the book,Yes,Yes,1,0,1,Hybrid,1
20,Male,Other,Never been married,College graduate,Student,"$20,000 to under $30,000",30,Yes,No,Yes,Purchased the book,No,No,1,0,1,Hybrid,1
18,Female,Native American/American Indian,Never been married,High school graduate,Not employed for pay,"$50,000 to under $75,000",30,Yes,No,No,Purchased the book,Yes,No,1,0,0,Print-only,0
72,Male,Mixed race,Divorced,"Some college, no 4-year degree",Retired,"$20,000 to under $30,000",30,Yes,No,No,Purchased the book,Yes,No,1,0,0,Print-only,0
54,Male,Mixed race,Married,"Some college, no 4-year degree",Employed full-time,"$100,000 to under $150,000",30,Yes,Yes,Yes,Purchased the book,No,Yes,1,1,1,Hybrid,1
16,Female,Mixed race,Never been married,High school incomplete,Not employed for pay,"$40,000 to under $50,000",30,Don’t know,Yes,No,Borrowed the book from a library,Yes,Yes,0,1,0,Digital/Audio-only,1
50,Female,Asian or Pacific Islander,Married,"Some college, no 4-year degree",Not employed for pay,"$100,000 to under $150,000",30,Yes,No,No,Purchased the book,Yes,Yes,1,0,0,Print-only,0
35,Male,Asian or Pacific Islander,Never been married,College graduate,Employed full-time,"Less than $10,000",30,Yes,Yes,Don’t know,Got the book some other way,Yes,Yes,1,1,0,Hybrid,1
63,Female,Black or African-American,Widowed,Post-graduate training/professional school after college,Retired,"$50,000 to under $75,000",30,Yes,Yes,Yes,Purchased the book,Yes,Yes,1,1,1,Hybrid,1
57,Female,Black or African-American,Never been married,High school graduate,Employed full-time,"$10,000 to under $20,000",30,Yes,No,No,Borrowed the book from a friend or family member,Yes,Yes,1,0,0,Print-only,0
56,Female,Black or African-American,Divorced,Post-graduate training/professional school after college,Employed full-time,"$75,000 to under $100,000",30,Yes,No,Yes,Purchased the book,Yes,Yes,1,0,1,Hybrid,1
52,Female,Black or African-American,Never been married,College graduate,Not employed for pay,"$40,000 to under $50,000",30,Yes,No,No,Borrowed the book from a library,No,Yes,1,0,0,Print-only,0
42,Female,Black or African-American,Never been married,Post-graduate training/professional school after college,Employed full-time,"$100,000 to under $150,000",30,Yes,No,Yes,Purchased the book,Yes,Yes,1,0,1,Hybrid,1
29,Male,Black or African-American,Never been married,College graduate,Employed full-time,"$40,000 to under $50,000",30,Yes,No,Yes,Purchased the book,No,No,1,0,1,Hybrid,1
29,Male,Black or African-American,Never been married,College graduate,Employed part-time,"$20,000 to under $30,000",30,Yes,Yes,No,Purchased the book,Yes,Yes,1,1,0,Hybrid,1
25,Male,Black or African-American,Never been married,High school graduate,Not employed for pay,"Less than $10,000",30,Yes,Don’t know,Yes,Borrowed the book from a friend or family member,Yes,Yes,1,0,1,Hybrid,1
23,Male,Black or African-American,Living with a partner,"Some college, no 4-year degree",Not employed for pay,"$20,000 to under $30,000",30,Yes,No,No,Got the book some other way,Yes,No,1,0,0,Print-only,0
22,Male,Black or African-American,Never been married,High school graduate,Employed part-time,"$50,000 to under $75,000",30,Yes,No,Yes,Got the book some other way,No,No,1,0,1,Hybrid,1
20,Female,Black or African-American,Never been married,"Some college, no 4-year degree",Not employed for pay,"$20,000 to under $30,000",30,Yes,Yes,No,Borrowed the book from a library,Yes,No,1,1,0,Hybrid,1
20,Male,Black or African-American,Never been married,High school graduate,Employed part-time,"$20,000 to under $30,000",30,Yes,No,Yes,Purchased the book,Yes,Yes,1,0,1,Hybrid,1
16,Female,Black or African-American,Never been married,High school incomplete,Student,"9$100,000 to under $150,000",30,Yes,No,No,Borrowed the book from a friend or family member,No,Yes,1,0,0,Print-only,0
16,Male,Black or African-American,Don’t know,High school incomplete,Not employed for pay,Refused,30,No,No,No,Got the book some other way,Yes,No,0,0,0,Non-reader,0
16,Male,Black or African-American,Never been married,High school incomplete,Employed part-time,"$75,000 to under $100,000",30,Yes,No,No,Borrowed the book from a library,Yes,No,1,0,0,Print-only,0
82,Male,White,Married,College graduate,Retired,"$75,000 to under $100,000",30,Yes,No,Yes,Borrowed the book from a friend or family member,Yes,Yes,1,0,1,Hybrid,1
77,Female,White,Married,High school graduate,Retired,"$10,000 to under $20,000",30,Yes,No,Yes,Borrowed the book from a friend or family member,Yes,Yes,1,0,1,Hybrid,1
74,Female,White,Married,"Some college, no 4-year degree",Retired,Refused,30,Yes,No,No,Purchased the book,Yes,Yes,1,0,0,Print-only,0
72,Female,White,Widowed,"Technical, trade or vocational school AFTER high school",Retired,"$20,000 to under $30,000",30,Yes,No,No,Borrowed the book from a friend or family member,Yes,No,1,0,0,Print-only,0
71,Male,White,Married,College graduate,Retired,"$50,000 to under $75,000",30,Yes,No,Yes,Purchased the book,Yes,Yes,1,0,1,Hybrid,1
71,Female,White,Married,"Some college, no 4-year degree",Disabled,"$10,000 to under $20,000",30,Yes,No,No,Purchased the book,Yes,No,1,0,0,Print-only,0
71,Female,White,Widowed,"Some college, no 4-year degree",Retired,"$20,000 to under $30,000",30,Yes,Yes,No,Borrowed the book from a library,Yes,Yes,1,1,0,Hybrid,1
70,Female,White,Married,"Some college, no 4-year degree",Employed full-time,"$30,000 to under $40,000",30,Yes,No,No,Borrowed the book from a library,Yes,Yes,1,0,0,Print-only,0
67,Female,White,Married,High school incomplete,Retired,"$30,000 to under $40,000",30,Yes,No,No,Purchased the book,No,Yes,1,0,0,Print-only,0
67,Female,White,Married,College graduate,Retired,"$75,000 to under $100,000",30,Yes,No,No,Purchased the book,Yes,Yes,1,0,0,Print-only,0
66,Female,White,Married,"Some college, no 4-year degree",Retired,"$75,000 to under $100,000",30,Yes,Yes,Yes,Purchased the book,No,Yes,1,1,1,Hybrid,1
65,Male,White,Married,Post-graduate training/professional school after college,Retired,Refused,30,Yes,No,Yes,Borrowed the book from a library,Yes,Yes,1,0,1,Hybrid,1
65,Female,White,Married,High school graduate,Retired,"$40,000 to under $50,000",30,Yes,No,Yes,Purchased the book,Yes,Yes,1,0,1,Hybrid,1
63,Male,White,Divorced,Post-graduate training/professional school after college,Retired,"$75,000 to under $100,000",30,Yes,Yes,No,Borrowed the book from a friend or family member,Yes,Yes,1,1,0,Hybrid,1
62,Female,White,Divorced,Post-graduate training/professional school after college,Retired,"$50,000 to under $75,000",30,Yes,No,No,Purchased the book,No,Yes,1,0,0,Print-only,0
62,Male,White,Married,College graduate,Employed full-time,"$20,000 to under $30,000",30,Yes,No,No,Purchased the book,No,Yes,1,0,0,Print-only,0
61,Female,White,Married,Post-graduate training/professional school after college,Retired,"$50,000 to under $75,000",30,Yes,No,Yes,Purchased the book,Yes,Yes,1,0,1,Hybrid,1
60,Male,White,Married,High school graduate,Retired,"$50,000 to under $75,000",30,Yes,No,Yes,Purchased the book,Yes,No,1,0,1,Hybrid,1
60,Female,White,Married,Post-graduate training/professional school after college,Employed part-time,"$100,000 to under $150,000",30,Yes,No,No,Borrowed the book from a friend or family member,Yes,Yes,1,0,0,Print-only,0
59,Male,White,Married,College graduate,Retired,"$100,000 to under $150,000",30,Yes,No,No,Purchased the book,Yes,Yes,1,0,0,Print-only,0
58,Male,White,Married,Post-graduate training/professional school after college,Employed full-time,"$100,000 to under $150,000",30,Yes,No,Yes,Purchased the book,Yes,No,1,0,1,Hybrid,1
57,Male,White,Married,Post-graduate training/professional school after college,Retired,"$100,000 to under $150,000",30,Yes,No,No,Purchased the book,No,Yes,1,0,0,Print-only,0
57,Female,White,Married,College graduate,Employed full-time,"$75,000 to under $100,000",30,Yes,Yes,Yes,Purchased the book,Yes,Yes,1,1,1,Hybrid,1
57,Male,White,Married,Post-graduate training/professional school after college,Employed full-time,"$100,000 to under $150,000",30,Yes,No,No,Purchased the book,Yes,Yes,1,0,0,Print-only,0
56,Female,White,Married,Post-graduate training/professional school after college,Employed full-time,"$100,000 to under $150,000",30,Yes,Yes,Yes,Borrowed the book from a library,Yes,Yes,1,1,1,Hybrid,1
55,Female,White,Married,Post-graduate training/professional school after college,Employed full-time,"$100,000 to under $150,000",30,Yes,Yes,Yes,Purchased the book,Yes,Yes,1,1,1,Hybrid,1
55,Male,White,Divorced,"Some college, no 4-year degree",Retired,"$50,000 to under $75,000",30,Yes,Yes,Yes,Purchased the book,No,No,1,1,1,Hybrid,1
54,Female,White,Married,College graduate,Employed full-time,"$100,000 to under $150,000",30,Yes,No,Yes,Purchased the book,Yes,Yes,1,0,1,Hybrid,1
54,Female,White,Married,Post-graduate training/professional school after college,Retired,"$100,000 to under $150,000",30,Yes,No,No,Purchased the book,Yes,Yes,1,0,0,Print-only,0
54,Female,White,Separated,Not specified,Disabled,"Less than $10,000",30,No,No,No,Purchased the book,Yes,No,0,0,0,Non-reader,0
54,Male,White,Married,Post-graduate training/professional school after college,Employed full-time,"$100,000 to under $150,000",30,Yes,No,No,Purchased the book,No,Yes,1,0,0,Print-only,0
53,Female,White,Divorced,"Technical, trade or vocational school AFTER high school",Disabled,"Less than $10,000",30,Yes,No,No,Borrowed the book from a friend or family member,No,No,1,0,0,Print-only,0
52,Female,White,Divorced,Post-graduate training/professional school after college,Employed full-time,"$100,000 to under $150,000",30,Yes,No,Yes,Got the book some other way,No,No,1,0,1,Hybrid,1
51,Female,White,Married,High school graduate,Employed full-time,"$75,000 to under $100,000",30,Yes,No,Yes,Purchased the book,No,No,1,0,1,Hybrid,1
51,Female,White,Separated,College graduate,Employed full-time,"$100,000 to under $150,000",30,Yes,No,Yes,Got the book some other way,No,Yes,1,0,1,Hybrid,1
51,Female,White,Married,"Some college, no 4-year degree",Employed full-time,"$40,000 to under $50,000",30,Yes,No,Yes,Purchased the book,No,No,1,0,1,Hybrid,1
51,Male,White,Married,College graduate,Employed part-time,"$100,000 to under $150,000",30,Yes,Yes,No,Borrowed the book from a library,Yes,Yes,1,1,0,Hybrid,1
50,Female,White,Never been married,College graduate,Employed full-time,"$40,000 to under $50,000",30,Yes,No,No,Borrowed the book from a library,Yes,No,1,0,0,Print-only,0
50,Male,White,Never been married,Post-graduate training/professional school after college,Not employed for pay,"9$100,000 to under $150,000",30,Yes,Yes,Yes,Purchased the book,No,No,1,1,1,Hybrid,1
50,Male,White,Married,College graduate,Employed full-time,"$20,000 to under $30,000",30,Yes,No,No,Purchased the book,No,Yes,1,0,0,Print-only,0
50,Male,White,Married,Post-graduate training/professional school after college,Employed full-time,"$75,000 to under $100,000",30,Yes,No,Yes,Borrowed the book from a library,Yes,Yes,1,0,1,Hybrid,1
49,Male,White,Never been married,"Technical, trade or vocational school AFTER high school",Employed part-time,"$10,000 to under $20,000",30,Yes,No,Yes,Purchased the book,No,Yes,1,0,1,Hybrid,1
49,Male,White,Widowed,"Some college, no 4-year degree",Employed full-time,"$100,000 to under $150,000",30,Yes,No,No,Purchased the book,Yes,Yes,1,0,0,Print-only,0
46,Male,White,Married,Post-graduate training/professional school after college,Employed full-time,"$100,000 to under $150,000",30,Yes,No,Yes,Purchased the book,Yes,No,1,0,1,Hybrid,1
44,Female,White,Married,High school graduate,Have own business/self-employed,"$75,000 to under $100,000",30,Yes,Yes,Yes,Purchased the book,Yes,No,1,1,1,Hybrid,1
44,Male,White,Married,"Some college, no 4-year degree",Employed full-time,"$100,000 to under $150,000",30,Yes,No,No,Purchased the book,Yes,Yes,1,0,0,Print-only,0
42,Female,White,Married,Post-graduate training/professional school after college,Employed part-time,"$100,000 to under $150,000",30,Yes,No,No,Purchased the book,Yes,No,1,0,0,Print-only,0
42,Female,White,Divorced,Post-graduate training/professional school after college,Employed full-time,"$75,000 to under $100,000",30,Yes,No,No,Got the book some other way,Yes,No,1,0,0,Print-only,0
41,Male,White,Divorced,"Some college, no 4-year degree",Employed full-time,"$40,000 to under $50,000",30,Yes,No,No,Borrowed the book from a friend or family member,No,No,1,0,0,Print-only,0
40,Male,White,Divorced,"Some college, no 4-year degree",Retired,"$20,000 to under $30,000",30,Yes,No,Yes,Got the book some other way,Yes,No,1,0,1,Hybrid,1
40,Female,White,Married,College graduate,Employed full-time,Refused,30,Yes,No,Yes,Purchased the book,Yes,No,1,0,1,Hybrid,1
39,Female,White,Divorced,College graduate,Not employed for pay,"$100,000 to under $150,000",30,Yes,No,No,Borrowed the book from a library,Yes,No,1,0,0,Print-only,0
39,Female,White,Never been married,College graduate,Not employed for pay,"$30,000 to under $40,000",30,Yes,No,Yes,Purchased the book,Yes,Yes,1,0,1,Hybrid,1
38,Female,White,Married,High school graduate,Employed full-time,Refused,30,Yes,No,No,Purchased the book,No,No,1,0,0,Print-only,0
37,Female,White,Married,College graduate,Employed full-time,Refused,30,Yes,No,Yes,Purchased the book,No,Yes,1,0,1,Hybrid,1
36,Female,White,Married,College graduate,Employed part-time,"$50,000 to under $75,000",30,Yes,No,Yes,Borrowed the book from a friend or family member,Yes,Yes,1,0,1,Hybrid,1
34,Male,White,Married,College graduate,Employed full-time,"$100,000 to under $150,000",30,Yes,No,Yes,Purchased the book,Yes,Yes,1,0,1,Hybrid,1
33,Male,White,Living with a partner,"Some college, no 4-year degree",Employed full-time,"$20,000 to under $30,000",30,Yes,No,No,Purchased the book,No,No,1,0,0,Print-only,0
33,Male,White,Never been married,"Some college, no 4-year degree",Employed part-time,"$30,000 to under $40,000",30,Yes,No,No,Got the book some other way,No,Yes,1,0,0,Print-only,0
32,Male,White,Married,Post-graduate training/professional school after college,Employed full-time,"$100,000 to under $150,000",30,Yes,Yes,Yes,Purchased the book,Yes,Yes,1,1,1,Hybrid,1
31,Female,White,Married,High school graduate,Employed part-time,"9$100,000 to under $150,000",30,Yes,No,Yes,Borrowed the book from a library,No,No,1,0,1,Hybrid,1
29,Female,White,Married,College graduate,Not employed for pay,"$20,000 to under $30,000",30,Yes,No,Yes,Purchased the book,No,No,1,0,1,Hybrid,1
29,Male,White,Never been married,Post-graduate training/professional school after college,Employed full-time,"$100,000 to under $150,000",30,Yes,No,Yes,Purchased the book,Yes,Yes,1,0,1,Hybrid,1
29,Female,White,Married,Post-graduate training/professional school after college,Employed full-time,"$100,000 to under $150,000",30,Yes,No,Yes,Purchased the book,Yes,Yes,1,0,1,Hybrid,1
28,Male,White,Never been married,"Some college, no 4-year degree",Not employed for pay,"$10,000 to under $20,000",30,Yes,No,No,Purchased the book,Yes,No,1,0,0,Print-only,0
27,Male,White,Married,College graduate,Employed full-time,"$20,000 to under $30,000",30,Yes,No,No,Purchased the book,No,Yes,1,0,0,Print-only,0
23,Female,White,Never been married,High school graduate,Employed full-time,"$75,000 to under $100,000",30,Yes,Yes,Yes,Purchased the book,Yes,No,1,1,1,Hybrid,1
23,Female,White,Never been married,"Some college, no 4-year degree",Not employed for pay,"$75,000 to under $100,000",30,Yes,No,Yes,Purchased the book,Yes,No,1,0,1,Hybrid,1
22,Female,White,Never been married,Post-graduate training/professional school after college,Employed full-time,"$100,000 to under $150,000",30,Yes,No,Yes,Borrowed the book from a library,Yes,Yes,1,0,1,Hybrid,1
22,Male,White,Never been married,"Some college, no 4-year degree",Not employed for pay,"$75,000 to under $100,000",30,Yes,No,Yes,Purchased the book,No,No,1,0,1,Hybrid,1
22,Male,White,Never been married,"Some college, no 4-year degree",Employed part-time,"$100,000 to under $150,000",30,Yes,No,Yes,Purchased the book,No,No,1,0,1,Hybrid,1
22,Female,White,Married,High school graduate,Employed full-time,"$30,000 to under $40,000",30,No,No,No,Borrowed the book from a friend or family member,Yes,Yes,0,0,0,Non-reader,0
21,Male,White,Never been married,"Some college, no 4-year degree",Employed part-time,"$50,000 to under $75,000",30,Yes,No,No,Purchased the book,No,Yes,1,0,0,Print-only,0
20,Male,White,Never been married,"Some college, no 4-year degree",Employed part-time,"$40,000 to under $50,000",30,Yes,No,No,Borrowed the book from a library,No,No,1,0,0,Print-only,0
20,Female,White,Married,"Some college, no 4-year degree",Employed part-time,"$20,000 to under $30,000",30,Yes,No,No,Borrowed the book from a friend or family member,No,No,1,0,0,Print-only,0
19,Male,White,Single,High school graduate,Employed full-time,"$40,000 to under $50,000",30,Yes,No,Yes,Borrowed the book from a library,No,Yes,1,0,1,Hybrid,1
19,Male,White,Never been married,High school graduate,Not employed for pay,"$50,000 to under $75,000",30,Yes,No,Yes,Purchased the book,Yes,Yes,1,0,1,Hybrid,1
18,Male,White,Never been married,High school graduate,Not employed for pay,"9$100,000 to under $150,000",30,Yes,No,No,Borrowed the book from a library,No,Yes,1,0,0,Print-only,0
18,Female,White,Never been married,High school graduate,Employed part-time,"9$100,000 to under $150,000",30,Yes,No,No,Purchased the book,Yes,No,1,0,0,Print-only,0
17,Female,White,Never been married,High school incomplete,Not employed for pay,"9$100,000 to under $150,000",30,Yes,No,No,Purchased the book,No,No,1,0,0,Print-only,0
16,Female,White,Never been married,High school incomplete,Not employed for pay,"$40,000 to under $50,000",30,Yes,No,No,Purchased the book,Yes,Yes,1,0,0,Print-only,0
16,Female,White,Never been married,Not specified,Not employed for pay,Refused,30,Yes,Yes,No,Borrowed the book from a library,No,Yes,1,1,0,Hybrid,1
74,Male,White,Married,Post-graduate training/professional school after college,Employed part-time,"$50,000 to under $75,000",26,Yes,Yes,Yes,Purchased the book,Yes,Yes,1,1,1,Hybrid,1
67,Female,White,Married,"Some college, no 4-year degree",Have own business/self-employed,"$100,000 to under $150,000",26,Yes,No,No,Purchased the book,No,Yes,1,0,0,Print-only,0
49,Male,Refused,Living with a partner,Post-graduate training/professional school after college,Employed full-time,"$75,000 to under $100,000",25,Yes,Yes,No,Purchased the book,Yes,Yes,1,1,0,Hybrid,1
29,Male,Other,Living with a partner,High school graduate,Not employed for pay,"$20,000 to under $30,000",25,Yes,No,Yes,Borrowed the book from a library,No,No,1,0,1,Hybrid,1
26,Female,Other,Never been married,College graduate,Not employed for pay,"$20,000 to under $30,000",25,Yes,No,No,Purchased the book,No,No,1,0,0,Print-only,0
51,Male,Native American/American Indian,Divorced,"Some college, no 4-year degree",Employed full-time,"$75,000 to under $100,000",25,Yes,No,No,Got the book some other way,Yes,Yes,1,0,0,Print-only,0
42,Male,Native American/American Indian,Married,High school incomplete,Disabled,"Less than $10,000",25,Yes,Yes,Yes,Borrowed the book from a library,No,Yes,1,1,1,Hybrid,1
31,Female,Native American/American Indian,Never been married,"Some college, no 4-year degree",Employed full-time,"$30,000 to under $40,000",25,Yes,No,Yes,Purchased the book,Yes,Yes,1,0,1,Hybrid,1
51,Female,Mixed race,Married,"Some college, no 4-year degree",Not employed for pay,Refused,25,Yes,No,No,Got the book some other way,Yes,No,1,0,0,Print-only,0
55,Male,Black or African-American,Divorced,Post-graduate training/professional school after college,Employed full-time,"$100,000 to under $150,000",25,Yes,No,No,Got the book some other way,No,No,1,0,0,Print-only,0
49,Female,Black or African-American,Never been married,High school incomplete,Not employed for pay,"9$100,000 to under $150,000",25,Yes,No,No,Borrowed the book from a library,No,Yes,1,0,0,Print-only,0
17,Female,Black or African-American,Never been married,High school graduate,Employed part-time,"$20,000 to under $30,000",25,Yes,No,No,Borrowed the book from a library,No,Yes,1,0,0,Print-only,0
85,Female,White,Divorced,College graduate,Retired,Refused,25,Yes,No,No,Purchased the book,Yes,Yes,1,0,0,Print-only,0
83,Male,White,Married,College graduate,Retired,Refused,25,Yes,No,No,Purchased the book,Yes,Yes,1,0,0,Print-only,0
83,Female,White,Widowed,"Some college, no 4-year degree",Retired,"$20,000 to under $30,000",25,Yes,No,No,Purchased the book,Yes,No,1,0,0,Print-only,0
83,Female,White,Widowed,"Technical, trade or vocational school AFTER high school",Retired,Refused,25,Yes,No,No,Got the book some other way,Yes,Yes,1,0,0,Print-only,0
82,Male,White,Married,Post-graduate training/professional school after college,Retired,"$50,000 to under $75,000",25,Yes,No,No,Purchased the book,Yes,Yes,1,0,0,Print-only,0
82,Male,White,Married,Post-graduate training/professional school after college,Retired,Refused,25,Yes,No,Yes,Borrowed the book from a library,Yes,Yes,1,0,1,Hybrid,1
79,Female,White,Widowed,High school graduate,Retired,"$30,000 to under $40,000",25,Yes,Yes,No,Borrowed the book from a friend or family member,Yes,Yes,1,1,0,Hybrid,1
78,Male,White,Married,Post-graduate training/professional school after college,Retired,"$50,000 to under $75,000",25,Yes,Yes,No,Purchased the book,Yes,No,1,1,0,Hybrid,1
76,Female,White,Living with a partner,College graduate,Retired,"$20,000 to under $30,000",25,Yes,Yes,No,Purchased the book,Yes,Yes,1,1,0,Hybrid,1
75,Female,White,Widowed,College graduate,Retired,"$30,000 to under $40,000",25,Yes,Yes,No,Purchased the book,Yes,Yes,1,1,0,Hybrid,1
75,Female,White,Married,College graduate,Retired,Refused,25,Yes,Yes,Yes,Purchased the book,Yes,Yes,1,1,1,Hybrid,1
74,Male,White,Married,Post-graduate training/professional school after college,Not employed for pay,"$100,000 to under $150,000",25,Yes,No,Yes,Purchased the book,Yes,Yes,1,0,1,Hybrid,1
74,Female,White,Widowed,"Technical, trade or vocational school AFTER high school",Retired,"$50,000 to under $75,000",25,Yes,Yes,Yes,Purchased the book,Yes,No,1,1,1,Hybrid,1
72,Male,White,Married,High school graduate,Retired,"$50,000 to under $75,000",25,Yes,No,No,Purchased the book,Yes,No,1,0,0,Print-only,0
72,Female,White,Married,Post-graduate training/professional school after college,Employed full-time,"$40,000 to under $50,000",25,Yes,No,No,Purchased the book,No,Yes,1,0,0,Print-only,0
69,Female,White,Married,"Some college, no 4-year degree",Employed part-time,"$50,000 to under $75,000",25,Yes,Yes,No,Borrowed the book from a friend or family member,No,No,1,1,0,Hybrid,1
68,Female,White,Married,High school incomplete,Not employed for pay,Refused,25,Yes,No,No,Purchased the book,Yes,Yes,1,0,0,Print-only,0
67,Male,White,Married,College graduate,Employed full-time,"$100,000 to under $150,000",25,No,Yes,Yes,Purchased the book,Yes,Yes,0,1,1,Digital/Audio-only,1
66,Female,White,Married,"Some college, no 4-year degree",Retired,Refused,25,Yes,No,No,Got the book some other way,Yes,No,1,0,0,Print-only,0
66,Male,White,Married,College graduate,Employed part-time,"$75,000 to under $100,000",25,Yes,No,No,Purchased the book,Yes,No,1,0,0,Print-only,0
65,Female,White,Divorced,High school graduate,Employed part-time,"$10,000 to under $20,000",25,Yes,No,No,Purchased the book,Yes,Yes,1,0,0,Print-only,0
63,Female,White,Living with a partner,High school graduate,Retired,"$75,000 to under $100,000",25,Yes,No,Yes,Borrowed the book from a library,Yes,No,1,0,1,Hybrid,1
63,Male,White,Married,Post-graduate training/professional school after college,Retired,"$100,000 to under $150,000",25,Yes,No,No,Purchased the book,Yes,Yes,1,0,0,Print-only,0
63,Female,White,Married,Post-graduate training/professional school after college,Employed part-time,"$50,000 to under $75,000",25,Yes,No,No,Borrowed the book from a friend or family member,Yes,Yes,1,0,0,Print-only,0
62,Female,White,Don’t know,High school graduate,Retired,Refused,25,Yes,No,No,Purchased the book,Yes,No,1,0,0,Print-only,0
60,Male,White,Married,College graduate,Retired,"$75,000 to under $100,000",25,Yes,No,Yes,Purchased the book,Yes,No,1,0,1,Hybrid,1
58,Female,White,Married,Post-graduate training/professional school after college,Retired,Refused,25,Yes,No,No,Got the book some other way,Yes,No,1,0,0,Print-only,0
58,Female,White,Divorced,Post-graduate training/professional school after college,Employed full-time,"$50,000 to under $75,000",25,Yes,No,Yes,Got the book some other way,Yes,Yes,1,0,1,Hybrid,1
57,Female,White,Married,"Some college, no 4-year degree",Employed full-time,Refused,25,Yes,No,Yes,Purchased the book,Yes,Yes,1,0,1,Hybrid,1
56,Male,White,Married,"Some college, no 4-year degree",Retired,"$75,000 to under $100,000",25,Yes,Yes,Yes,Purchased the book,Yes,Yes,1,1,1,Hybrid,1
55,Female,White,Married,College graduate,Retired,"$75,000 to under $100,000",25,Yes,No,Yes,Purchased the book,Yes,Yes,1,0,1,Hybrid,1
52,Female,White,Never been married,"Some college, no 4-year degree",Employed full-time,"$40,000 to under $50,000",25,Yes,No,Yes,Purchased the book,No,Yes,1,0,1,Hybrid,1
52,Female,White,Living with a partner,Post-graduate training/professional school after college,Employed full-time,"$100,000 to under $150,000",25,Yes,Yes,Yes,Borrowed the book from a friend or family member,Yes,Yes,1,1,1,Hybrid,1
49,Male,White,Married,High school graduate,Employed full-time,Refused,25,Yes,No,No,Purchased the book,Yes,No,1,0,0,Print-only,0
49,Female,White,Married,College graduate,Employed full-time,"$75,000 to under $100,000",25,Yes,No,Yes,Purchased the book,Yes,Yes,1,0,1,Hybrid,1
49,Female,White,Married,Post-graduate training/professional school after college,Employed part-time,"$100,000 to under $150,000",25,Yes,No,No,Purchased the book,No,Yes,1,0,0,Print-only,0
48,Male,White,Married,Post-graduate training/professional school after college,Employed full-time,"$100,000 to under $150,000",25,Yes,Yes,Yes,Purchased the book,No,Yes,1,1,1,Hybrid,1
47,Female,White,Separated,Post-graduate training/professional school after college,Employed full-time,"$100,000 to under $150,000",25,Yes,No,Yes,Purchased the book,Yes,No,1,0,1,Hybrid,1
47,Male,White,Married,College graduate,Not employed for pay,"$30,000 to under $40,000",25,Yes,No,No,Got the book some other way,Yes,Yes,1,0,0,Print-only,0
47,Male,White,Married,Post-graduate training/professional school after college,Employed full-time,"$50,000 to under $75,000",25,Yes,No,Yes,Purchased the book,Yes,No,1,0,1,Hybrid,1
47,Female,White,Married,Not specified,Not employed for pay,"$30,000 to under $40,000",25,Yes,No,No,Borrowed the book from a library,No,No,1,0,0,Print-only,0
47,Male,White,Married,Post-graduate training/professional school after college,Employed full-time,"$100,000 to under $150,000",25,Yes,No,No,Borrowed the book from a library,Yes,Yes,1,0,0,Print-only,0
46,Male,White,Single,"Some college, no 4-year degree",Employed full-time,"$40,000 to under $50,000",25,Yes,No,No,Borrowed the book from a library,Yes,Yes,1,0,0,Print-only,0
45,Female,White,Married,Post-graduate training/professional school after college,Employed full-time,"$75,000 to under $100,000",25,Yes,No,Yes,Purchased the book,Yes,Yes,1,0,1,Hybrid,1
44,Female,White,Married,Post-graduate training/professional school after college,Employed full-time,"$100,000 to under $150,000",25,Yes,No,Yes,Purchased the book,Yes,Yes,1,0,1,Hybrid,1
44,Female,White,Never been married,"Some college, no 4-year degree",Not employed for pay,"$50,000 to under $75,000",25,Yes,Yes,Yes,Purchased the book,Yes,No,1,1,1,Hybrid,1
43,Male,White,Married,Post-graduate training/professional school after college,Employed full-time,"$100,000 to under $150,000",25,Yes,No,No,Purchased the book,No,Yes,1,0,0,Print-only,0
42,Female,White,Married,High school graduate,Employed full-time,"$50,000 to under $75,000",25,Yes,No,No,Purchased the book,No,No,1,0,0,Print-only,0
42,Male,White,Married,"Technical, trade or vocational school AFTER high school",Employed full-time,"$40,000 to under $50,000",25,No,No,No,Purchased the book,Yes,Yes,0,0,0,Non-reader,0
40,Male,White,Married,College graduate,Employed full-time,"$100,000 to under $150,000",25,Yes,No,Yes,Purchased the book,Yes,Yes,1,0,1,Hybrid,1
39,Male,White,Married,College graduate,Employed full-time,"$50,000 to under $75,000",25,Yes,Yes,Yes,8,No,Yes,1,1,1,Hybrid,1
39,Male,White,Married,High school graduate,Employed full-time,"$75,000 to under $100,000",25,Yes,No,No,Purchased the book,Yes,Yes,1,0,0,Print-only,0
39,Male,White,Married,College graduate,Have own business/self-employed,"$40,000 to under $50,000",25,Yes,No,No,Got the book some other way,No,Yes,1,0,0,Print-only,0
38,Female,White,Married,College graduate,Not employed for pay,"$100,000 to under $150,000",25,Yes,Yes,Yes,Borrowed the book from a friend or family member,Yes,Yes,1,1,1,Hybrid,1
37,Female,White,Married,Post-graduate training/professional school after college,Employed part-time,Refused,25,Yes,Yes,Yes,Borrowed the book from a library,No,Yes,1,1,1,Hybrid,1
35,Male,White,Married,"Some college, no 4-year degree",Employed full-time,"$50,000 to under $75,000",25,Yes,No,No,Purchased the book,No,Yes,1,0,0,Print-only,0
35,Male,White,Widowed,Post-graduate training/professional school after college,Employed full-time,"$100,000 to under $150,000",25,Yes,No,Yes,Borrowed the book from a library,Yes,Yes,1,0,1,Hybrid,1
34,Female,White,Married,Post-graduate training/professional school after college,Employed full-time,"$75,000 to under $100,000",25,Yes,No,Yes,Borrowed the book from a library,Yes,No,1,0,1,Hybrid,1
32,Female,White,Married,"Some college, no 4-year degree",Disabled,"$10,000 to under $20,000",25,Yes,No,No,Borrowed the book from a friend or family member,No,Yes,1,0,0,Print-only,0
27,Male,White,Never been married,College graduate,Employed part-time,"$50,000 to under $75,000",25,Yes,Yes,Yes,Borrowed the book from a library,Yes,Yes,1,1,1,Hybrid,1
27,Female,White,Married,Post-graduate training/professional school after college,Employed full-time,"$30,000 to under $40,000",25,Yes,No,No,Purchased the book,Yes,No,1,0,0,Print-only,0
25,Male,White,Never been married,College graduate,Employed full-time,"$30,000 to under $40,000",25,Yes,No,Yes,Borrowed the book from a friend or family member,Yes,No,1,0,1,Hybrid,1
25,Male,White,Married,"Some college, no 4-year degree",Employed full-time,"$75,000 to under $100,000",25,Yes,No,Yes,Got the book some other way,Yes,Yes,1,0,1,Hybrid,1
24,Female,White,Never been married,High school graduate,Employed full-time,"$20,000 to under $30,000",25,Yes,No,No,Purchased the book,No,No,1,0,0,Print-only,0
23,Male,White,Married,College graduate,Employed full-time,"$20,000 to under $30,000",25,Yes,Yes,No,Borrowed the book from a library,No,No,1,1,0,Hybrid,1
21,Male,White,Never been married,High school graduate,Employed full-time,"Less than $10,000",25,Yes,No,No,Borrowed the book from a friend or family member,Yes,Yes,1,0,0,Print-only,0
21,Male,White,Never been married,"Some college, no 4-year degree",Not employed for pay,"Less than $10,000",25,No,No,Yes,Got the book some other way,No,No,0,0,1,Digital/Audio-only,1
19,Male,White,Never been married,High school graduate,Not employed for pay,"$10,000 to under $20,000",25,Yes,No,No,Borrowed the book from a library,Yes,No,1,0,0,Print-only,0
17,Male,White,Never been married,High school incomplete,Employed part-time,"$30,000 to under $40,000",25,Yes,No,No,Borrowed the book from a library,No,No,1,0,0,Print-only,0
17,Male,White,Never been married,High school incomplete,Employed part-time,"$50,000 to under $75,000",25,No,No,Yes,Purchased the book,Yes,Yes,0,0,1,Digital/Audio-only,1
17,Female,White,Never been married,High school incomplete,Not employed for pay,"9$100,000 to under $150,000",25,Yes,No,No,Got the book some other way,No,Yes,1,0,0,Print-only,0
16,Female,White,Never been married,High school incomplete,Not employed for pay,"9$100,000 to under $150,000",25,Yes,No,No,Purchased the book,Yes,No,1,0,0,Print-only,0
16,Male,Mixed race,Single,Not specified,Not employed for pay,"9$100,000 to under $150,000",24,Yes,No,No,Got the book some other way,No,No,1,0,0,Print-only,0
65,Male,Black or African-American,Don’t know,College graduate,Retired,"$30,000 to under $40,000",24,Yes,No,No,Purchased the book,Yes,Yes,1,0,0,Print-only,0
55,Male,Black or African-American,Divorced,High school graduate,Disabled,"$20,000 to under $30,000",24,Yes,No,No,Got the book some other way,No,No,1,0,0,Print-only,0
51,Male,Black or African-American,Separated,High school graduate,Disabled,"$20,000 to under $30,000",24,Yes,No,No,Got the book some other way,Yes,No,1,0,0,Print-only,0
30,Male,Black or African-American,Never been married,"Some college, no 4-year degree",Employed full-time,"$30,000 to under $40,000",24,Yes,No,Yes,Purchased the book,Yes,Yes,1,0,1,Hybrid,1
85,Female,White,Married,High school graduate,Retired,"$40,000 to under $50,000",24,Yes,No,No,Borrowed the book from a library,Yes,Yes,1,0,0,Print-only,0
85,Male,White,Married,College graduate,Employed part-time,"$50,000 to under $75,000",24,Yes,No,No,Borrowed the book from a library,Yes,Yes,1,0,0,Print-only,0
84,Female,White,Widowed,High school graduate,Not employed for pay,"$10,000 to under $20,000",24,Yes,No,No,Purchased the book,Yes,No,1,0,0,Print-only,0
83,Female,White,Widowed,"Some college, no 4-year degree",Retired,"$20,000 to under $30,000",24,Yes,No,No,Borrowed the book from a friend or family member,Yes,No,1,0,0,Print-only,0
75,Female,White,Married,College graduate,Retired,"$50,000 to under $75,000",24,Yes,Yes,Yes,Got the book some other way,No,Yes,1,1,1,Hybrid,1
69,Female,White,Married,College graduate,Retired,Refused,24,Yes,No,No,Borrowed the book from a friend or family member,Yes,Yes,1,0,0,Print-only,0
69,Male,White,Never been married,High school graduate,Retired,"$20,000 to under $30,000",24,Yes,No,No,Purchased the book,Yes,Yes,1,0,0,Print-only,0
67,Female,White,Divorced,Post-graduate training/professional school after college,Employed part-time,"$75,000 to under $100,000",24,Yes,Yes,Yes,Got the book some other way,No,No,1,1,1,Hybrid,1
65,Male,White,Married,"Some college, no 4-year degree",Employed part-time,"$75,000 to under $100,000",24,Yes,Yes,No,Purchased the book,Yes,Yes,1,1,0,Hybrid,1
64,Female,White,Married,College graduate,Retired,"$40,000 to under $50,000",24,Yes,No,No,Borrowed the book from a library,Yes,No,1,0,0,Print-only,0
63,Female,White,Married,"Some college, no 4-year degree",Employed full-time,"$40,000 to under $50,000",24,Yes,No,No,Borrowed the book from a friend or family member,Yes,No,1,0,0,Print-only,0
62,Male,White,Divorced,Post-graduate training/professional school after college,Retired,"$40,000 to under $50,000",24,Yes,No,Yes,Purchased the book,Yes,Yes,1,0,1,Hybrid,1
60,Female,White,Married,High school graduate,Employed full-time,"$50,000 to under $75,000",24,No,No,Yes,Purchased the book,No,No,0,0,1,Digital/Audio-only,1
60,Female,White,Widowed,High school graduate,Employed part-time,"$20,000 to under $30,000",24,Yes,No,No,Purchased the book,Yes,No,1,0,0,Print-only,0
60,Female,White,Married,High school graduate,Employed part-time,"$30,000 to under $40,000",24,Yes,No,No,Borrowed the book from a library,Yes,Yes,1,0,0,Print-only,0
60,Male,White,Married,College graduate,Employed full-time,"$75,000 to under $100,000",24,Yes,No,Yes,Got the book some other way,Yes,Yes,1,0,1,Hybrid,1
59,Female,White,Married,Post-graduate training/professional school after college,Not employed for pay,"$75,000 to under $100,000",24,Yes,Yes,No,Borrowed the book from a library,Yes,Yes,1,1,0,Hybrid,1
58,Male,White,Separated,College graduate,Retired,Refused,24,Yes,No,No,Purchased the book,Yes,Yes,1,0,0,Print-only,0
57,Female,White,Married,High school graduate,Employed full-time,"$40,000 to under $50,000",24,Yes,No,No,Purchased the book,Yes,No,1,0,0,Print-only,0
55,Female,White,Married,College graduate,Employed full-time,Refused,24,No,Yes,Yes,Purchased the book,Yes,No,0,1,1,Digital/Audio-only,1
54,Female,White,Married,College graduate,Employed part-time,"$100,000 to under $150,000",24,Yes,No,Yes,Purchased the book,Yes,Yes,1,0,1,Hybrid,1
51,Female,White,Married,"Technical, trade or vocational school AFTER high school",Retired,"$50,000 to under $75,000",24,Yes,No,Yes,Got the book some other way,No,Yes,1,0,1,Hybrid,1
50,Male,White,Married,"Some college, no 4-year degree",Not employed for pay,"$50,000 to under $75,000",24,Yes,No,No,Borrowed the book from a friend or family member,Yes,Yes,1,0,0,Print-only,0
50,Female,White,Married,"Some college, no 4-year degree",Employed full-time,"$75,000 to under $100,000",24,Yes,No,No,Purchased the book,Yes,No,1,0,0,Print-only,0
50,Male,White,Married,Post-graduate training/professional school after college,Employed full-time,"$100,000 to under $150,000",24,Yes,No,Yes,Purchased the book,Yes,No,1,0,1,Hybrid,1
47,Female,White,Married,"Some college, no 4-year degree",Employed part-time,"$100,000 to under $150,000",24,Yes,No,No,Borrowed the book from a library,Yes,Yes,1,0,0,Print-only,0
47,Female,White,Never been married,Post-graduate training/professional school after college,Not employed for pay,"$100,000 to under $150,000",24,Yes,No,Yes,Purchased the book,No,No,1,0,1,Hybrid,1
41,Male,White,Married,College graduate,Retired,"$100,000 to under $150,000",24,Yes,No,Yes,Purchased the book,Yes,Yes,1,0,1,Hybrid,1
33,Female,White,Married,Post-graduate training/professional school after college,Not employed for pay,"$30,000 to under $40,000",24,Yes,No,No,Purchased the book,No,Yes,1,0,0,Print-only,0
17,Female,White,Never been married,High school incomplete,Not employed for pay,"$75,000 to under $100,000",24,Yes,No,No,Borrowed the book from a friend or family member,Yes,Yes,1,0,0,Print-only,0
21,Female,White,Never been married,College graduate,Employed full-time,"$100,000 to under $150,000",23,Yes,No,Yes,Purchased the book,Yes,Yes,1,0,1,Hybrid,1
58,Female,White,Married,"Some college, no 4-year degree",Employed part-time,"$100,000 to under $150,000",22,Yes,Yes,Yes,Purchased the book,Yes,No,1,1,1,Hybrid,1
50,Female,Refused,Don’t know,Post-graduate training/professional school after college,Employed full-time,"$40,000 to under $50,000",20,Yes,Yes,Yes,Got the book some other way,Yes,Yes,1,1,1,Hybrid,1
49,Female,Refused,Divorced,Post-graduate training/professional school after college,Employed part-time,"$40,000 to under $50,000",20,Yes,No,No,Borrowed the book from a friend or family member,Yes,Yes,1,0,0,Print-only,0
46,Female,Refused,Living with a partner,High school graduate,Employed full-time,Refused,20,Yes,No,No,Purchased the book,Yes,No,1,0,0,Print-only,0
38,Male,Refused,Married,Post-graduate training/professional school after college,Employed full-time,Refused,20,Yes,Yes,Yes,Purchased the book,Yes,Yes,1,1,1,Hybrid,1
21,Male,Other,Living with a partner,High school incomplete,Employed part-time,"$40,000 to under $50,000",20,Yes,No,No,Purchased the book,No,Yes,1,0,0,Print-only,0
40,Female,Native American/American Indian,Divorced,Post-graduate training/professional school after college,Employed full-time,"$100,000 to under $150,000",20,Yes,No,Yes,Purchased the book,Yes,Yes,1,0,1,Hybrid,1
39,Male,Mixed race,Never been married,College graduate,Employed full-time,"$40,000 to under $50,000",20,Yes,No,No,Purchased the book,No,No,1,0,0,Print-only,0
27,Female,Mixed race,Married,"Some college, no 4-year degree",Employed full-time,"$100,000 to under $150,000",20,No,Yes,No,Purchased the book,Yes,Yes,0,1,0,Digital/Audio-only,1
24,Male,Mixed race,Never been married,Post-graduate training/professional school after college,Employed full-time,"$100,000 to under $150,000",20,Yes,No,Yes,Borrowed the book from a friend or family member,No,No,1,0,1,Hybrid,1
17,Female,Mixed race,Never been married,High school incomplete,Employed full-time,"Less than $10,000",20,Yes,Yes,Yes,Got the book some other way,Yes,No,1,1,1,Hybrid,1
17,Female,Mixed race,Never been married,High school incomplete,Not employed for pay,"$100,000 to under $150,000",20,Yes,No,No,Borrowed the book from a friend or family member,No,No,1,0,0,Print-only,0
16,Male,Mixed race,Never been married,High school incomplete,Student,"9$100,000 to under $150,000",20,Yes,No,Yes,Purchased the book,No,Yes,1,0,1,Hybrid,1
47,Male,Asian or Pacific Islander,Married,"Technical, trade or vocational school AFTER high school",Student,"$100,000 to under $150,000",20,Yes,No,No,Purchased the book,No,Yes,1,0,0,Print-only,0
34,Female,Asian or Pacific Islander,Married,Post-graduate training/professional school after college,Employed full-time,"$100,000 to under $150,000",20,Yes,No,Yes,Got the book some other way,No,Yes,1,0,1,Hybrid,1
25,Male,Asian or Pacific Islander,Never been married,College graduate,Employed full-time,Refused,20,Yes,No,Yes,Got the book some other way,Yes,Yes,1,0,1,Hybrid,1
25,Female,Asian or Pacific Islander,Living with a partner,College graduate,Employed full-time,Refused,20,Yes,No,No,Borrowed the book from a friend or family member,Yes,Yes,1,0,0,Print-only,0
78,Female,Black or African-American,Widowed,High school graduate,Retired,"9$100,000 to under $150,000",20,No,No,Yes,Purchased the book,No,Yes,0,0,1,Digital/Audio-only,1
60,Male,Black or African-American,Married,Post-graduate training/professional school after college,Employed full-time,"$40,000 to under $50,000",20,Yes,Yes,No,Purchased the book,Yes,Yes,1,1,0,Hybrid,1
56,Female,Black or African-American,Divorced,High school graduate,Employed full-time,"$20,000 to under $30,000",20,Yes,No,No,Borrowed the book from a friend or family member,Yes,No,1,0,0,Print-only,0
47,Male,Black or African-American,Married,"Some college, no 4-year degree",Employed full-time,"$30,000 to under $40,000",20,Yes,No,No,Borrowed the book from a library,Yes,Yes,1,0,0,Print-only,0
47,Male,Black or African-American,Married,High school graduate,Employed full-time,"$40,000 to under $50,000",20,Yes,Yes,Yes,Borrowed the book from a friend or family member,Yes,No,1,1,1,Hybrid,1
37,Male,Black or African-American,Married,College graduate,Employed full-time,"$75,000 to under $100,000",20,Yes,No,No,Purchased the book,Yes,Yes,1,0,0,Print-only,0
37,Male,Black or African-American,Living with a partner,"Some college, no 4-year degree",Employed full-time,"$10,000 to under $20,000",20,Yes,No,No,Got the book some other way,Yes,No,1,0,0,Print-only,0
31,Female,Black or African-American,Living with a partner,High school graduate,Employed full-time,"$30,000 to under $40,000",20,Yes,No,No,Got the book some other way,Yes,Yes,1,0,0,Print-only,0
29,Male,Black or African-American,Separated,Don’t know,Employed full-time,"$50,000 to under $75,000",20,Yes,No,No,Purchased the book,No,No,1,0,0,Print-only,0
22,Female,Black or African-American,Never been married,"Some college, no 4-year degree",Not employed for pay,"$40,000 to under $50,000",20,Yes,No,Yes,Purchased the book,No,Yes,1,0,1,Hybrid,1
17,Female,Black or African-American,Never been married,High school incomplete,Not employed for pay,"9$100,000 to under $150,000",20,Yes,No,No,Borrowed the book from a library,No,Yes,1,0,0,Print-only,0
83,Female,White,Widowed,Post-graduate training/professional school after college,Retired,"$75,000 to under $100,000",20,Yes,No,Yes,Purchased the book,No,No,1,0,1,Hybrid,1
80,Female,White,Divorced,"Some college, no 4-year degree",Retired,"$10,000 to under $20,000",20,Yes,No,No,Borrowed the book from a friend or family member,Yes,No,1,0,0,Print-only,0
80,Male,White,Married,Post-graduate training/professional school after college,Retired,Refused,20,Yes,No,No,Borrowed the book from a library,Yes,Yes,1,0,0,Print-only,0
73,Female,White,Divorced,College graduate,Employed full-time,"$50,000 to under $75,000",20,Yes,No,Yes,Got the book some other way,Yes,Yes,1,0,1,Hybrid,1
72,Male,White,Divorced,College graduate,Retired,"9$100,000 to under $150,000",20,Yes,Yes,Yes,Purchased the book,Yes,Yes,1,1,1,Hybrid,1
72,Female,White,Married,High school graduate,Retired,"9$100,000 to under $150,000",20,Yes,No,No,Borrowed the book from a library,No,Yes,1,0,0,Print-only,0
70,Male,White,Divorced,College graduate,Retired,"$75,000 to under $100,000",20,Yes,No,No,Purchased the book,Yes,No,1,0,0,Print-only,0
70,Female,White,Married,Post-graduate training/professional school after college,Employed part-time,"$50,000 to under $75,000",20,Yes,No,Yes,Borrowed the book from a library,Yes,No,1,0,1,Hybrid,1
70,Female,White,Married,High school graduate,Employed part-time,"$30,000 to under $40,000",20,Yes,No,Yes,Borrowed the book from a library,Yes,Yes,1,0,1,Hybrid,1
70,Male,White,Married,Post-graduate training/professional school after college,Retired,"$50,000 to under $75,000",20,Yes,No,Yes,Purchased the book,Yes,Yes,1,0,1,Hybrid,1
70,Female,White,Married,Post-graduate training/professional school after college,Retired,"9$100,000 to under $150,000",20,Yes,No,No,Borrowed the book from a friend or family member,Yes,Yes,1,0,0,Print-only,0
69,Female,White,Widowed,"Some college, no 4-year degree",Retired,"$20,000 to under $30,000",20,Yes,No,No,Borrowed the book from a library,No,No,1,0,0,Print-only,0
69,Female,White,Married,College graduate,Retired,"$40,000 to under $50,000",20,Yes,Yes,Yes,Purchased the book,No,Yes,1,1,1,Hybrid,1
69,Male,White,Married,College graduate,Retired,"$75,000 to under $100,000",20,Yes,No,No,Purchased the book,Yes,Yes,1,0,0,Print-only,0
68,Male,White,Married,College graduate,Retired,"$30,000 to under $40,000",20,Yes,No,Yes,Purchased the book,Yes,Yes,1,0,1,Hybrid,1
68,Female,White,Married,Post-graduate training/professional school after college,Retired,"$50,000 to under $75,000",20,Yes,Yes,Yes,Purchased the book,No,Yes,1,1,1,Hybrid,1
68,Female,White,Married,College graduate,Retired,"$100,000 to under $150,000",20,Yes,No,Yes,Purchased the book,Yes,Yes,1,0,1,Hybrid,1
68,Female,White,Married,High school graduate,Retired,"$30,000 to under $40,000",20,Yes,No,No,Purchased the book,Yes,No,1,0,0,Print-only,0
67,Male,White,Married,College graduate,Retired,"$100,000 to under $150,000",20,No,No,Yes,Purchased the book,Yes,No,0,0,1,Digital/Audio-only,1
66,Female,White,Divorced,Post-graduate training/professional school after college,Employed full-time,Refused,20,Yes,No,Yes,Purchased the book,Yes,Yes,1,0,1,Hybrid,1
66,Female,White,Never been married,Post-graduate training/professional school after college,Employed full-time,"$100,000 to under $150,000",20,Yes,Yes,Yes,Purchased the book,Yes,Yes,1,1,1,Hybrid,1
65,Female,White,Married,Post-graduate training/professional school after college,Retired,"$75,000 to under $100,000",20,Yes,No,Yes,Purchased the book,Yes,Yes,1,0,1,Hybrid,1
65,Female,White,Married,"Some college, no 4-year degree",Retired,"$100,000 to under $150,000",20,Yes,No,Yes,Purchased the book,No,No,1,0,1,Hybrid,1
64,Male,White,Married,Post-graduate training/professional school after college,Retired,"$75,000 to under $100,000",20,Yes,No,Yes,Purchased the book,Yes,Yes,1,0,1,Hybrid,1
64,Female,White,Single,Post-graduate training/professional school after college,Employed part-time,"$50,000 to under $75,000",20,Yes,No,No,Purchased the book,Yes,Yes,1,0,0,Print-only,0
63,Female,White,Married,High school graduate,Retired,"$75,000 to under $100,000",20,Yes,No,No,Borrowed the book from a library,Yes,Yes,1,0,0,Print-only,0
63,Female,White,Married,Post-graduate training/professional school after college,Employed part-time,Refused,20,Yes,Yes,No,Borrowed the book from a library,Yes,Yes,1,1,0,Hybrid,1
63,Female,White,Married,College graduate,Retired,"$100,000 to under $150,000",20,Yes,No,No,Purchased the book,Yes,Yes,1,0,0,Print-only,0
62,Female,White,Divorced,Post-graduate training/professional school after college,Employed full-time,"$40,000 to under $50,000",20,Yes,No,No,Purchased the book,Yes,Yes,1,0,0,Print-only,0
62,Female,White,Married,"Some college, no 4-year degree",Employed full-time,"$30,000 to under $40,000",20,Yes,No,No,Purchased the book,No,No,1,0,0,Print-only,0
62,Female,White,Married,Post-graduate training/professional school after college,Employed part-time,"$100,000 to under $150,000",20,No,Yes,Yes,Purchased the book,No,No,0,1,1,Digital/Audio-only,1
62,Male,White,Married,Post-graduate training/professional school after college,Employed full-time,"$75,000 to under $100,000",20,Yes,No,No,Borrowed the book from a friend or family member,Yes,Yes,1,0,0,Print-only,0
62,Female,White,Married,"Some college, no 4-year degree",Retired,"$100,000 to under $150,000",20,Yes,No,No,Borrowed the book from a library,Yes,No,1,0,0,Print-only,0
61,Female,White,Divorced,Post-graduate training/professional school after college,Employed part-time,"$30,000 to under $40,000",20,Yes,Yes,Yes,Purchased the book,Yes,No,1,1,1,Hybrid,1
60,Male,White,Married,"Some college, no 4-year degree",Employed full-time,"$50,000 to under $75,000",20,Yes,No,No,Borrowed the book from a friend or family member,Yes,No,1,0,0,Print-only,0
60,Male,White,Married,"Some college, no 4-year degree",Retired,"$100,000 to under $150,000",20,Yes,No,No,Purchased the book,Yes,No,1,0,0,Print-only,0
60,Female,White,Married,"Some college, no 4-year degree",Employed part-time,"$100,000 to under $150,000",20,Yes,No,Yes,Borrowed the book from a friend or family member,Yes,Yes,1,0,1,Hybrid,1
60,Male,White,Married,High school graduate,Retired,"$50,000 to under $75,000",20,Yes,No,No,Purchased the book,Yes,Yes,1,0,0,Print-only,0
60,Male,White,Divorced,Post-graduate training/professional school after college,Employed full-time,"$100,000 to under $150,000",20,Yes,No,Yes,Purchased the book,Yes,Yes,1,0,1,Hybrid,1
60,Female,White,Married,High school graduate,Not employed for pay,Refused,20,Yes,Yes,Yes,Borrowed the book from a library,Yes,Yes,1,1,1,Hybrid,1
59,Female,White,Married,College graduate,Not employed for pay,"$100,000 to under $150,000",20,No,No,Yes,Purchased the book,Yes,No,0,0,1,Digital/Audio-only,1
59,Female,White,Married,College graduate,Disabled,"$40,000 to under $50,000",20,Yes,No,No,Got the book some other way,Yes,Yes,1,0,0,Print-only,0
58,Male,White,Married,College graduate,Employed full-time,"$100,000 to under $150,000",20,Yes,No,Yes,Purchased the book,Yes,Yes,1,0,1,Hybrid,1
57,Female,White,Married,Post-graduate training/professional school after college,Employed full-time,"$75,000 to under $100,000",20,Yes,No,No,Purchased the book,Yes,Yes,1,0,0,Print-only,0
56,Female,White,Married,Post-graduate training/professional school after college,Employed full-time,"$75,000 to under $100,000",20,Yes,No,No,Got the book some other way,Yes,Yes,1,0,0,Print-only,0
56,Female,White,Married,College graduate,Employed full-time,"$50,000 to under $75,000",20,Yes,No,No,Purchased the book,Yes,Yes,1,0,0,Print-only,0
56,Male,White,Married,College graduate,Employed full-time,"$100,000 to under $150,000",20,Yes,No,Yes,Purchased the book,Yes,Yes,1,0,1,Hybrid,1
55,Female,White,Married,College graduate,Employed full-time,Refused,20,Yes,Yes,No,Borrowed the book from a library,No,Yes,1,1,0,Hybrid,1
55,Male,White,Married,"Some college, no 4-year degree",Employed full-time,"$50,000 to under $75,000",20,No,Yes,No,Purchased the book,No,No,0,1,0,Digital/Audio-only,1
55,Female,White,Divorced,High school graduate,Employed full-time,"Less than $10,000",20,Yes,No,No,Purchased the book,Yes,No,1,0,0,Print-only,0
55,Male,White,Married,College graduate,Employed full-time,"$100,000 to under $150,000",20,Yes,No,Yes,Purchased the book,Yes,Yes,1,0,1,Hybrid,1
54,Male,White,Living with a partner,"Some college, no 4-year degree",Employed full-time,"$40,000 to under $50,000",20,Yes,No,No,Got the book some other way,No,No,1,0,0,Print-only,0
54,Male,White,Married,College graduate,Employed full-time,"$75,000 to under $100,000",20,Yes,No,No,Purchased the book,Yes,Yes,1,0,0,Print-only,0
54,Male,White,Divorced,College graduate,Employed full-time,"$100,000 to under $150,000",20,Yes,No,No,Purchased the book,Yes,Yes,1,0,0,Print-only,0
54,Male,White,Married,High school graduate,Employed part-time,"$30,000 to under $40,000",20,Yes,No,Yes,Got the book some other way,Yes,No,1,0,1,Hybrid,1
54,Male,White,Never been married,Post-graduate training/professional school after college,Retired,"$40,000 to under $50,000",20,Yes,No,Yes,Purchased the book,Yes,Yes,1,0,1,Hybrid,1
53,Female,White,Divorced,High school graduate,Employed part-time,"$10,000 to under $20,000",20,No,No,Yes,Purchased the book,Yes,No,0,0,1,Digital/Audio-only,1
53,Female,White,Married,College graduate,Not employed for pay,Refused,20,Yes,Yes,Yes,Purchased the book,No,Yes,1,1,1,Hybrid,1
52,Female,White,Never been married,"Some college, no 4-year degree",Employed full-time,"$30,000 to under $40,000",20,Yes,No,No,Purchased the book,Yes,Yes,1,0,0,Print-only,0
52,Female,White,Divorced,"Some college, no 4-year degree",Employed full-time,"$20,000 to under $30,000",20,Yes,No,No,Borrowed the book from a friend or family member,Yes,Yes,1,0,0,Print-only,0
50,Male,White,Never been married,College graduate,Employed full-time,"9$100,000 to under $150,000",20,Yes,Yes,Yes,Purchased the book,No,Yes,1,1,1,Hybrid,1
49,Female,White,Living with a partner,High school graduate,Employed full-time,"$30,000 to under $40,000",20,Yes,No,No,Borrowed the book from a friend or family member,Yes,No,1,0,0,Print-only,0
48,Male,White,Married,Post-graduate training/professional school after college,Employed full-time,"$50,000 to under $75,000",20,Yes,Yes,No,Purchased the book,Yes,Yes,1,1,0,Hybrid,1
48,Female,White,Living with a partner,College graduate,Employed full-time,"$100,000 to under $150,000",20,Yes,No,Yes,Purchased the book,Yes,Yes,1,0,1,Hybrid,1
48,Female,White,Married,"Some college, no 4-year degree",Employed part-time,"$50,000 to under $75,000",20,Yes,Yes,No,Borrowed the book from a friend or family member,Yes,Yes,1,1,0,Hybrid,1
48,Female,White,Married,Post-graduate training/professional school after college,Employed full-time,"$100,000 to under $150,000",20,Yes,No,Yes,Got the book some other way,No,Yes,1,0,1,Hybrid,1
47,Female,White,Married,Post-graduate training/professional school after college,Employed part-time,"$100,000 to under $150,000",20,Yes,Yes,No,Borrowed the book from a library,Yes,Yes,1,1,0,Hybrid,1
47,Female,White,Married,College graduate,Employed full-time,"$100,000 to under $150,000",20,Yes,No,Yes,Purchased the book,No,Yes,1,0,1,Hybrid,1
45,Female,White,Married,Post-graduate training/professional school after college,Employed full-time,"$50,000 to under $75,000",20,Yes,Yes,Yes,Purchased the book,No,Yes,1,1,1,Hybrid,1
44,Male,White,Married,Post-graduate training/professional school after college,Employed full-time,"$75,000 to under $100,000",20,Yes,No,No,Borrowed the book from a friend or family member,Yes,Yes,1,0,0,Print-only,0
44,Female,White,Married,Post-graduate training/professional school after college,Employed full-time,"$100,000 to under $150,000",20,Yes,No,Yes,Purchased the book,Yes,Yes,1,0,1,Hybrid,1
44,Male,White,Married,"Some college, no 4-year degree",Retired,"$50,000 to under $75,000",20,Yes,Yes,Yes,Got the book some other way,Yes,Yes,1,1,1,Hybrid,1
44,Male,White,Married,College graduate,Not employed for pay,"$50,000 to under $75,000",20,Yes,No,No,Got the book some other way,No,No,1,0,0,Print-only,0
43,Female,White,Married,College graduate,Employed full-time,"$75,000 to under $100,000",20,Yes,No,Yes,Purchased the book,No,Yes,1,0,1,Hybrid,1
43,Female,White,Never been married,Post-graduate training/professional school after college,Employed full-time,"$100,000 to under $150,000",20,Yes,No,Yes,Purchased the book,No,Yes,1,0,1,Hybrid,1
42,Female,White,Married,High school graduate,Employed full-time,"$40,000 to under $50,000",20,No,Yes,No,Borrowed the book from a library,Yes,No,0,1,0,Digital/Audio-only,1
42,Male,White,Married,College graduate,Employed full-time,"$100,000 to under $150,000",20,Yes,Yes,No,Borrowed the book from a library,No,No,1,1,0,Hybrid,1
42,Male,White,Married,Post-graduate training/professional school after college,Employed full-time,Refused,20,Yes,No,No,Purchased the book,Yes,No,1,0,0,Print-only,0
42,Female,White,Married,High school graduate,Employed full-time,"$50,000 to under $75,000",20,Yes,No,No,Borrowed the book from a friend or family member,No,No,1,0,0,Print-only,0
40,Female,White,Married,Post-graduate training/professional school after college,Employed full-time,"$100,000 to under $150,000",20,Yes,No,Yes,Purchased the book,Yes,Yes,1,0,1,Hybrid,1
40,Male,White,Married,Post-graduate training/professional school after college,Employed full-time,"$75,000 to under $100,000",20,Yes,Yes,Yes,Borrowed the book from a library,Yes,Yes,1,1,1,Hybrid,1
40,Male,White,Married,College graduate,Employed full-time,"$75,000 to under $100,000",20,Yes,Yes,No,Purchased the book,Yes,Yes,1,1,0,Hybrid,1
39,Female,White,Married,Post-graduate training/professional school after college,Not employed for pay,Refused,20,Yes,No,No,Purchased the book,No,Yes,1,0,0,Print-only,0
39,Male,White,Married,College graduate,Employed full-time,"$100,000 to under $150,000",20,Yes,No,No,Purchased the book,Yes,Yes,1,0,0,Print-only,0
38,Female,White,Married,"Some college, no 4-year degree",Employed part-time,"$30,000 to under $40,000",20,Yes,No,No,Borrowed the book from a friend or family member,Yes,Yes,1,0,0,Print-only,0
38,Female,White,Living with a partner,Post-graduate training/professional school after college,Employed full-time,"$50,000 to under $75,000",20,Yes,No,Yes,Purchased the book,Yes,No,1,0,1,Hybrid,1
38,Male,White,Married,"Some college, no 4-year degree",Employed full-time,"$75,000 to under $100,000",20,Yes,Yes,No,Purchased the book,Yes,No,1,1,0,Hybrid,1
37,Female,White,Married,College graduate,Not employed for pay,"$50,000 to under $75,000",20,Yes,No,Yes,Borrowed the book from a friend or family member,Yes,No,1,0,1,Hybrid,1
35,Male,White,Married,College graduate,Employed full-time,"$75,000 to under $100,000",20,Yes,Yes,No,8,Yes,No,1,1,0,Hybrid,1
34,Male,White,Never been married,"Some college, no 4-year degree",Student,"$50,000 to under $75,000",20,Yes,No,Yes,Purchased the book,Yes,No,1,0,1,Hybrid,1
34,Female,White,Married,"Some college, no 4-year degree",Employed full-time,"$30,000 to under $40,000",20,Yes,No,Yes,Got the book some other way,Yes,No,1,0,1,Hybrid,1
33,Female,White,Married,Post-graduate training/professional school after college,Employed full-time,"$30,000 to under $40,000",20,Yes,No,No,Got the book some other way,Yes,Yes,1,0,0,Print-only,0
33,Male,White,Married,"Some college, no 4-year degree",Employed full-time,"$75,000 to under $100,000",20,Yes,Yes,Yes,Purchased the book,Yes,Yes,1,1,1,Hybrid,1
33,Male,White,Married,Post-graduate training/professional school after college,Employed full-time,"$50,000 to under $75,000",20,Yes,Yes,Yes,Purchased the book,Yes,Yes,1,1,1,Hybrid,1
33,Male,White,Married,College graduate,Employed full-time,"$75,000 to under $100,000",20,Yes,No,No,Purchased the book,No,Yes,1,0,0,Print-only,0
33,Female,White,Married,"Some college, no 4-year degree",Not employed for pay,"$50,000 to under $75,000",20,Yes,No,Yes,Purchased the book,No,Yes,1,0,1,Hybrid,1
33,Male,White,Married,Post-graduate training/professional school after college,Employed full-time,"$100,000 to under $150,000",20,Yes,No,Yes,Purchased the book,Yes,No,1,0,1,Hybrid,1
32,Male,White,Married,Post-graduate training/professional school after college,Employed full-time,"$100,000 to under $150,000",20,Yes,Yes,No,Got the book some other way,Yes,Yes,1,1,0,Hybrid,1
32,Female,White,Married,"Some college, no 4-year degree",Employed full-time,"$75,000 to under $100,000",20,Yes,No,Yes,Purchased the book,Yes,No,1,0,1,Hybrid,1
31,Female,White,Married,Post-graduate training/professional school after college,Employed full-time,"$100,000 to under $150,000",20,Yes,Yes,No,Borrowed the book from a friend or family member,Yes,No,1,1,0,Hybrid,1
31,Female,White,Married,"Some college, no 4-year degree",Other,"$75,000 to under $100,000",20,No,No,Yes,Purchased the book,Yes,Yes,0,0,1,Digital/Audio-only,1
30,Male,White,Never been married,College graduate,Employed full-time,"$100,000 to under $150,000",20,No,No,No,Purchased the book,No,No,0,0,0,Non-reader,0
29,Male,White,Married,Post-graduate training/professional school after college,Employed full-time,Refused,20,Yes,No,No,Purchased the book,Yes,Yes,1,0,0,Print-only,0
26,Female,White,Married,College graduate,Employed full-time,"$40,000 to under $50,000",20,Yes,No,Yes,Purchased the book,No,No,1,0,1,Hybrid,1
26,Female,White,Married,College graduate,Employed full-time,"$75,000 to under $100,000",20,Yes,No,Yes,Purchased the book,No,Yes,1,0,1,Hybrid,1
26,Female,White,Married,High school graduate,Employed full-time,"$30,000 to under $40,000",20,Yes,No,Yes,Got the book some other way,Yes,No,1,0,1,Hybrid,1
26,Male,White,Living with a partner,High school graduate,Not employed for pay,"$30,000 to under $40,000",20,Yes,No,Yes,Purchased the book,Yes,Yes,1,0,1,Hybrid,1
25,Male,White,Never been married,College graduate,Employed full-time,"$50,000 to under $75,000",20,Yes,Yes,Yes,Borrowed the book from a friend or family member,Yes,Yes,1,1,1,Hybrid,1
24,Female,White,Married,College graduate,Not employed for pay,"$40,000 to under $50,000",20,Yes,No,No,Purchased the book,No,Yes,1,0,0,Print-only,0
24,Male,White,Never been married,College graduate,Employed full-time,"$75,000 to under $100,000",20,Yes,No,No,Got the book some other way,Yes,Yes,1,0,0,Print-only,0
24,Female,White,Married,"Some college, no 4-year degree",Employed full-time,"$40,000 to under $50,000",20,Yes,Yes,No,Purchased the book,No,No,1,1,0,Hybrid,1
24,Female,White,Never been married,"Some college, no 4-year degree",Employed full-time,"9$100,000 to under $150,000",20,Yes,No,No,Purchased the book,No,Yes,1,0,0,Print-only,0
23,Male,White,Never been married,"Some college, no 4-year degree",Employed full-time,"$10,000 to under $20,000",20,Yes,No,No,Purchased the book,Yes,No,1,0,0,Print-only,0
23,Female,White,Never been married,"Some college, no 4-year degree",Not employed for pay,"$100,000 to under $150,000",20,Yes,No,Yes,Purchased the book,No,No,1,0,1,Hybrid,1
23,Female,White,Never been married,Post-graduate training/professional school after college,Student,"$40,000 to under $50,000",20,Yes,Yes,Yes,Borrowed the book from a friend or family member,No,No,1,1,1,Hybrid,1
22,Female,White,Single,Post-graduate training/professional school after college,Employed part-time,"$75,000 to under $100,000",20,Yes,No,No,Purchased the book,No,No,1,0,0,Print-only,0
21,Female,White,Single,"Some college, no 4-year degree",Not employed for pay,"9$100,000 to under $150,000",20,Yes,No,No,Purchased the book,No,Yes,1,0,0,Print-only,0
21,Male,White,Never been married,College graduate,Employed full-time,"$75,000 to under $100,000",20,Yes,No,Yes,Purchased the book,Yes,Yes,1,0,1,Hybrid,1
20,Female,White,Never been married,"Some college, no 4-year degree",Employed part-time,"$50,000 to under $75,000",20,Yes,No,Yes,Borrowed the book from a friend or family member,Yes,Yes,1,0,1,Hybrid,1
19,Female,White,Never been married,"Some college, no 4-year degree",Employed part-time,"$30,000 to under $40,000",20,Yes,No,Yes,Borrowed the book from a library,No,No,1,0,1,Hybrid,1
18,Female,White,Never been married,High school graduate,Employed full-time,"$10,000 to under $20,000",20,Yes,No,No,Purchased the book,No,No,1,0,0,Print-only,0
17,Female,White,Never been married,High school incomplete,Not employed for pay,"$10,000 to under $20,000",20,Yes,No,No,Borrowed the book from a library,No,No,1,0,0,Print-only,0
17,Male,White,Never been married,High school incomplete,Not employed for pay,"$30,000 to under $40,000",20,Yes,No,Yes,Borrowed the book from a library,No,Yes,1,0,1,Hybrid,1
17,Female,White,Never been married,High school incomplete,Not employed for pay,"$100,000 to under $150,000",20,Yes,No,No,Borrowed the book from a friend or family member,No,Yes,1,0,0,Print-only,0
16,Male,White,Never been married,High school incomplete,Not employed for pay,"9$100,000 to under $150,000",20,Yes,No,No,Borrowed the book from a library,Yes,No,1,0,0,Print-only,0
16,Female,White,Never been married,High school incomplete,Not employed for pay,"$50,000 to under $75,000",20,Yes,No,Yes,Purchased the book,Yes,Don’t know,1,0,1,Hybrid,1
16,Female,White,Never been married,High school incomplete,Student,"$20,000 to under $30,000",20,Yes,No,No,Borrowed the book from a library,Yes,Yes,1,0,0,Print-only,0
16,Male,White,Never been married,High school incomplete,Employed part-time,"$20,000 to under $30,000",20,Yes,No,No,Purchased the book,No,No,1,0,0,Print-only,0
16,Female,White,Never been married,High school incomplete,Not employed for pay,"9$100,000 to under $150,000",20,Yes,No,No,Purchased the book,No,No,1,0,0,Print-only,0
16,Male,White,Never been married,High school incomplete,Employed part-time,"$10,000 to under $20,000",20,Yes,No,Yes,Borrowed the book from a friend or family member,Yes,No,1,0,1,Hybrid,1
16,Female,White,Never been married,High school incomplete,Not employed for pay,"$50,000 to under $75,000",20,Yes,Yes,No,Purchased the book,No,Yes,1,1,0,Hybrid,1
16,Male,White,Never been married,High school incomplete,Not employed for pay,"9$100,000 to under $150,000",20,Yes,No,Yes,Got the book some other way,Yes,Yes,1,0,1,Hybrid,1
18,Female,White,Never been married,High school graduate,Employed part-time,"9$100,000 to under $150,000",19,Yes,No,No,Purchased the book,Yes,No,1,0,0,Print-only,0
76,Male,White,Married,"Some college, no 4-year degree",Employed part-time,"$75,000 to under $100,000",18,Yes,Yes,Yes,Purchased the book,Yes,No,1,1,1,Hybrid,1
72,Female,White,Widowed,College graduate,Retired,"$30,000 to under $40,000",18,Yes,Yes,No,Borrowed the book from a library,Yes,Yes,1,1,0,Hybrid,1
68,Female,White,Married,Post-graduate training/professional school after college,Not employed for pay,"$100,000 to under $150,000",18,Yes,No,No,Purchased the book,Yes,Yes,1,0,0,Print-only,0
64,Female,White,Married,Post-graduate training/professional school after college,Retired,"$40,000 to under $50,000",18,Yes,Yes,Yes,Borrowed the book from a library,No,Yes,1,1,1,Hybrid,1
61,Female,White,Married,College graduate,Employed part-time,"$100,000 to under $150,000",18,Yes,No,No,Purchased the book,Yes,Yes,1,0,0,Print-only,0
53,Male,White,Married,Post-graduate training/professional school after college,Employed full-time,"$100,000 to under $150,000",18,No,Yes,Yes,Purchased the book,Yes,No,0,1,1,Digital/Audio-only,1
53,Female,White,Never been married,"Technical, trade or vocational school AFTER high school",Disabled,"Less than $10,000",18,Yes,No,No,Purchased the book,No,No,1,0,0,Print-only,0
51,Male,White,Married,"Some college, no 4-year degree",Employed full-time,"$75,000 to under $100,000",18,Yes,Yes,Yes,Purchased the book,Yes,Yes,1,1,1,Hybrid,1
50,Male,White,Married,High school graduate,Employed full-time,"$50,000 to under $75,000",18,Yes,No,Yes,Purchased the book,Yes,Yes,1,0,1,Hybrid,1
31,Female,White,Married,High school graduate,Not employed for pay,"Less than $10,000",18,Yes,No,No,Purchased the book,No,Yes,1,0,0,Print-only,0
59,Male,Refused,Married,"Some college, no 4-year degree",Retired,"$50,000 to under $75,000",17,Yes,No,No,Purchased the book,Don’t know,Don’t know,1,0,0,Print-only,0
60,Male,White,Married,College graduate,Employed full-time,"$100,000 to under $150,000",17,Yes,Yes,No,Borrowed the book from a friend or family member,No,No,1,1,0,Hybrid,1
43,Female,White,Widowed,College graduate,Employed full-time,"$40,000 to under $50,000",17,Yes,No,Yes,Borrowed the book from a friend or family member,Yes,Yes,1,0,1,Hybrid,1
30,Female,White,Married,Post-graduate training/professional school after college,Employed full-time,"$100,000 to under $150,000",17,Yes,No,Yes,Purchased the book,Yes,No,1,0,1,Hybrid,1
25,Male,White,Never been married,College graduate,Employed full-time,"$50,000 to under $75,000",17,Yes,No,Yes,Got the book some other way,No,Yes,1,0,1,Hybrid,1
17,Male,White,Never been married,High school graduate,Not employed for pay,"$20,000 to under $30,000",17,Yes,No,Yes,Borrowed the book from a library,No,No,1,0,1,Hybrid,1
35,Male,Asian or Pacific Islander,Married,Post-graduate training/professional school after college,Employed full-time,"$100,000 to under $150,000",16,Yes,No,Yes,Purchased the book,No,No,1,0,1,Hybrid,1
50,Male,Black or African-American,Single,High school graduate,Not employed for pay,"Less than $10,000",16,Yes,No,No,Purchased the book,Yes,Yes,1,0,0,Print-only,0
79,Female,White,Divorced,Post-graduate training/professional school after college,Retired,"$50,000 to under $75,000",16,Yes,No,No,Purchased the book,Yes,Yes,1,0,0,Print-only,0
79,Female,White,Widowed,High school incomplete,Not employed for pay,"$30,000 to under $40,000",16,Yes,No,No,Purchased the book,Yes,Yes,1,0,0,Print-only,0
78,Female,White,Widowed,High school graduate,Retired,"$20,000 to under $30,000",16,Yes,No,No,Got the book some other way,No,Yes,1,0,0,Print-only,0
76,Female,White,Married,Post-graduate training/professional school after college,Retired,Refused,16,Yes,No,No,Borrowed the book from a library,Yes,Yes,1,0,0,Print-only,0
67,Male,White,Single,"Some college, no 4-year degree",Retired,"$10,000 to under $20,000",16,Yes,No,No,Purchased the book,Yes,No,1,0,0,Print-only,0
65,Male,White,Married,Post-graduate training/professional school after college,Retired,"$100,000 to under $150,000",16,Yes,No,No,Borrowed the book from a friend or family member,Yes,Yes,1,0,0,Print-only,0
40,Female,White,Married,Post-graduate training/professional school after college,Employed full-time,"$75,000 to under $100,000",16,No,No,Yes,Purchased the book,Yes,Yes,0,0,1,Digital/Audio-only,1
36,Male,White,Married,Post-graduate training/professional school after college,Employed full-time,Refused,16,Yes,No,Yes,Purchased the book,Yes,Yes,1,0,1,Hybrid,1
22,Male,White,Never been married,High school incomplete,Employed full-time,"Less than $10,000",16,Yes,No,No,Borrowed the book from a friend or family member,Yes,No,1,0,0,Print-only,0
60,Female,Refused,Married,Post-graduate training/professional school after college,Employed full-time,"$75,000 to under $100,000",15,Yes,No,No,Borrowed the book from a library,Yes,Yes,1,0,0,Print-only,0
29,Female,Don’t know,Married,College graduate,Employed full-time,"$50,000 to under $75,000",15,Yes,Yes,No,Borrowed the book from a library,Yes,Yes,1,1,0,Hybrid,1
65,Female,Other,Married,High school incomplete,Employed part-time,Refused,15,Yes,No,No,Purchased the book,Yes,Yes,1,0,0,Print-only,0
37,Female,Other,Married,Post-graduate training/professional school after college,Not employed for pay,"$100,000 to under $150,000",15,Yes,No,No,Purchased the book,Yes,Yes,1,0,0,Print-only,0
36,Female,Other,Married,College graduate,Employed full-time,"$100,000 to under $150,000",15,Yes,Yes,Yes,Purchased the book,Yes,No,1,1,1,Hybrid,1
62,Male,Native American/American Indian,Divorced,College graduate,Retired,"$40,000 to under $50,000",15,Yes,Yes,No,9,No,No,1,1,0,Hybrid,1
69,Male,Mixed race,Married,College graduate,Retired,"Less than $10,000",15,Yes,No,No,Purchased the book,Yes,No,1,0,0,Print-only,0
38,Female,Mixed race,Married,College graduate,Not employed for pay,"$100,000 to under $150,000",15,Yes,No,No,Purchased the book,No,Yes,1,0,0,Print-only,0
57,Male,Asian or Pacific Islander,Married,College graduate,Not employed for pay,"$100,000 to under $150,000",15,Yes,No,No,Purchased the book,No,Yes,1,0,0,Print-only,0
50,Male,Asian or Pacific Islander,Married,Post-graduate training/professional school after college,Employed full-time,"$100,000 to under $150,000",15,Yes,No,Yes,Purchased the book,Yes,Yes,1,0,1,Hybrid,1
33,Female,Asian or Pacific Islander,Never been married,Post-graduate training/professional school after college,Employed full-time,"$75,000 to under $100,000",15,Yes,Yes,Yes,Borrowed the book from a library,Yes,Yes,1,1,1,Hybrid,1
30,Female,Asian or Pacific Islander,Never been married,"Some college, no 4-year degree",Employed full-time,"9$100,000 to under $150,000",15,Yes,No,No,Got the book some other way,No,Yes,1,0,0,Print-only,0
26,Female,Asian or Pacific Islander,Married,"Some college, no 4-year degree",Student,"$30,000 to under $40,000",15,Yes,No,Yes,Purchased the book,Yes,No,1,0,1,Hybrid,1
59,Female,Black or African-American,Don’t know,College graduate,Retired,Refused,15,Yes,No,No,Purchased the book,No,Yes,1,0,0,Print-only,0
59,Male,Black or African-American,Married,High school graduate,Retired,"$20,000 to under $30,000",15,Yes,No,No,Borrowed the book from a friend or family member,No,Yes,1,0,0,Print-only,0
51,Female,Black or African-American,Widowed,High school graduate,Employed part-time,"$20,000 to under $30,000",15,Yes,No,Yes,Purchased the book,Yes,Yes,1,0,1,Hybrid,1
40,Male,Black or African-American,Married,College graduate,Employed full-time,"$100,000 to under $150,000",15,Yes,No,Yes,Purchased the book,Yes,Yes,1,0,1,Hybrid,1
37,Male,Black or African-American,Living with a partner,College graduate,Employed full-time,"$75,000 to under $100,000",15,Yes,No,Yes,Purchased the book,Yes,Yes,1,0,1,Hybrid,1
32,Female,Black or African-American,Never been married,College graduate,Employed part-time,"$10,000 to under $20,000",15,Yes,No,Yes,Purchased the book,No,Yes,1,0,1,Hybrid,1
29,Female,Black or African-American,Widowed,"Some college, no 4-year degree",Not employed for pay,"$20,000 to under $30,000",15,Yes,No,No,Borrowed the book from a library,No,Yes,1,0,0,Print-only,0
24,Female,Black or African-American,Single,College graduate,Employed full-time,"Less than $10,000",15,Yes,No,No,Borrowed the book from a library,Yes,Yes,1,0,0,Print-only,0
81,Female,White,Widowed,"Some college, no 4-year degree",Retired,"$20,000 to under $30,000",15,Yes,No,No,Borrowed the book from a library,Yes,Yes,1,0,0,Print-only,0
81,Male,White,Married,College graduate,Retired,"$20,000 to under $30,000",15,Yes,No,No,Borrowed the book from a friend or family member,Yes,No,1,0,0,Print-only,0
78,Male,White,Divorced,Post-graduate training/professional school after college,Retired,"$30,000 to under $40,000",15,Yes,No,No,Purchased the book,No,Yes,1,0,0,Print-only,0
78,Male,White,Widowed,"Some college, no 4-year degree",Have own business/self-employed,"$30,000 to under $40,000",15,Yes,Yes,Yes,Got the book some other way,Yes,Yes,1,1,1,Hybrid,1
77,Female,White,Never been married,High school graduate,Employed part-time,"$30,000 to under $40,000",15,Yes,No,No,Got the book some other way,Yes,Yes,1,0,0,Print-only,0
75,Male,White,Married,High school graduate,Retired,"$10,000 to under $20,000",15,Yes,No,No,Borrowed the book from a library,Yes,Yes,1,0,0,Print-only,0
71,Male,White,Married,Post-graduate training/professional school after college,Retired,"$100,000 to under $150,000",15,Yes,No,No,8,Yes,No,1,0,0,Print-only,0
71,Male,White,Widowed,High school incomplete,Retired,"Less than $10,000",15,Yes,No,No,Borrowed the book from a friend or family member,Yes,No,1,0,0,Print-only,0
70,Female,White,Married,Post-graduate training/professional school after college,Retired,"$40,000 to under $50,000",15,Yes,No,Yes,Purchased the book,No,Yes,1,0,1,Hybrid,1
69,Female,White,Divorced,Post-graduate training/professional school after college,Retired,"$30,000 to under $40,000",15,Yes,No,No,Purchased the book,No,No,1,0,0,Print-only,0
68,Female,White,Married,College graduate,Retired,"$50,000 to under $75,000",15,Yes,Yes,No,Borrowed the book from a friend or family member,No,Yes,1,1,0,Hybrid,1
68,Female,White,Divorced,"Some college, no 4-year degree",Employed full-time,Refused,15,Yes,No,No,Got the book some other way,Yes,Yes,1,0,0,Print-only,0
68,Female,White,Widowed,Post-graduate training/professional school after college,Retired,"$100,000 to under $150,000",15,No,No,Yes,Borrowed the book from a library,Yes,Yes,0,0,1,Digital/Audio-only,1
67,Female,White,Married,Post-graduate training/professional school after college,Retired,"$100,000 to under $150,000",15,Yes,No,No,Purchased the book,Yes,Yes,1,0,0,Print-only,0
66,Female,White,Divorced,"Some college, no 4-year degree",Employed full-time,Refused,15,Yes,No,No,Borrowed the book from a friend or family member,No,No,1,0,0,Print-only,0
66,Male,White,Married,"Some college, no 4-year degree",Retired,"$40,000 to under $50,000",15,Yes,No,Yes,Got the book some other way,Yes,No,1,0,1,Hybrid,1
65,Female,White,Married,College graduate,Employed part-time,"$20,000 to under $30,000",15,Yes,No,No,Purchased the book,Yes,Yes,1,0,0,Print-only,0
65,Male,White,Married,High school graduate,Retired,"$20,000 to under $30,000",15,Yes,No,No,Purchased the book,No,Yes,1,0,0,Print-only,0
65,Female,White,Married,Post-graduate training/professional school after college,Retired,"$75,000 to under $100,000",15,Yes,No,Yes,Purchased the book,Yes,Yes,1,0,1,Hybrid,1
65,Male,White,Married,College graduate,Employed full-time,"$100,000 to under $150,000",15,Yes,Yes,No,Purchased the book,Yes,Yes,1,1,0,Hybrid,1
64,Male,White,Married,College graduate,Retired,"$100,000 to under $150,000",15,Yes,No,Yes,Purchased the book,Yes,No,1,0,1,Hybrid,1
64,Male,White,Divorced,High school graduate,Retired,"$20,000 to under $30,000",15,Yes,No,No,Borrowed the book from a friend or family member,No,Yes,1,0,0,Print-only,0
63,Female,White,Married,College graduate,Disabled,"$40,000 to under $50,000",15,Yes,No,No,Purchased the book,Yes,No,1,0,0,Print-only,0
62,Female,White,Never been married,"Some college, no 4-year degree",Retired,"$30,000 to under $40,000",15,Yes,No,No,Purchased the book,Yes,Yes,1,0,0,Print-only,0
62,Male,White,Married,Post-graduate training/professional school after college,Retired,"$100,000 to under $150,000",15,Yes,No,Yes,Purchased the book,Yes,Yes,1,0,1,Hybrid,1
61,Male,White,Married,College graduate,Employed full-time,"$100,000 to under $150,000",15,Yes,No,No,Purchased the book,Yes,No,1,0,0,Print-only,0
61,Male,White,Married,High school graduate,Employed full-time,Refused,15,Yes,No,No,Got the book some other way,Yes,Yes,1,0,0,Print-only,0
60,Female,White,Married,College graduate,Employed full-time,"$50,000 to under $75,000",15,Yes,Yes,No,Purchased the book,No,Yes,1,1,0,Hybrid,1
60,Female,White,Married,College graduate,Employed part-time,"$100,000 to under $150,000",15,Yes,Yes,No,Purchased the book,Yes,Yes,1,1,0,Hybrid,1
59,Female,White,Divorced,Post-graduate training/professional school after college,Employed full-time,"$100,000 to under $150,000",15,Yes,Yes,Yes,Purchased the book,Yes,Yes,1,1,1,Hybrid,1
57,Female,White,Married,"Technical, trade or vocational school AFTER high school",Employed full-time,"$100,000 to under $150,000",15,Yes,No,No,Borrowed the book from a friend or family member,Yes,Yes,1,0,0,Print-only,0
56,Female,White,Married,"Some college, no 4-year degree",Employed full-time,"$50,000 to under $75,000",15,Yes,No,Yes,Purchased the book,Yes,No,1,0,1,Hybrid,1
56,Female,White,Married,College graduate,Retired,"$100,000 to under $150,000",15,Yes,No,No,Purchased the book,Yes,Yes,1,0,0,Print-only,0
55,Male,White,Married,High school graduate,Retired,"$10,000 to under $20,000",15,No,Yes,Yes,Got the book some other way,Yes,No,0,1,1,Digital/Audio-only,1
55,Female,White,Married,High school graduate,Employed full-time,"$100,000 to under $150,000",15,Yes,No,Yes,Purchased the book,Yes,Yes,1,0,1,Hybrid,1
54,Male,White,Never been married,College graduate,Employed full-time,"$30,000 to under $40,000",15,Yes,No,No,Purchased the book,Yes,Yes,1,0,0,Print-only,0
54,Male,White,Married,Post-graduate training/professional school after college,Employed full-time,"$100,000 to under $150,000",15,Yes,No,Yes,Purchased the book,No,Yes,1,0,1,Hybrid,1
54,Female,White,Married,College graduate,Employed full-time,"$75,000 to under $100,000",15,Yes,No,Yes,Purchased the book,No,Yes,1,0,1,Hybrid,1
52,Male,White,Married,College graduate,Employed full-time,"$100,000 to under $150,000",15,Yes,No,Yes,Purchased the book,Yes,Yes,1,0,1,Hybrid,1
51,Female,White,Married,"Some college, no 4-year degree",Employed full-time,"$75,000 to under $100,000",15,Yes,No,Yes,Got the book some other way,No,Yes,1,0,1,Hybrid,1
51,Male,White,Divorced,"Some college, no 4-year degree",Employed full-time,"$100,000 to under $150,000",15,Yes,No,No,Borrowed the book from a friend or family member,Yes,No,1,0,0,Print-only,0
50,Male,White,Living with a partner,High school graduate,Employed full-time,"$50,000 to under $75,000",15,Yes,No,No,Purchased the book,No,No,1,0,0,Print-only,0
50,Female,White,Married,College graduate,Employed full-time,"$75,000 to under $100,000",15,Yes,Yes,No,Borrowed the book from a friend or family member,No,Yes,1,1,0,Hybrid,1
50,Male,White,Married,Post-graduate training/professional school after college,Employed part-time,"$100,000 to under $150,000",15,Yes,No,No,Purchased the book,Yes,Yes,1,0,0,Print-only,0
50,Male,White,Married,"Some college, no 4-year degree",Have own business/self-employed,"$100,000 to under $150,000",15,Yes,No,Yes,Purchased the book,Yes,Yes,1,0,1,Hybrid,1
49,Male,White,Married,High school graduate,Employed full-time,"$100,000 to under $150,000",15,Yes,No,No,Purchased the book,Yes,No,1,0,0,Print-only,0
48,Female,White,Married,College graduate,Retired,"$75,000 to under $100,000",15,Yes,No,Yes,Borrowed the book from a friend or family member,Yes,Yes,1,0,1,Hybrid,1
47,Female,White,Married,College graduate,Employed full-time,"$40,000 to under $50,000",15,Yes,No,No,Got the book some other way,No,Yes,1,0,0,Print-only,0
47,Male,White,Divorced,College graduate,Have own business/self-employed,"$30,000 to under $40,000",15,Yes,No,No,Got the book some other way,Yes,No,1,0,0,Print-only,0
45,Female,White,Married,Post-graduate training/professional school after college,Have own business/self-employed,"$100,000 to under $150,000",15,Yes,No,No,Purchased the book,No,Yes,1,0,0,Print-only,0
44,Male,White,Married,Post-graduate training/professional school after college,Employed full-time,Refused,15,Yes,No,No,Purchased the book,No,Yes,1,0,0,Print-only,0
44,Female,White,Married,College graduate,Employed full-time,"$100,000 to under $150,000",15,Yes,No,Yes,Purchased the book,No,No,1,0,1,Hybrid,1
43,Male,White,Married,College graduate,Employed full-time,"$75,000 to under $100,000",15,Yes,No,No,Purchased the book,Yes,Yes,1,0,0,Print-only,0
43,Female,White,Married,College graduate,Employed full-time,"$100,000 to under $150,000",15,Yes,No,Yes,Purchased the book,No,No,1,0,1,Hybrid,1
42,Female,White,Married,Post-graduate training/professional school after college,Employed part-time,"$100,000 to under $150,000",15,No,Yes,Yes,Purchased the book,No,No,0,1,1,Digital/Audio-only,1
42,Female,White,Married,College graduate,Employed part-time,"$30,000 to under $40,000",15,No,No,No,Got the book some other way,No,No,0,0,0,Non-reader,0
40,Male,White,Married,High school graduate,Not employed for pay,"$40,000 to under $50,000",15,Yes,No,No,Purchased the book,Yes,No,1,0,0,Print-only,0
39,Female,White,Divorced,Post-graduate training/professional school after college,Employed full-time,"$75,000 to under $100,000",15,Yes,No,No,Borrowed the book from a library,No,Yes,1,0,0,Print-only,0
39,Male,White,Married,College graduate,Have own business/self-employed,"$30,000 to under $40,000",15,Yes,Yes,Yes,Purchased the book,No,No,1,1,1,Hybrid,1
39,Male,White,Married,"Some college, no 4-year degree",Employed full-time,"$100,000 to under $150,000",15,Yes,Yes,Yes,Borrowed the book from a library,No,Yes,1,1,1,Hybrid,1
39,Male,White,Divorced,"Some college, no 4-year degree",Employed full-time,"$75,000 to under $100,000",15,Yes,No,No,Got the book some other way,Yes,Yes,1,0,0,Print-only,0
37,Male,White,Married,Post-graduate training/professional school after college,Employed full-time,"$75,000 to under $100,000",15,Yes,No,Yes,Purchased the book,No,Yes,1,0,1,Hybrid,1
36,Male,White,Married,"Technical, trade or vocational school AFTER high school",Employed full-time,"$40,000 to under $50,000",15,Yes,Yes,Yes,Borrowed the book from a friend or family member,Yes,Yes,1,1,1,Hybrid,1
35,Female,White,Married,College graduate,Employed full-time,"$50,000 to under $75,000",15,Yes,No,Yes,Borrowed the book from a friend or family member,Yes,No,1,0,1,Hybrid,1
33,Male,White,Married,Post-graduate training/professional school after college,Employed full-time,"$50,000 to under $75,000",15,No,No,Yes,Purchased the book,Yes,No,0,0,1,Digital/Audio-only,1
32,Male,White,Married,College graduate,Employed full-time,"$100,000 to under $150,000",15,Yes,No,Yes,Purchased the book,Yes,Yes,1,0,1,Hybrid,1
32,Male,White,Married,High school graduate,Employed full-time,"$75,000 to under $100,000",15,Yes,Yes,Yes,Purchased the book,No,Yes,1,1,1,Hybrid,1
31,Female,White,Married,College graduate,Employed full-time,"$50,000 to under $75,000",15,Yes,No,Yes,Purchased the book,Yes,No,1,0,1,Hybrid,1
30,Male,White,Married,Post-graduate training/professional school after college,Employed full-time,"$75,000 to under $100,000",15,Yes,No,Yes,Borrowed the book from a library,No,No,1,0,1,Hybrid,1
30,Female,White,Married,College graduate,Not employed for pay,"$50,000 to under $75,000",15,Yes,No,No,Purchased the book,Yes,No,1,0,0,Print-only,0
27,Female,White,Never been married,College graduate,Employed full-time,"$20,000 to under $30,000",15,Yes,No,No,Borrowed the book from a friend or family member,No,No,1,0,0,Print-only,0
24,Male,White,Never been married,College graduate,Employed full-time,"$50,000 to under $75,000",15,Yes,No,No,Borrowed the book from a friend or family member,Yes,No,1,0,0,Print-only,0
23,Male,White,Married,"Some college, no 4-year degree",Employed full-time,"$50,000 to under $75,000",15,Yes,No,Yes,Purchased the book,Yes,Yes,1,0,1,Hybrid,1
23,Female,White,Never been married,College graduate,Not employed for pay,"$30,000 to under $40,000",15,Yes,No,No,Purchased the book,No,No,1,0,0,Print-only,0
22,Female,White,Married,"Some college, no 4-year degree",Not employed for pay,"$20,000 to under $30,000",15,Yes,No,No,Borrowed the book from a friend or family member,No,No,1,0,0,Print-only,0
22,Male,White,Single,"Some college, no 4-year degree",Employed full-time,"$100,000 to under $150,000",15,Yes,Yes,Yes,Purchased the book,Yes,Yes,1,1,1,Hybrid,1
18,Female,White,Never been married,High school incomplete,Not employed for pay,"$30,000 to under $40,000",15,Yes,No,No,Borrowed the book from a library,No,No,1,0,0,Print-only,0
17,Female,White,Never been married,High school incomplete,Employed part-time,"9$100,000 to under $150,000",15,Yes,No,No,Purchased the book,No,Yes,1,0,0,Print-only,0
17,Male,White,Never been married,High school incomplete,Employed part-time,"9$100,000 to under $150,000",15,Yes,No,No,Borrowed the book from a library,No,Yes,1,0,0,Print-only,0
17,Male,White,Never been married,High school incomplete,Not employed for pay,"$30,000 to under $40,000",15,Yes,No,No,Borrowed the book from a friend or family member,No,No,1,0,0,Print-only,0
17,Male,White,Never been married,High school incomplete,Not employed for pay,"$20,000 to under $30,000",15,Yes,No,No,Borrowed the book from a library,Yes,Yes,1,0,0,Print-only,0
16,Female,White,Never been married,High school incomplete,Not employed for pay,"$75,000 to under $100,000",15,Yes,No,No,Got the book some other way,No,Yes,1,0,0,Print-only,0
52,Female,Refused,Widowed,"Some college, no 4-year degree",Not employed for pay,Refused,14,Yes,No,No,Purchased the book,No,No,1,0,0,Print-only,0
16,Male,Asian or Pacific Islander,Never been married,High school incomplete,Not employed for pay,"9$100,000 to under $150,000",14,Yes,No,Yes,Borrowed the book from a library,Yes,No,1,0,1,Hybrid,1
80,Male,White,Married,Post-graduate training/professional school after college,Retired,"$50,000 to under $75,000",14,Yes,No,No,Borrowed the book from a library,Yes,Yes,1,0,0,Print-only,0
77,Male,White,Married,Post-graduate training/professional school after college,Retired,"$100,000 to under $150,000",14,Yes,No,Yes,Purchased the book,Yes,No,1,0,1,Hybrid,1
64,Female,White,Married,Post-graduate training/professional school after college,Employed full-time,Refused,14,Yes,No,No,Purchased the book,No,No,1,0,0,Print-only,0
53,Male,White,Married,"Some college, no 4-year degree",Retired,"9$100,000 to under $150,000",14,Yes,No,No,Got the book some other way,No,Yes,1,0,0,Print-only,0
52,Male,White,Never been married,College graduate,Not employed for pay,"$40,000 to under $50,000",14,Yes,No,No,Borrowed the book from a friend or family member,Yes,Yes,1,0,0,Print-only,0
52,Female,White,Married,"Some college, no 4-year degree",Not employed for pay,"$20,000 to under $30,000",14,Yes,No,Yes,Purchased the book,Yes,Yes,1,0,1,Hybrid,1
16,Female,White,Never been married,High school incomplete,Not employed for pay,"9$100,000 to under $150,000",14,Yes,No,No,Borrowed the book from a library,No,Yes,1,0,0,Print-only,0
47,Female,Black or African-American,Living with a partner,High school graduate,Employed full-time,"$40,000 to under $50,000",13,Yes,No,No,Purchased the book,No,Yes,1,0,0,Print-only,0
24,Male,Black or African-American,Single,High school graduate,Employed full-time,"$10,000 to under $20,000",13,No,Yes,No,Borrowed the book from a friend or family member,No,Yes,0,1,0,Digital/Audio-only,1
21,Female,Black or African-American,Never been married,"Some college, no 4-year degree",Not employed for pay,"$30,000 to under $40,000",13,Yes,No,No,Purchased the book,No,Yes,1,0,0,Print-only,0
52,Male,White,Married,Post-graduate training/professional school after college,Employed full-time,Refused,13,Yes,Yes,No,Borrowed the book from a library,No,Yes,1,1,0,Hybrid,1
52,Male,White,Married,"Some college, no 4-year degree",Employed full-time,"$100,000 to under $150,000",13,Yes,Yes,No,Purchased the book,Yes,Yes,1,1,0,Hybrid,1
50,Female,White,Widowed,College graduate,Retired,"$75,000 to under $100,000",13,Yes,No,No,Purchased the book,No,Yes,1,0,0,Print-only,0
42,Female,White,Separated,College graduate,Employed full-time,"$40,000 to under $50,000",13,Yes,No,Yes,Purchased the book,No,Yes,1,0,1,Hybrid,1
34,Female,White,Divorced,High school graduate,Employed full-time,"$30,000 to under $40,000",13,Yes,No,Yes,Purchased the book,Yes,No,1,0,1,Hybrid,1
30,Female,White,Married,Post-graduate training/professional school after college,Employed part-time,"$75,000 to under $100,000",13,Yes,No,No,Purchased the book,Yes,Yes,1,0,0,Print-only,0
22,Female,White,Married,"Some college, no 4-year degree",Employed full-time,"$10,000 to under $20,000",13,Yes,No,No,Purchased the book,Yes,No,1,0,0,Print-only,0
17,Male,White,Never been married,High school incomplete,Employed part-time,"$100,000 to under $150,000",13,Yes,No,No,Borrowed the book from a library,No,Yes,1,0,0,Print-only,0
16,Female,White,Never been married,High school incomplete,Not employed for pay,"$20,000 to under $30,000",13,Yes,No,Yes,Purchased the book,No,Yes,1,0,1,Hybrid,1
78,Male,Refused,Married,Post-graduate training/professional school after college,Retired,Refused,12,Yes,No,No,Purchased the book,Yes,No,1,0,0,Print-only,0
76,Male,Refused,Married,"Some college, no 4-year degree",Employed part-time,"$40,000 to under $50,000",12,Yes,No,Yes,Borrowed the book from a friend or family member,Yes,No,1,0,1,Hybrid,1
63,Male,Other,Married,College graduate,Employed full-time,"$100,000 to under $150,000",12,Yes,No,No,Purchased the book,Yes,Yes,1,0,0,Print-only,0
23,Male,Other,Married,High school graduate,Employed full-time,"$50,000 to under $75,000",12,Yes,No,Yes,Borrowed the book from a friend or family member,No,Yes,1,0,1,Hybrid,1
17,Female,Other,Never been married,High school incomplete,Employed part-time,"$100,000 to under $150,000",12,Yes,No,Yes,Purchased the book,Yes,Yes,1,0,1,Hybrid,1
69,Male,Native American/American Indian,Married,Post-graduate training/professional school after college,Retired,Refused,12,Yes,No,No,Purchased the book,Yes,No,1,0,0,Print-only,0
52,Male,Native American/American Indian,Married,"Some college, no 4-year degree",Employed full-time,"$10,000 to under $20,000",12,Yes,No,No,Borrowed the book from a friend or family member,No,No,1,0,0,Print-only,0
41,Male,Native American/American Indian,Divorced,High school graduate,Not employed for pay,"$10,000 to under $20,000",12,Yes,No,No,Purchased the book,Yes,No,1,0,0,Print-only,0
47,Female,Mixed race,Married,"Some college, no 4-year degree",Employed full-time,"$40,000 to under $50,000",12,Yes,Yes,No,Purchased the book,Yes,Yes,1,1,0,Hybrid,1
44,Female,Mixed race,Divorced,College graduate,Employed full-time,"$75,000 to under $100,000",12,Yes,No,No,Purchased the book,No,Yes,1,0,0,Print-only,0
39,Male,Mixed race,Married,High school graduate,Employed full-time,"$50,000 to under $75,000",12,No,Yes,Yes,Purchased the book,No,Yes,0,1,1,Digital/Audio-only,1
27,Male,Mixed race,Married,"Some college, no 4-year degree",Not employed for pay,"$10,000 to under $20,000",12,Yes,No,No,Purchased the book,No,No,1,0,0,Print-only,0
17,Male,Mixed race,Never been married,High school incomplete,Not employed for pay,"$50,000 to under $75,000",12,Yes,No,No,Got the book some other way,No,No,1,0,0,Print-only,0
18,Female,Asian or Pacific Islander,Never been married,High school incomplete,Not employed for pay,"$75,000 to under $100,000",12,Yes,No,No,Borrowed the book from a friend or family member,Yes,Yes,1,0,0,Print-only,0
78,Female,Black or African-American,Widowed,College graduate,Retired,"$40,000 to under $50,000",12,Yes,No,No,Borrowed the book from a library,Yes,No,1,0,0,Print-only,0
75,Male,Black or African-American,Widowed,"Some college, no 4-year degree",Retired,"$30,000 to under $40,000",12,Yes,Yes,Yes,Borrowed the book from a library,Yes,No,1,1,1,Hybrid,1
66,Male,Black or African-American,Separated,"Technical, trade or vocational school AFTER high school",Retired,Refused,12,Yes,No,Yes,Purchased the book,Yes,Yes,1,0,1,Hybrid,1
62,Female,Black or African-American,Single,Post-graduate training/professional school after college,Retired,"$20,000 to under $30,000",12,Yes,No,No,Got the book some other way,No,No,1,0,0,Print-only,0
61,Male,Black or African-American,Married,Post-graduate training/professional school after college,Employed full-time,Refused,12,Yes,No,No,Purchased the book,Yes,Yes,1,0,0,Print-only,0
59,Female,Black or African-American,Divorced,High school graduate,Retired,"Less than $10,000",12,Yes,No,No,Purchased the book,Yes,Yes,1,0,0,Print-only,0
58,Female,Black or African-American,Divorced,High school graduate,Retired,"$30,000 to under $40,000",12,Yes,No,No,Purchased the book,Yes,Yes,1,0,0,Print-only,0
56,Female,Black or African-American,Divorced,High school graduate,Employed full-time,"$40,000 to under $50,000",12,Yes,Yes,No,Borrowed the book from a friend or family member,Yes,Yes,1,1,0,Hybrid,1
49,Female,Black or African-American,Separated,College graduate,Employed full-time,"$100,000 to under $150,000",12,Yes,No,No,Purchased the book,Yes,Yes,1,0,0,Print-only,0
43,Male,Black or African-American,Divorced,College graduate,Employed full-time,"$75,000 to under $100,000",12,Yes,No,No,Purchased the book,No,Yes,1,0,0,Print-only,0
42,Female,Black or African-American,Separated,High school graduate,Employed full-time,"$10,000 to under $20,000",12,Yes,No,No,Borrowed the book from a library,Yes,No,1,0,0,Print-only,0
41,Male,Black or African-American,Never been married,High school incomplete,Not employed for pay,"Less than $10,000",12,No,No,No,Borrowed the book from a library,No,No,0,0,0,Non-reader,0
40,Female,Black or African-American,Single,"Some college, no 4-year degree",Employed full-time,Refused,12,Yes,No,No,Purchased the book,Yes,Yes,1,0,0,Print-only,0
35,Female,Black or African-American,Never been married,College graduate,Employed full-time,"$30,000 to under $40,000",12,Yes,No,No,Purchased the book,Yes,No,1,0,0,Print-only,0
35,Female,Black or African-American,Married,Post-graduate training/professional school after college,Employed full-time,"$100,000 to under $150,000",12,Yes,Yes,Yes,Borrowed the book from a library,No,Yes,1,1,1,Hybrid,1
31,Female,Black or African-American,Married,"Technical, trade or vocational school AFTER high school",Not employed for pay,"$10,000 to under $20,000",12,Yes,No,No,Borrowed the book from a friend or family member,Yes,No,1,0,0,Print-only,0
18,Female,Black or African-American,Never been married,High school graduate,Not employed for pay,"$75,000 to under $100,000",12,Yes,No,Yes,Purchased the book,Yes,No,1,0,1,Hybrid,1
91,Male,White,Widowed,Post-graduate training/professional school after college,Retired,"$75,000 to under $100,000",12,Yes,No,No,Borrowed the book from a friend or family member,Yes,Yes,1,0,0,Print-only,0
87,Female,White,Married,College graduate,Retired,Refused,12,No,No,Yes,Got the book some other way,Yes,Yes,0,0,1,Digital/Audio-only,1
86,Male,White,Married,High school graduate,Retired,"$10,000 to under $20,000",12,Yes,Yes,No,Borrowed the book from a library,Yes,No,1,1,0,Hybrid,1
83,Male,White,Married,College graduate,Retired,Refused,12,No,No,No,Purchased the book,Yes,No,0,0,0,Non-reader,0
83,Male,White,Married,Post-graduate training/professional school after college,Employed part-time,"$50,000 to under $75,000",12,Yes,No,Yes,Purchased the book,No,Yes,1,0,1,Hybrid,1
80,Female,White,Widowed,Post-graduate training/professional school after college,Retired,"$30,000 to under $40,000",12,Yes,No,No,Borrowed the book from a friend or family member,Yes,Yes,1,0,0,Print-only,0
80,Male,White,Married,"Some college, no 4-year degree",Retired,Refused,12,Yes,No,No,Purchased the book,Yes,Yes,1,0,0,Print-only,0
79,Female,White,Married,"Technical, trade or vocational school AFTER high school",Retired,"9$100,000 to under $150,000",12,Yes,Yes,No,Purchased the book,Yes,Yes,1,1,0,Hybrid,1
78,Female,White,Never been married,Post-graduate training/professional school after college,Employed full-time,"$10,000 to under $20,000",12,Yes,No,No,Got the book some other way,Yes,Yes,1,0,0,Print-only,0
78,Female,White,Widowed,High school graduate,Retired,"$20,000 to under $30,000",12,Don’t know,No,No,Borrowed the book from a library,Yes,Yes,0,0,0,Non-reader,0
78,Male,White,Married,Post-graduate training/professional school after college,Retired,"$75,000 to under $100,000",12,Yes,No,Yes,Purchased the book,Yes,Yes,1,0,1,Hybrid,1
77,Female,White,Widowed,"Some college, no 4-year degree",Not employed for pay,"9$100,000 to under $150,000",12,No,Yes,No,Borrowed the book from a library,No,Yes,0,1,0,Digital/Audio-only,1
75,Female,White,Married,High school graduate,Retired,Refused,12,Yes,No,No,Borrowed the book from a friend or family member,Yes,Yes,1,0,0,Print-only,0
75,Male,White,Married,High school graduate,Retired,"$50,000 to under $75,000",12,Yes,No,Yes,Purchased the book,Yes,Yes,1,0,1,Hybrid,1
75,Male,White,Living with a partner,High school graduate,Employed part-time,"$50,000 to under $75,000",12,Yes,No,No,Borrowed the book from a library,Yes,Yes,1,0,0,Print-only,0
74,Male,White,Married,High school graduate,Employed part-time,"$75,000 to under $100,000",12,Yes,No,Yes,Purchased the book,Yes,Yes,1,0,1,Hybrid,1
73,Female,White,Married,High school graduate,Retired,Refused,12,Yes,No,No,Purchased the book,Yes,No,1,0,0,Print-only,0
73,Female,White,Married,Post-graduate training/professional school after college,Retired,"$75,000 to under $100,000",12,Yes,No,No,Purchased the book,Yes,Yes,1,0,0,Print-only,0
72,Female,White,Widowed,"Some college, no 4-year degree",Employed part-time,"$30,000 to under $40,000",12,Yes,No,No,Purchased the book,Yes,Yes,1,0,0,Print-only,0
72,Female,White,Widowed,"Some college, no 4-year degree",Retired,"$40,000 to under $50,000",12,No,Yes,Yes,9,No,Yes,0,1,1,Digital/Audio-only,1
70,Female,White,Married,High school graduate,Retired,Refused,12,Yes,No,No,Purchased the book,Yes,Yes,1,0,0,Print-only,0
70,Female,White,Never been married,College graduate,Retired,"$40,000 to under $50,000",12,Yes,No,No,Purchased the book,Yes,Yes,1,0,0,Print-only,0
70,Male,White,Married,"Some college, no 4-year degree",Retired,"$50,000 to under $75,000",12,Yes,No,No,Purchased the book,Yes,Yes,1,0,0,Print-only,0
68,Female,White,Married,"Some college, no 4-year degree",Retired,"$50,000 to under $75,000",12,Yes,No,No,Purchased the book,Yes,Yes,1,0,0,Print-only,0
68,Male,White,Married,Post-graduate training/professional school after college,Employed part-time,"$100,000 to under $150,000",12,Yes,No,Yes,Purchased the book,Yes,Yes,1,0,1,Hybrid,1
68,Female,White,Married,Post-graduate training/professional school after college,Retired,"$40,000 to under $50,000",12,Yes,No,No,Borrowed the book from a library,Yes,Yes,1,0,0,Print-only,0
67,Male,White,Married,College graduate,Retired,"$40,000 to under $50,000",12,Yes,No,No,Purchased the book,Yes,Yes,1,0,0,Print-only,0
67,Male,White,Divorced,Post-graduate training/professional school after college,Retired,"$30,000 to under $40,000",12,Yes,No,No,Borrowed the book from a friend or family member,Yes,No,1,0,0,Print-only,0
67,Male,White,Married,Post-graduate training/professional school after college,Retired,Refused,12,Yes,No,No,Purchased the book,Yes,Yes,1,0,0,Print-only,0
67,Male,White,Married,Post-graduate training/professional school after college,Employed part-time,"$30,000 to under $40,000",12,Yes,Yes,No,Borrowed the book from a friend or family member,Yes,Yes,1,1,0,Hybrid,1
66,Female,White,Widowed,"Some college, no 4-year degree",Retired,"$40,000 to under $50,000",12,Yes,No,Yes,Purchased the book,Yes,Yes,1,0,1,Hybrid,1
66,Female,White,Married,College graduate,Employed part-time,"$100,000 to under $150,000",12,Yes,No,No,Purchased the book,Yes,Yes,1,0,0,Print-only,0
65,Male,White,Married,High school incomplete,Retired,"$20,000 to under $30,000",12,Yes,No,No,Purchased the book,No,Yes,1,0,0,Print-only,0
65,Female,White,Married,College graduate,Retired,Refused,12,Yes,No,No,Borrowed the book from a library,Yes,Yes,1,0,0,Print-only,0
65,Male,White,Married,College graduate,Retired,"$75,000 to under $100,000",12,Yes,No,Yes,Purchased the book,Yes,Yes,1,0,1,Hybrid,1
65,Female,White,Married,College graduate,Retired,Refused,12,Yes,No,No,Purchased the book,Yes,Yes,1,0,0,Print-only,0
65,Male,White,Married,College graduate,Retired,"$75,000 to under $100,000",12,Yes,No,Yes,Purchased the book,Yes,Yes,1,0,1,Hybrid,1
64,Female,White,Married,"Some college, no 4-year degree",Retired,"$40,000 to under $50,000",12,Yes,No,No,Purchased the book,Yes,Yes,1,0,0,Print-only,0
64,Male,White,Living with a partner,Post-graduate training/professional school after college,Employed full-time,"$100,000 to under $150,000",12,Yes,Yes,Yes,Purchased the book,Yes,Yes,1,1,1,Hybrid,1
64,Male,White,Married,High school graduate,Employed full-time,"$50,000 to under $75,000",12,Yes,No,Yes,Purchased the book,Yes,Yes,1,0,1,Hybrid,1
63,Female,White,Divorced,Post-graduate training/professional school after college,Employed full-time,"$50,000 to under $75,000",12,Yes,No,Yes,Borrowed the book from a library,Yes,Yes,1,0,1,Hybrid,1
62,Female,White,Married,Post-graduate training/professional school after college,Employed part-time,"$100,000 to under $150,000",12,Yes,No,No,Purchased the book,Yes,Yes,1,0,0,Print-only,0
62,Female,White,Married,"Some college, no 4-year degree",Retired,"$50,000 to under $75,000",12,Yes,No,Yes,Purchased the book,Yes,Yes,1,0,1,Hybrid,1
61,Male,White,Never been married,College graduate,Employed full-time,"$50,000 to under $75,000",12,Yes,No,No,Purchased the book,No,Yes,1,0,0,Print-only,0
61,Male,White,Married,"Some college, no 4-year degree",Employed full-time,"$100,000 to under $150,000",12,Yes,No,No,Got the book some other way,No,No,1,0,0,Print-only,0
60,Female,White,Married,College graduate,Retired,"$75,000 to under $100,000",12,Yes,No,No,Borrowed the book from a library,Yes,Yes,1,0,0,Print-only,0
60,Female,White,Widowed,"Some college, no 4-year degree",Employed full-time,"$40,000 to under $50,000",12,Yes,Yes,No,Borrowed the book from a library,Yes,Yes,1,1,0,Hybrid,1
60,Male,White,Married,Post-graduate training/professional school after college,Employed part-time,"$100,000 to under $150,000",12,Yes,No,Yes,Purchased the book,Yes,Yes,1,0,1,Hybrid,1
60,Female,White,Divorced,College graduate,Employed full-time,"$75,000 to under $100,000",12,Yes,No,No,Borrowed the book from a friend or family member,Yes,Yes,1,0,0,Print-only,0
59,Female,White,Married,Post-graduate training/professional school after college,Employed part-time,"$30,000 to under $40,000",12,Yes,No,No,Purchased the book,Yes,Yes,1,0,0,Print-only,0
59,Female,White,Married,"Some college, no 4-year degree",Not employed for pay,Refused,12,Yes,No,Yes,Got the book some other way,Yes,No,1,0,1,Hybrid,1
59,Female,White,Married,Post-graduate training/professional school after college,Employed full-time,"$75,000 to under $100,000",12,Yes,No,No,Purchased the book,No,No,1,0,0,Print-only,0
59,Female,White,Married,College graduate,Employed full-time,"$50,000 to under $75,000",12,Yes,No,No,Borrowed the book from a friend or family member,Yes,Yes,1,0,0,Print-only,0
58,Female,White,Divorced,"Some college, no 4-year degree",Not employed for pay,"$10,000 to under $20,000",12,Yes,No,No,Purchased the book,Yes,Yes,1,0,0,Print-only,0
58,Female,White,Divorced,Post-graduate training/professional school after college,Employed full-time,Refused,12,Yes,No,No,Borrowed the book from a friend or family member,Yes,Yes,1,0,0,Print-only,0
58,Female,White,Married,College graduate,Employed full-time,"$75,000 to under $100,000",12,Yes,No,Yes,Purchased the book,Yes,Yes,1,0,1,Hybrid,1
58,Male,White,Married,High school graduate,Employed full-time,"$100,000 to under $150,000",12,Yes,No,Yes,Purchased the book,Yes,Yes,1,0,1,Hybrid,1
57,Female,White,Married,College graduate,Employed full-time,Refused,12,Yes,No,No,Borrowed the book from a friend or family member,No,No,1,0,0,Print-only,0
57,Female,White,Married,"Some college, no 4-year degree",Employed full-time,"$50,000 to under $75,000",12,Yes,No,No,Borrowed the book from a friend or family member,Yes,Yes,1,0,0,Print-only,0
56,Female,White,Living with a partner,High school graduate,Employed full-time,"$50,000 to under $75,000",12,Yes,No,No,Borrowed the book from a friend or family member,Yes,No,1,0,0,Print-only,0
55,Female,White,Single,High school graduate,Not employed for pay,Refused,12,Yes,No,No,Borrowed the book from a friend or family member,No,Yes,1,0,0,Print-only,0
55,Female,White,Married,"Some college, no 4-year degree",Not employed for pay,"$50,000 to under $75,000",12,Yes,No,No,Purchased the book,Yes,No,1,0,0,Print-only,0
55,Male,White,Living with a partner,College graduate,Employed full-time,Refused,12,Yes,No,Yes,Purchased the book,No,Yes,1,0,1,Hybrid,1
55,Male,White,Married,Post-graduate training/professional school after college,Retired,Refused,12,Yes,No,Yes,Purchased the book,Yes,Yes,1,0,1,Hybrid,1
54,Male,White,Married,High school incomplete,Disabled,"$20,000 to under $30,000",12,Yes,No,No,Purchased the book,Yes,Yes,1,0,0,Print-only,0
53,Male,White,Married,High school graduate,Employed full-time,"$40,000 to under $50,000",12,Yes,No,Yes,Purchased the book,No,Yes,1,0,1,Hybrid,1
53,Female,White,Married,High school graduate,Employed full-time,"$20,000 to under $30,000",12,Yes,No,No,Got the book some other way,Yes,Yes,1,0,0,Print-only,0
52,Male,White,Married,"Some college, no 4-year degree",Employed full-time,"$100,000 to under $150,000",12,Yes,Yes,No,Borrowed the book from a friend or family member,Yes,Yes,1,1,0,Hybrid,1
52,Female,White,Married,Post-graduate training/professional school after college,Not employed for pay,"$100,000 to under $150,000",12,Yes,No,No,Purchased the book,Yes,No,1,0,0,Print-only,0
51,Female,White,Married,"Some college, no 4-year degree",Not employed for pay,"9$100,000 to under $150,000",12,Yes,No,No,Borrowed the book from a library,Yes,Yes,1,0,0,Print-only,0
51,Male,White,Married,Post-graduate training/professional school after college,Employed full-time,Refused,12,Yes,No,Yes,Got the book some other way,Yes,Yes,1,0,1,Hybrid,1
51,Female,White,Married,Post-graduate training/professional school after college,Employed full-time,"$75,000 to under $100,000",12,Yes,Yes,No,Borrowed the book from a library,Yes,No,1,1,0,Hybrid,1
50,Female,White,Never been married,"Some college, no 4-year degree",Employed part-time,"$20,000 to under $30,000",12,Yes,Yes,Yes,Borrowed the book from a friend or family member,Yes,No,1,1,1,Hybrid,1
49,Female,White,Never been married,"Some college, no 4-year degree",Not employed for pay,"$20,000 to under $30,000",12,Yes,No,No,Borrowed the book from a library,No,Yes,1,0,0,Print-only,0
49,Male,White,Married,College graduate,Employed full-time,"$100,000 to under $150,000",12,Yes,No,Yes,Got the book some other way,Yes,Yes,1,0,1,Hybrid,1
49,Female,White,Married,College graduate,Not employed for pay,"9$100,000 to under $150,000",12,Yes,No,No,Purchased the book,No,No,1,0,0,Print-only,0
49,Male,White,Married,"Some college, no 4-year degree",Employed full-time,"$75,000 to under $100,000",12,Yes,No,No,Purchased the book,No,No,1,0,0,Print-only,0
49,Male,White,Married,College graduate,Employed full-time,"$100,000 to under $150,000",12,No,No,Yes,Purchased the book,Yes,Yes,0,0,1,Digital/Audio-only,1
48,Male,White,Married,"Some college, no 4-year degree",Employed full-time,"$100,000 to under $150,000",12,Yes,No,Yes,Purchased the book,Yes,No,1,0,1,Hybrid,1
48,Male,White,Married,High school graduate,Employed full-time,"$100,000 to under $150,000",12,Yes,No,No,Borrowed the book from a friend or family member,No,Yes,1,0,0,Print-only,0
44,Male,White,Married,"Some college, no 4-year degree",Employed full-time,"$50,000 to under $75,000",12,Yes,No,No,Borrowed the book from a friend or family member,Yes,Yes,1,0,0,Print-only,0
43,Male,White,Married,High school graduate,Employed full-time,"$40,000 to under $50,000",12,Yes,No,No,Got the book some other way,Yes,No,1,0,0,Print-only,0
43,Female,White,Married,"Some college, no 4-year degree",Employed full-time,"$75,000 to under $100,000",12,Yes,No,Yes,Purchased the book,Yes,No,1,0,1,Hybrid,1
43,Female,White,Married,High school incomplete,Not employed for pay,"$30,000 to under $40,000",12,Yes,Yes,Yes,Borrowed the book from a friend or family member,Yes,Yes,1,1,1,Hybrid,1
42,Male,White,Married,High school incomplete,Employed part-time,"$40,000 to under $50,000",12,Yes,Yes,No,Borrowed the book from a friend or family member,Yes,Yes,1,1,0,Hybrid,1
42,Male,White,Divorced,High school graduate,Employed full-time,"$30,000 to under $40,000",12,Yes,No,No,Borrowed the book from a library,No,No,1,0,0,Print-only,0
41,Female,White,Married,College graduate,Not employed for pay,"$100,000 to under $150,000",12,Yes,No,Yes,Purchased the book,Yes,Yes,1,0,1,Hybrid,1
40,Female,White,Married,Post-graduate training/professional school after college,Employed full-time,"$100,000 to under $150,000",12,Yes,No,No,Purchased the book,No,Yes,1,0,0,Print-only,0
40,Female,White,Married,Don’t know,Employed part-time,"$100,000 to under $150,000",12,Yes,No,No,Borrowed the book from a friend or family member,No,Yes,1,0,0,Print-only,0
40,Male,White,Married,College graduate,Employed full-time,"$100,000 to under $150,000",12,Yes,No,Yes,Purchased the book,Yes,Yes,1,0,1,Hybrid,1
40,Female,White,Married,Post-graduate training/professional school after college,Employed full-time,"$100,000 to under $150,000",12,Yes,No,No,Borrowed the book from a friend or family member,Yes,Yes,1,0,0,Print-only,0
39,Male,White,Married,Post-graduate training/professional school after college,Employed full-time,"$100,000 to under $150,000",12,Yes,No,No,Got the book some other way,Yes,No,1,0,0,Print-only,0
37,Male,White,Never been married,High school graduate,Employed full-time,"9$100,000 to under $150,000",12,No,No,No,Got the book some other way,No,No,0,0,0,Non-reader,0
37,Female,White,Never been married,College graduate,Employed full-time,"$100,000 to under $150,000",12,Yes,No,No,Purchased the book,No,Yes,1,0,0,Print-only,0
36,Male,White,Married,"Some college, no 4-year degree",Employed full-time,"$75,000 to under $100,000",12,Yes,No,Yes,Purchased the book,Yes,Yes,1,0,1,Hybrid,1
36,Female,White,Married,High school graduate,Employed full-time,"$50,000 to under $75,000",12,Yes,No,No,Got the book some other way,No,Yes,1,0,0,Print-only,0
36,Male,White,Married,High school graduate,Employed full-time,"$40,000 to under $50,000",12,Yes,No,No,Purchased the book,Yes,No,1,0,0,Print-only,0
35,Female,White,Married,Post-graduate training/professional school after college,Employed full-time,"$75,000 to under $100,000",12,Yes,No,No,Purchased the book,Yes,Yes,1,0,0,Print-only,0
35,Male,White,Married,Not specified,Employed full-time,"$100,000 to under $150,000",12,Yes,No,No,Purchased the book,Yes,Yes,1,0,0,Print-only,0
35,Female,White,Married,College graduate,Not employed for pay,"$75,000 to under $100,000",12,Yes,No,No,Borrowed the book from a friend or family member,No,No,1,0,0,Print-only,0
34,Female,White,Married,Post-graduate training/professional school after college,Employed part-time,Refused,12,Yes,No,No,Borrowed the book from a library,Yes,No,1,0,0,Print-only,0
33,Male,White,Married,"Some college, no 4-year degree",Employed full-time,"$50,000 to under $75,000",12,Yes,No,Yes,Purchased the book,Yes,No,1,0,1,Hybrid,1
33,Male,White,Married,College graduate,Employed full-time,Refused,12,Yes,No,Yes,Got the book some other way,No,Yes,1,0,1,Hybrid,1
32,Male,White,Married,Post-graduate training/professional school after college,Employed full-time,"$100,000 to under $150,000",12,Yes,No,Yes,Borrowed the book from a friend or family member,No,No,1,0,1,Hybrid,1
32,Female,White,Married,High school graduate,Employed part-time,"$40,000 to under $50,000",12,Yes,No,Yes,Borrowed the book from a friend or family member,No,Yes,1,0,1,Hybrid,1
32,Female,White,Married,College graduate,Employed full-time,"$75,000 to under $100,000",12,Yes,No,No,Purchased the book,No,Yes,1,0,0,Print-only,0
32,Female,White,Married,College graduate,Employed full-time,"$40,000 to under $50,000",12,Yes,No,No,Borrowed the book from a friend or family member,No,No,1,0,0,Print-only,0
31,Male,White,Married,"Some college, no 4-year degree",Employed full-time,"$50,000 to under $75,000",12,Yes,No,No,Got the book some other way,Yes,No,1,0,0,Print-only,0
30,Female,White,Never been married,College graduate,Employed full-time,"$50,000 to under $75,000",12,Yes,No,No,Purchased the book,Yes,Yes,1,0,0,Print-only,0
30,Female,White,Living with a partner,"Some college, no 4-year degree",Employed full-time,"$50,000 to under $75,000",12,Yes,No,No,Purchased the book,No,Yes,1,0,0,Print-only,0
29,Female,White,Never been married,College graduate,Not employed for pay,"$10,000 to under $20,000",12,Yes,Yes,Yes,Purchased the book,Yes,No,1,1,1,Hybrid,1
23,Female,White,Married,High school graduate,Employed full-time,"$30,000 to under $40,000",12,Yes,No,No,Purchased the book,Yes,Yes,1,0,0,Print-only,0
22,Male,White,Married,College graduate,Employed full-time,"$100,000 to under $150,000",12,Yes,No,Don’t know,Borrowed the book from a library,Yes,Yes,1,0,0,Print-only,0
22,Female,White,Single,College graduate,Employed full-time,"$20,000 to under $30,000",12,Yes,No,No,Purchased the book,No,No,1,0,0,Print-only,0
21,Female,White,Never been married,"Some college, no 4-year degree",Employed part-time,"$30,000 to under $40,000",12,Yes,No,No,Borrowed the book from a library,Yes,Yes,1,0,0,Print-only,0
21,Female,White,Living with a partner,"Some college, no 4-year degree",Employed part-time,"Less than $10,000",12,Yes,No,No,Got the book some other way,No,No,1,0,0,Print-only,0
20,Male,White,Single,"Some college, no 4-year degree",Not employed for pay,"$100,000 to under $150,000",12,Yes,No,No,Purchased the book,Yes,Yes,1,0,0,Print-only,0
19,Female,White,Never been married,"Some college, no 4-year degree",Employed part-time,"$20,000 to under $30,000",12,Yes,No,No,Purchased the book,Yes,Yes,1,0,0,Print-only,0
19,Female,White,Never been married,"Some college, no 4-year degree",Employed part-time,"9$100,000 to under $150,000",12,Yes,No,No,Purchased the book,Yes,No,1,0,0,Print-only,0
18,Male,White,Single,High school incomplete,Not employed for pay,"9$100,000 to under $150,000",12,Yes,No,Don’t know,Got the book some other way,Yes,Yes,1,0,0,Print-only,0
18,Male,White,Never been married,High school graduate,Not employed for pay,"$40,000 to under $50,000",12,Yes,No,Yes,Purchased the book,Yes,No,1,0,1,Hybrid,1
17,Female,White,Never been married,High school incomplete,Not employed for pay,"9$100,000 to under $150,000",12,Yes,No,Yes,Purchased the book,No,No,1,0,1,Hybrid,1
17,Male,White,Never been married,High school incomplete,Employed part-time,"$10,000 to under $20,000",12,Yes,No,No,Purchased the book,Yes,No,1,0,0,Print-only,0
17,Female,White,Never been married,High school incomplete,Student,"$100,000 to under $150,000",12,Yes,No,No,Got the book some other way,No,No,1,0,0,Print-only,0
16,Male,White,Never been married,High school incomplete,Not employed for pay,"$20,000 to under $30,000",12,Yes,No,No,Borrowed the book from a library,No,Yes,1,0,0,Print-only,0
16,Male,White,Never been married,Not specified,Not employed for pay,"9$100,000 to under $150,000",12,No,No,No,Borrowed the book from a library,No,Yes,0,0,0,Non-reader,0
16,Female,White,Never been married,Not specified,Not employed for pay,"9$100,000 to under $150,000",12,Yes,No,No,Got the book some other way,No,Yes,1,0,0,Print-only,0
16,Female,White,Never been married,High school incomplete,Employed part-time,"$100,000 to under $150,000",12,Yes,No,No,Purchased the book,No,No,1,0,0,Print-only,0
50,Male,Black or African-American,Living with a partner,"Some college, no 4-year degree",Retired,"$50,000 to under $75,000",11,Yes,No,No,Purchased the book,Yes,No,1,0,0,Print-only,0
52,Female,White,Married,College graduate,Not employed for pay,"$100,000 to under $150,000",11,Yes,Yes,Yes,Borrowed the book from a library,Yes,Yes,1,1,1,Hybrid,1
33,Female,White,Married,College graduate,Employed full-time,"$75,000 to under $100,000",11,No,No,Yes,Purchased the book,No,No,0,0,1,Digital/Audio-only,1
18,Female,White,Never been married,"Some college, no 4-year degree",Employed part-time,"9$100,000 to under $150,000",11,Yes,No,No,Borrowed the book from a friend or family member,Yes,Yes,1,0,0,Print-only,0
64,Male,Refused,Married,"Some college, no 4-year degree",Employed full-time,Refused,10,Yes,No,No,Purchased the book,Yes,No,1,0,0,Print-only,0
50,Male,Refused,Married,College graduate,Employed full-time,Refused,10,Yes,Yes,No,Purchased the book,Yes,Yes,1,1,0,Hybrid,1
24,Female,Don’t know,Never been married,"Technical, trade or vocational school AFTER high school",Employed full-time,"9$100,000 to under $150,000",10,No,No,No,Borrowed the book from a library,Yes,No,0,0,0,Non-reader,0
67,Female,Other,Married,"Some college, no 4-year degree",Retired,Refused,10,Don’t know,No,No,Purchased the book,No,No,0,0,0,Non-reader,0
33,Female,Other,Married,"Technical, trade or vocational school AFTER high school",Not employed for pay,"$20,000 to under $30,000",10,Yes,No,No,Purchased the book,No,Yes,1,0,0,Print-only,0
18,Female,Other,Never been married,High school graduate,Employed part-time,"$30,000 to under $40,000",10,Yes,No,No,Borrowed the book from a library,No,Yes,1,0,0,Print-only,0
30,Female,Mixed race,Married,"Some college, no 4-year degree",Employed full-time,"$40,000 to under $50,000",10,Yes,Yes,Yes,Purchased the book,Yes,Yes,1,1,1,Hybrid,1
25,Female,Mixed race,Married,College graduate,Have own business/self-employed,"$50,000 to under $75,000",10,Yes,No,Yes,Purchased the book,Yes,Yes,1,0,1,Hybrid,1
22,Female,Mixed race,Living with a partner,Not specified,Not employed for pay,"$10,000 to under $20,000",10,No,No,Yes,Got the book some other way,Yes,Yes,0,0,1,Digital/Audio-only,1
43,Male,Asian or Pacific Islander,Married,Post-graduate training/professional school after college,Employed full-time,"$100,000 to under $150,000",10,Yes,No,Yes,Purchased the book,Yes,Yes,1,0,1,Hybrid,1
43,Male,Asian or Pacific Islander,Married,College graduate,Employed full-time,"$75,000 to under $100,000",10,Yes,No,Yes,Borrowed the book from a library,No,Yes,1,0,1,Hybrid,1
37,Female,Asian or Pacific Islander,Married,Post-graduate training/professional school after college,Employed full-time,"$100,000 to under $150,000",10,Yes,No,Yes,Borrowed the book from a library,Yes,No,1,0,1,Hybrid,1
29,Female,Asian or Pacific Islander,Married,College graduate,Employed full-time,"$50,000 to under $75,000",10,No,No,No,Borrowed the book from a friend or family member,No,No,0,0,0,Non-reader,0
17,Female,Asian or Pacific Islander,Never been married,High school graduate,Not employed for pay,"$75,000 to under $100,000",10,Yes,No,No,Purchased the book,Yes,Yes,1,0,0,Print-only,0
17,Male,Asian or Pacific Islander,Never been married,High school incomplete,Not employed for pay,"9$100,000 to under $150,000",10,Yes,No,No,Purchased the book,No,No,1,0,0,Print-only,0
74,Female,Black or African-American,Widowed,"Some college, no 4-year degree",Retired,Refused,10,Yes,No,No,Purchased the book,Yes,Yes,1,0,0,Print-only,0
70,Male,Black or African-American,Married,"Some college, no 4-year degree",Retired,"$20,000 to under $30,000",10,Yes,No,No,Purchased the book,Yes,Yes,1,0,0,Print-only,0
65,Female,Black or African-American,Divorced,"Some college, no 4-year degree",Retired,"$50,000 to under $75,000",10,Yes,Yes,Yes,Purchased the book,No,Yes,1,1,1,Hybrid,1
48,Female,Black or African-American,Never been married,College graduate,Employed full-time,"$30,000 to under $40,000",10,Yes,No,Yes,Borrowed the book from a friend or family member,Yes,Yes,1,0,1,Hybrid,1
43,Male,Black or African-American,Single,"Some college, no 4-year degree",Not employed for pay,"Less than $10,000",10,Yes,No,No,Borrowed the book from a library,Yes,Yes,1,0,0,Print-only,0
40,Male,Black or African-American,Divorced,"Some college, no 4-year degree",Employed full-time,"$100,000 to under $150,000",10,Yes,Yes,Yes,Got the book some other way,Yes,Yes,1,1,1,Hybrid,1
40,Female,Black or African-American,Married,College graduate,Employed full-time,"$50,000 to under $75,000",10,Yes,No,Yes,Borrowed the book from a friend or family member,Yes,Yes,1,0,1,Hybrid,1
40,Female,Black or African-American,Never been married,Post-graduate training/professional school after college,Employed full-time,"$50,000 to under $75,000",10,Yes,No,Yes,Purchased the book,No,Yes,1,0,1,Hybrid,1
31,Female,Black or African-American,Married,Post-graduate training/professional school after college,Employed full-time,"$100,000 to under $150,000",10,Yes,No,No,Purchased the book,No,Yes,1,0,0,Print-only,0
25,Female,Black or African-American,Never been married,College graduate,Employed full-time,"$10,000 to under $20,000",10,Yes,No,No,Borrowed the book from a friend or family member,No,No,1,0,0,Print-only,0
20,Male,Black or African-American,Never been married,"Some college, no 4-year degree",Not employed for pay,"$100,000 to under $150,000",10,Yes,No,Yes,Got the book some other way,No,No,1,0,1,Hybrid,1
18,Female,Black or African-American,Never been married,High school incomplete,Not employed for pay,"9$100,000 to under $150,000",10,Yes,No,No,Borrowed the book from a friend or family member,No,No,1,0,0,Print-only,0
17,Female,Black or African-American,Never been married,High school incomplete,Employed part-time,"$20,000 to under $30,000",10,Yes,No,No,Borrowed the book from a friend or family member,No,No,1,0,0,Print-only,0
16,Male,Black or African-American,Never been married,High school incomplete,Not employed for pay,"9$100,000 to under $150,000",10,Yes,Yes,Yes,Borrowed the book from a friend or family member,No,No,1,1,1,Hybrid,1
16,Male,Black or African-American,Never been married,High school incomplete,Not employed for pay,"$20,000 to under $30,000",10,Yes,No,No,Got the book some other way,No,Yes,1,0,0,Print-only,0
16,Female,Black or African-American,Never been married,High school incomplete,Not employed for pay,"9$100,000 to under $150,000",10,Yes,No,No,Borrowed the book from a friend or family member,No,No,1,0,0,Print-only,0
88,Female,White,Widowed,"Some college, no 4-year degree",Retired,"$20,000 to under $30,000",10,Yes,No,No,Borrowed the book from a library,Yes,Yes,1,0,0,Print-only,0
87,Female,White,Divorced,High school graduate,Retired,"$10,000 to under $20,000",10,Yes,No,No,Purchased the book,Yes,Yes,1,0,0,Print-only,0
80,Female,White,Widowed,Post-graduate training/professional school after college,Retired,"$100,000 to under $150,000",10,Yes,No,No,Got the book some other way,Yes,Yes,1,0,0,Print-only,0
80,Male,White,Married,Post-graduate training/professional school after college,Retired,"$75,000 to under $100,000",10,Yes,No,No,Got the book some other way,Yes,Yes,1,0,0,Print-only,0
79,Male,White,Married,College graduate,Retired,"$30,000 to under $40,000",10,Yes,No,No,Borrowed the book from a friend or family member,Yes,Yes,1,0,0,Print-only,0
76,Female,White,Widowed,High school graduate,Not employed for pay,"Less than $10,000",10,Yes,No,No,Purchased the book,Yes,Yes,1,0,0,Print-only,0
73,Female,White,Married,Post-graduate training/professional school after college,Retired,"$50,000 to under $75,000",10,Yes,No,No,Purchased the book,Yes,Yes,1,0,0,Print-only,0
71,Female,White,Widowed,College graduate,Retired,"$50,000 to under $75,000",10,Yes,No,Yes,Borrowed the book from a friend or family member,Yes,No,1,0,1,Hybrid,1
70,Female,White,Married,Post-graduate training/professional school after college,Employed part-time,"$50,000 to under $75,000",10,Yes,No,No,Purchased the book,Yes,Yes,1,0,0,Print-only,0
70,Female,White,Married,Post-graduate training/professional school after college,Retired,"$50,000 to under $75,000",10,Yes,No,Yes,Purchased the book,Yes,Yes,1,0,1,Hybrid,1
69,Female,White,Married,College graduate,Retired,"$40,000 to under $50,000",10,Yes,No,No,Purchased the book,Yes,Yes,1,0,0,Print-only,0
69,Male,White,Married,Post-graduate training/professional school after college,Employed full-time,"$100,000 to under $150,000",10,Yes,No,Yes,Purchased the book,Yes,Yes,1,0,1,Hybrid,1
68,Male,White,Married,"Some college, no 4-year degree",Retired,"$30,000 to under $40,000",10,Yes,No,No,Got the book some other way,Yes,No,1,0,0,Print-only,0
67,Male,White,Married,"Some college, no 4-year degree",Retired,"$30,000 to under $40,000",10,Yes,Yes,Yes,Purchased the book,Yes,No,1,1,1,Hybrid,1
66,Female,White,Married,Post-graduate training/professional school after college,Employed full-time,"$75,000 to under $100,000",10,Yes,Yes,Yes,Purchased the book,Yes,No,1,1,1,Hybrid,1
66,Female,White,Married,Post-graduate training/professional school after college,Retired,"$100,000 to under $150,000",10,Yes,Yes,No,Purchased the book,Yes,Yes,1,1,0,Hybrid,1
66,Female,White,Married,College graduate,Retired,"$50,000 to under $75,000",10,No,No,Yes,Purchased the book,Yes,Yes,0,0,1,Digital/Audio-only,1
65,Male,White,Married,"Some college, no 4-year degree",Retired,"$10,000 to under $20,000",10,Yes,No,Yes,Borrowed the book from a library,No,Yes,1,0,1,Hybrid,1
65,Female,White,Married,College graduate,Employed part-time,"$100,000 to under $150,000",10,Yes,No,No,Purchased the book,Yes,No,1,0,0,Print-only,0
65,Male,White,Married,Post-graduate training/professional school after college,Employed full-time,"$100,000 to under $150,000",10,Yes,No,Yes,Purchased the book,Yes,Yes,1,0,1,Hybrid,1
63,Female,White,Married,Post-graduate training/professional school after college,Other,"$100,000 to under $150,000",10,Yes,No,Yes,Purchased the book,Yes,Yes,1,0,1,Hybrid,1
62,Female,White,Married,Post-graduate training/professional school after college,Employed full-time,"$75,000 to under $100,000",10,Yes,Yes,No,Borrowed the book from a friend or family member,Yes,Yes,1,1,0,Hybrid,1
62,Female,White,Divorced,College graduate,Employed full-time,"$40,000 to under $50,000",10,Yes,No,Yes,Purchased the book,Yes,No,1,0,1,Hybrid,1
62,Male,White,Married,Post-graduate training/professional school after college,Employed full-time,"$100,000 to under $150,000",10,Yes,No,Yes,Purchased the book,Yes,Yes,1,0,1,Hybrid,1
62,Male,White,Married,High school graduate,Retired,"$100,000 to under $150,000",10,Yes,No,No,Purchased the book,Yes,Yes,1,0,0,Print-only,0
60,Female,White,Married,College graduate,Employed full-time,"$100,000 to under $150,000",10,Yes,Yes,Yes,Purchased the book,Yes,Yes,1,1,1,Hybrid,1
60,Female,White,Married,Post-graduate training/professional school after college,Employed full-time,"$100,000 to under $150,000",10,Yes,No,Yes,Purchased the book,Yes,Yes,1,0,1,Hybrid,1
60,Female,White,Married,High school graduate,Employed full-time,"$50,000 to under $75,000",10,Yes,No,No,Borrowed the book from a friend or family member,No,Yes,1,0,0,Print-only,0
59,Female,White,Married,High school graduate,Employed part-time,"$40,000 to under $50,000",10,Yes,No,No,Purchased the book,Yes,Yes,1,0,0,Print-only,0
58,Male,White,Married,College graduate,Employed full-time,"$75,000 to under $100,000",10,Yes,No,No,Purchased the book,Yes,Yes,1,0,0,Print-only,0
57,Male,White,Married,Post-graduate training/professional school after college,Employed full-time,"$100,000 to under $150,000",10,Yes,Yes,No,Got the book some other way,Yes,Yes,1,1,0,Hybrid,1
57,Female,White,Married,High school graduate,Retired,"$50,000 to under $75,000",10,Yes,No,No,Borrowed the book from a library,No,No,1,0,0,Print-only,0
56,Male,White,Married,College graduate,Employed full-time,"$75,000 to under $100,000",10,Yes,No,No,Purchased the book,Yes,Yes,1,0,0,Print-only,0
55,Female,White,Married,High school graduate,Employed full-time,Refused,10,Yes,No,No,Borrowed the book from a friend or family member,Yes,No,1,0,0,Print-only,0
54,Female,White,Married,College graduate,Not employed for pay,"$10,000 to under $20,000",10,Yes,Yes,Yes,Borrowed the book from a library,No,Yes,1,1,1,Hybrid,1
54,Female,White,Never been married,"Technical, trade or vocational school AFTER high school",Employed full-time,"$50,000 to under $75,000",10,Yes,No,No,Got the book some other way,Yes,No,1,0,0,Print-only,0
53,Female,White,Married,College graduate,Employed part-time,"$100,000 to under $150,000",10,Yes,No,Yes,Borrowed the book from a library,Yes,Yes,1,0,1,Hybrid,1
52,Female,White,Married,Post-graduate training/professional school after college,Employed full-time,Refused,10,Yes,No,No,Purchased the book,Yes,Yes,1,0,0,Print-only,0
52,Female,White,Married,"Some college, no 4-year degree",Employed full-time,"$100,000 to under $150,000",10,Yes,No,Yes,Got the book some other way,Yes,Yes,1,0,1,Hybrid,1
51,Female,White,Married,"Some college, no 4-year degree",Employed full-time,Refused,10,Yes,No,Yes,Borrowed the book from a friend or family member,No,No,1,0,1,Hybrid,1
51,Male,White,Divorced,"Some college, no 4-year degree",Employed full-time,"$30,000 to under $40,000",10,Yes,No,No,Got the book some other way,Yes,No,1,0,0,Print-only,0
51,Female,White,Married,"Some college, no 4-year degree",Employed full-time,Refused,10,Yes,No,Yes,Purchased the book,Yes,Yes,1,0,1,Hybrid,1
51,Male,White,Married,"Some college, no 4-year degree",Have own business/self-employed,"$50,000 to under $75,000",10,Yes,Yes,Yes,Purchased the book,Yes,Yes,1,1,1,Hybrid,1
51,Male,White,Married,Post-graduate training/professional school after college,Employed full-time,"$75,000 to under $100,000",10,Yes,No,Yes,Purchased the book,No,Yes,1,0,1,Hybrid,1
51,Female,White,Married,High school graduate,Employed full-time,"$100,000 to under $150,000",10,Yes,Yes,Yes,Borrowed the book from a friend or family member,No,No,1,1,1,Hybrid,1
50,Male,White,Married,Post-graduate training/professional school after college,Employed full-time,"$100,000 to under $150,000",10,Yes,Yes,No,Borrowed the book from a library,Yes,Yes,1,1,0,Hybrid,1
50,Female,White,Married,High school graduate,Not employed for pay,"$30,000 to under $40,000",10,Yes,No,No,Got the book some other way,No,Yes,1,0,0,Print-only,0
50,Male,White,Living with a partner,Not specified,Employed full-time,"9$100,000 to under $150,000",10,No,No,No,Got the book some other way,Don’t know,No,0,0,0,Non-reader,0
50,Female,White,Married,College graduate,Employed full-time,"$75,000 to under $100,000",10,No,No,Yes,Purchased the book,Yes,No,0,0,1,Digital/Audio-only,1
50,Male,White,Married,College graduate,Employed full-time,"$100,000 to under $150,000",10,Yes,Yes,No,Purchased the book,Yes,Yes,1,1,0,Hybrid,1
50,Male,White,Married,High school graduate,Employed full-time,"$10,000 to under $20,000",10,No,No,No,Got the book some other way,No,No,0,0,0,Non-reader,0
50,Female,White,Divorced,High school graduate,Employed full-time,"$30,000 to under $40,000",10,Yes,No,Yes,Borrowed the book from a friend or family member,Yes,Yes,1,0,1,Hybrid,1
49,Male,White,Married,Post-graduate training/professional school after college,Employed full-time,"$100,000 to under $150,000",10,Yes,No,No,Purchased the book,Yes,Yes,1,0,0,Print-only,0
49,Male,White,Never been married,Post-graduate training/professional school after college,Employed full-time,"$30,000 to under $40,000",10,Yes,No,No,Borrowed the book from a friend or family member,No,No,1,0,0,Print-only,0
49,Male,White,Married,Post-graduate training/professional school after college,Employed full-time,"$100,000 to under $150,000",10,Yes,Yes,No,Borrowed the book from a friend or family member,Yes,Yes,1,1,0,Hybrid,1
48,Female,White,Living with a partner,College graduate,Employed full-time,"$100,000 to under $150,000",10,Yes,Yes,No,Got the book some other way,Yes,Yes,1,1,0,Hybrid,1
47,Female,White,Married,High school graduate,Employed full-time,"$50,000 to under $75,000",10,Yes,Yes,No,Borrowed the book from a friend or family member,Yes,Yes,1,1,0,Hybrid,1
47,Female,White,Married,"Some college, no 4-year degree",Employed full-time,"$100,000 to under $150,000",10,Yes,No,No,Purchased the book,Yes,Yes,1,0,0,Print-only,0
47,Female,White,Divorced,"Some college, no 4-year degree",Disabled,"9$100,000 to under $150,000",10,No,No,No,Borrowed the book from a friend or family member,No,Yes,0,0,0,Non-reader,0
47,Male,White,Married,Post-graduate training/professional school after college,Employed full-time,"$100,000 to under $150,000",10,Yes,No,Yes,Purchased the book,Yes,Yes,1,0,1,Hybrid,1
46,Male,White,Married,Post-graduate training/professional school after college,Employed full-time,"$100,000 to under $150,000",10,Yes,No,Yes,Purchased the book,Yes,Yes,1,0,1,Hybrid,1
46,Female,White,Married,High school graduate,Employed full-time,"$50,000 to under $75,000",10,Yes,No,Yes,Borrowed the book from a friend or family member,Yes,Yes,1,0,1,Hybrid,1
45,Male,White,Living with a partner,Post-graduate training/professional school after college,Employed full-time,"$100,000 to under $150,000",10,Yes,No,No,Purchased the book,Yes,Yes,1,0,0,Print-only,0
43,Female,White,Married,College graduate,Have own business/self-employed,Refused,10,Yes,No,Yes,Purchased the book,Yes,Yes,1,0,1,Hybrid,1
42,Male,White,Married,"Technical, trade or vocational school AFTER high school",Retired,"$20,000 to under $30,000",10,Yes,No,No,Purchased the book,No,No,1,0,0,Print-only,0
42,Female,White,Divorced,Post-graduate training/professional school after college,Employed full-time,"$75,000 to under $100,000",10,Yes,No,No,Purchased the book,No,No,1,0,0,Print-only,0
42,Female,White,Married,High school graduate,Not employed for pay,"$100,000 to under $150,000",10,Yes,No,No,Borrowed the book from a library,Yes,Yes,1,0,0,Print-only,0
41,Male,White,Married,Post-graduate training/professional school after college,Employed full-time,"$100,000 to under $150,000",10,No,Yes,Yes,Purchased the book,No,Yes,0,1,1,Digital/Audio-only,1
41,Male,White,Married,College graduate,Employed full-time,Refused,10,Yes,No,No,Purchased the book,Yes,Yes,1,0,0,Print-only,0
41,Female,White,Married,"Technical, trade or vocational school AFTER high school",Not employed for pay,"$50,000 to under $75,000",10,Yes,No,Yes,Purchased the book,Yes,No,1,0,1,Hybrid,1
40,Male,White,Married,"Technical, trade or vocational school AFTER high school",Employed full-time,Refused,10,Yes,No,Yes,Borrowed the book from a friend or family member,Yes,No,1,0,1,Hybrid,1
40,Female,White,Never been married,"Technical, trade or vocational school AFTER high school",Employed full-time,"$50,000 to under $75,000",10,Yes,Yes,No,Purchased the book,Yes,Yes,1,1,0,Hybrid,1
40,Male,White,Married,Post-graduate training/professional school after college,Employed full-time,"$100,000 to under $150,000",10,Yes,Yes,No,Borrowed the book from a friend or family member,Yes,Yes,1,1,0,Hybrid,1
40,Female,White,Married,High school graduate,Employed full-time,"$75,000 to under $100,000",10,Yes,No,Yes,Purchased the book,No,No,1,0,1,Hybrid,1
40,Male,White,Separated,High school graduate,Employed full-time,"$30,000 to under $40,000",10,Yes,No,No,Got the book some other way,Yes,No,1,0,0,Print-only,0
40,Male,White,Married,College graduate,Employed full-time,"$100,000 to under $150,000",10,No,No,Yes,Purchased the book,Yes,Yes,0,0,1,Digital/Audio-only,1
39,Female,White,Married,Post-graduate training/professional school after college,Not employed for pay,"$75,000 to under $100,000",10,Yes,No,No,Purchased the book,No,No,1,0,0,Print-only,0
39,Female,White,Married,College graduate,Employed part-time,"$75,000 to under $100,000",10,Yes,No,No,Borrowed the book from a friend or family member,No,Yes,1,0,0,Print-only,0
39,Male,White,Married,College graduate,Employed full-time,"$100,000 to under $150,000",10,Yes,No,Yes,Purchased the book,Yes,Yes,1,0,1,Hybrid,1
38,Female,White,Never been married,High school graduate,Employed full-time,"9$100,000 to under $150,000",10,No,No,No,Purchased the book,Yes,Yes,0,0,0,Non-reader,0
38,Female,White,Married,College graduate,Employed part-time,"$100,000 to under $150,000",10,Yes,No,No,Borrowed the book from a friend or family member,Yes,Yes,1,0,0,Print-only,0
38,Male,White,Married,"Some college, no 4-year degree",Employed full-time,"$100,000 to under $150,000",10,Yes,No,No,Purchased the book,Yes,Yes,1,0,0,Print-only,0
37,Female,White,Married,College graduate,Not employed for pay,"$40,000 to under $50,000",10,Yes,No,No,Purchased the book,No,No,1,0,0,Print-only,0
37,Female,White,Married,"Some college, no 4-year degree",Employed full-time,"$100,000 to under $150,000",10,Yes,Yes,Yes,Purchased the book,Yes,No,1,1,1,Hybrid,1
37,Female,White,Married,College graduate,Not employed for pay,"$75,000 to under $100,000",10,Yes,Yes,No,Borrowed the book from a library,No,No,1,1,0,Hybrid,1
37,Male,White,Married,College graduate,Employed full-time,"$100,000 to under $150,000",10,Yes,Yes,No,Purchased the book,Yes,Yes,1,1,0,Hybrid,1
36,Male,White,Married,Post-graduate training/professional school after college,Employed full-time,"$100,000 to under $150,000",10,No,No,Yes,Purchased the book,Yes,Yes,0,0,1,Digital/Audio-only,1
36,Male,White,Married,Post-graduate training/professional school after college,Employed full-time,"$100,000 to under $150,000",10,No,No,Yes,Purchased the book,No,No,0,0,1,Digital/Audio-only,1
35,Female,White,Married,Post-graduate training/professional school after college,Employed full-time,"$100,000 to under $150,000",10,Yes,No,No,Got the book some other way,No,Yes,1,0,0,Print-only,0
35,Female,White,Married,"Some college, no 4-year degree",Employed full-time,"$50,000 to under $75,000",10,Yes,No,Yes,Borrowed the book from a friend or family member,No,Yes,1,0,1,Hybrid,1
34,Female,White,Married,"Some college, no 4-year degree",Not employed for pay,"9$100,000 to under $150,000",10,Yes,No,No,Purchased the book,Yes,Yes,1,0,0,Print-only,0
34,Female,White,Living with a partner,"Some college, no 4-year degree",Employed full-time,"$20,000 to under $30,000",10,Yes,No,No,Borrowed the book from a friend or family member,Yes,Yes,1,0,0,Print-only,0
33,Male,White,Married,Post-graduate training/professional school after college,Employed full-time,"$75,000 to under $100,000",10,Yes,No,Yes,Purchased the book,Yes,No,1,0,1,Hybrid,1
33,Male,White,Married,"Some college, no 4-year degree",Employed full-time,"$75,000 to under $100,000",10,Yes,No,No,Borrowed the book from a friend or family member,Yes,Yes,1,0,0,Print-only,0
33,Male,White,Never been married,College graduate,Employed full-time,"$50,000 to under $75,000",10,Yes,Yes,Yes,Got the book some other way,Yes,Yes,1,1,1,Hybrid,1
32,Female,White,Married,College graduate,Employed part-time,"$100,000 to under $150,000",10,Yes,No,No,Purchased the book,No,Yes,1,0,0,Print-only,0
32,Female,White,Never been married,Post-graduate training/professional school after college,Employed full-time,"$20,000 to under $30,000",10,Yes,Yes,Yes,Purchased the book,Yes,No,1,1,1,Hybrid,1
31,Male,White,Married,High school graduate,Employed full-time,"$75,000 to under $100,000",10,No,No,Yes,Got the book some other way,Yes,Yes,0,0,1,Digital/Audio-only,1
31,Male,White,Never been married,High school graduate,Employed part-time,"$10,000 to under $20,000",10,Yes,No,No,Purchased the book,No,No,1,0,0,Print-only,0
30,Male,White,Married,Post-graduate training/professional school after college,Employed part-time,"$40,000 to under $50,000",10,Yes,No,No,Got the book some other way,Yes,Yes,1,0,0,Print-only,0
30,Male,White,Never been married,Post-graduate training/professional school after college,Employed full-time,"$40,000 to under $50,000",10,Yes,No,No,Purchased the book,Yes,Yes,1,0,0,Print-only,0
29,Female,White,Married,College graduate,Employed full-time,"$75,000 to under $100,000",10,Yes,No,Yes,Purchased the book,Yes,Yes,1,0,1,Hybrid,1
29,Female,White,Never been married,College graduate,Employed full-time,"$40,000 to under $50,000",10,Yes,No,No,Purchased the book,Yes,Yes,1,0,0,Print-only,0
28,Male,White,Married,High school graduate,Employed part-time,"$20,000 to under $30,000",10,Yes,No,No,Purchased the book,Yes,Yes,1,0,0,Print-only,0
27,Male,White,Never been married,"Some college, no 4-year degree",Employed part-time,"$30,000 to under $40,000",10,Yes,No,No,Purchased the book,Yes,Yes,1,0,0,Print-only,0
27,Female,White,Never been married,College graduate,Employed full-time,"$50,000 to under $75,000",10,Yes,No,No,Borrowed the book from a friend or family member,No,No,1,0,0,Print-only,0
27,Male,White,Never been married,High school graduate,Employed full-time,"$20,000 to under $30,000",10,Yes,No,No,Purchased the book,No,Yes,1,0,0,Print-only,0
26,Male,White,Never been married,High school graduate,Have own business/self-employed,"$40,000 to under $50,000",10,Yes,No,Yes,Purchased the book,Yes,Yes,1,0,1,Hybrid,1
26,Female,White,Living with a partner,College graduate,Not employed for pay,"$100,000 to under $150,000",10,Yes,No,Yes,Borrowed the book from a friend or family member,No,No,1,0,1,Hybrid,1
25,Male,White,Never been married,High school graduate,Employed full-time,"$10,000 to under $20,000",10,Yes,No,No,Purchased the book,Yes,No,1,0,0,Print-only,0
24,Female,White,Never been married,Post-graduate training/professional school after college,Employed full-time,"$30,000 to under $40,000",10,Yes,No,Yes,Purchased the book,Yes,No,1,0,1,Hybrid,1
24,Female,White,Married,College graduate,Not employed for pay,"$50,000 to under $75,000",10,Yes,No,Yes,Purchased the book,Yes,No,1,0,1,Hybrid,1
23,Male,White,Never been married,College graduate,Employed full-time,"$30,000 to under $40,000",10,Yes,Yes,Yes,Purchased the book,Yes,Yes,1,1,1,Hybrid,1
23,Male,White,Living with a partner,"Some college, no 4-year degree",Not employed for pay,"$75,000 to under $100,000",10,Yes,No,Yes,Borrowed the book from a library,Yes,No,1,0,1,Hybrid,1
22,Male,White,Married,"Some college, no 4-year degree",Employed full-time,"$20,000 to under $30,000",10,Yes,Yes,No,Purchased the book,Yes,Yes,1,1,0,Hybrid,1
22,Female,White,Never been married,"Some college, no 4-year degree",Employed full-time,"Less than $10,000",10,Yes,Yes,No,Borrowed the book from a friend or family member,Yes,No,1,1,0,Hybrid,1
22,Female,White,Married,College graduate,Employed full-time,"$20,000 to under $30,000",10,Yes,No,No,Borrowed the book from a friend or family member,No,No,1,0,0,Print-only,0
21,Female,White,Living with a partner,"Some college, no 4-year degree",Employed part-time,"$10,000 to under $20,000",10,Yes,No,No,Borrowed the book from a friend or family member,No,Yes,1,0,0,Print-only,0
21,Male,White,Never been married,"Some college, no 4-year degree",Employed part-time,"$75,000 to under $100,000",10,Yes,No,No,Borrowed the book from a friend or family member,No,No,1,0,0,Print-only,0
20,Female,White,Never been married,"Some college, no 4-year degree",Employed part-time,"$50,000 to under $75,000",10,Yes,No,No,Purchased the book,No,Yes,1,0,0,Print-only,0
19,Male,White,Never been married,High school graduate,Employed full-time,"$20,000 to under $30,000",10,Yes,No,Yes,Purchased the book,Yes,Yes,1,0,1,Hybrid,1
19,Female,White,Never been married,"Some college, no 4-year degree",Not employed for pay,"$50,000 to under $75,000",10,Yes,No,No,Borrowed the book from a library,No,Yes,1,0,0,Print-only,0
19,Female,White,Never been married,High school graduate,Not employed for pay,"$100,000 to under $150,000",10,Yes,No,No,Purchased the book,No,No,1,0,0,Print-only,0
19,Female,White,Married,High school graduate,Not employed for pay,"$10,000 to under $20,000",10,Yes,No,No,Purchased the book,No,No,1,0,0,Print-only,0
18,Male,White,Never been married,High school graduate,Employed full-time,"$30,000 to under $40,000",10,Yes,Yes,No,Borrowed the book from a friend or family member,No,No,1,1,0,Hybrid,1
17,Male,White,Never been married,High school incomplete,Employed part-time,"9$100,000 to under $150,000",10,Yes,No,Yes,Borrowed the book from a friend or family member,Yes,No,1,0,1,Hybrid,1
17,Female,White,Never been married,High school incomplete,Not employed for pay,"9$100,000 to under $150,000",10,Yes,No,No,Got the book some other way,No,No,1,0,0,Print-only,0
17,Female,White,Single,High school incomplete,Employed part-time,"$40,000 to under $50,000",10,Yes,No,Yes,Got the book some other way,No,No,1,0,1,Hybrid,1
17,Male,White,Never been married,High school incomplete,Not employed for pay,"$50,000 to under $75,000",10,Yes,No,No,Borrowed the book from a friend or family member,No,No,1,0,0,Print-only,0
16,Female,White,Never been married,High school incomplete,Student,"9$100,000 to under $150,000",10,Yes,No,Yes,Borrowed the book from a friend or family member,No,Yes,1,0,1,Hybrid,1
16,Female,White,Never been married,High school incomplete,Not employed for pay,"9$100,000 to under $150,000",10,No,Yes,No,Purchased the book,No,No,0,1,0,Digital/Audio-only,1
70,Female,Refused,Widowed,High school graduate,Retired,Refused,9,Yes,No,No,Purchased the book,Yes,No,1,0,0,Print-only,0
16,Female,Other,Never been married,High school incomplete,Not employed for pay,"9$100,000 to under $150,000",9,Yes,No,No,Purchased the book,Yes,No,1,0,0,Print-only,0
28,Male,Black or African-American,Married,High school graduate,Employed full-time,"9$100,000 to under $150,000",9,Yes,No,No,Borrowed the book from a friend or family member,Yes,Yes,1,0,0,Print-only,0
78,Female,White,Never been married,Post-graduate training/professional school after college,Employed part-time,"$20,000 to under $30,000",9,Yes,No,No,Purchased the book,Yes,No,1,0,0,Print-only,0
78,Female,White,Widowed,High school incomplete,Retired,"9$100,000 to under $150,000",9,Yes,No,No,Got the book some other way,Yes,No,1,0,0,Print-only,0
56,Male,White,Married,College graduate,Employed full-time,"$100,000 to under $150,000",9,No,No,No,Borrowed the book from a friend or family member,Yes,Yes,0,0,0,Non-reader,0
52,Male,White,Married,Post-graduate training/professional school after college,Have own business/self-employed,"$100,000 to under $150,000",9,Yes,No,No,Purchased the book,No,No,1,0,0,Print-only,0
44,Male,White,Married,College graduate,Employed full-time,"$100,000 to under $150,000",9,Yes,No,No,Purchased the book,Yes,Yes,1,0,0,Print-only,0
33,Male,White,Never been married,College graduate,Employed full-time,"$40,000 to under $50,000",9,Yes,No,No,Purchased the book,No,No,1,0,0,Print-only,0
21,Male,White,Never been married,"Some college, no 4-year degree",Employed part-time,"$40,000 to under $50,000",9,Yes,No,Yes,Purchased the book,Yes,Yes,1,0,1,Hybrid,1
19,Female,White,Never been married,"Some college, no 4-year degree",Employed full-time,"Less than $10,000",9,Yes,No,No,Purchased the book,No,No,1,0,0,Print-only,0
56,Male,Refused,Divorced,College graduate,Not employed for pay,"$75,000 to under $100,000",8,Yes,No,No,Purchased the book,No,Yes,1,0,0,Print-only,0
20,Male,Mixed race,Never been married,"Some college, no 4-year degree",Employed part-time,"$50,000 to under $75,000",8,Yes,No,Yes,Purchased the book,No,No,1,0,1,Hybrid,1
31,Male,Asian or Pacific Islander,Never been married,Post-graduate training/professional school after college,Employed full-time,"$30,000 to under $40,000",8,Yes,No,No,Borrowed the book from a library,Yes,Yes,1,0,0,Print-only,0
26,Male,Asian or Pacific Islander,Never been married,College graduate,Employed full-time,"$100,000 to under $150,000",8,Yes,No,Yes,Borrowed the book from a friend or family member,No,Yes,1,0,1,Hybrid,1
50,Male,Black or African-American,Married,High school incomplete,Have own business/self-employed,"Less than $10,000",8,Yes,No,No,Purchased the book,Yes,Yes,1,0,0,Print-only,0
35,Female,Black or African-American,Never been married,High school graduate,Employed part-time,"$10,000 to under $20,000",8,No,No,Yes,Borrowed the book from a friend or family member,No,Yes,0,0,1,Digital/Audio-only,1
23,Male,Black or African-American,Never been married,"Some college, no 4-year degree",Employed full-time,"$50,000 to under $75,000",8,Yes,No,No,Purchased the book,No,Yes,1,0,0,Print-only,0
18,Male,Black or African-American,Never been married,High school graduate,Not employed for pay,"9$100,000 to under $150,000",8,No,No,No,Got the book some other way,No,No,0,0,0,Non-reader,0
87,Female,White,Widowed,College graduate,Retired,"$40,000 to under $50,000",8,No,No,Yes,Borrowed the book from a friend or family member,Yes,Yes,0,0,1,Digital/Audio-only,1
81,Male,White,Married,College graduate,Retired,"$100,000 to under $150,000",8,Yes,No,No,Purchased the book,Yes,No,1,0,0,Print-only,0
81,Female,White,Widowed,"Some college, no 4-year degree",Retired,Refused,8,Yes,No,Yes,Borrowed the book from a library,Yes,Yes,1,0,1,Hybrid,1
75,Male,White,Widowed,"Some college, no 4-year degree",Retired,"$75,000 to under $100,000",8,Yes,No,No,Purchased the book,Yes,Yes,1,0,0,Print-only,0
71,Male,White,Married,Post-graduate training/professional school after college,Retired,"$75,000 to under $100,000",8,Yes,No,No,Borrowed the book from a friend or family member,Yes,Yes,1,0,0,Print-only,0
65,Female,White,Married,Post-graduate training/professional school after college,Employed full-time,"$100,000 to under $150,000",8,Yes,Yes,Yes,Borrowed the book from a library,Yes,Yes,1,1,1,Hybrid,1
63,Male,White,Widowed,Post-graduate training/professional school after college,Retired,Refused,8,Yes,No,No,Purchased the book,No,Yes,1,0,0,Print-only,0
63,Male,White,Never been married,High school graduate,Retired,"$20,000 to under $30,000",8,Yes,No,No,Purchased the book,Yes,Yes,1,0,0,Print-only,0
63,Male,White,Married,Post-graduate training/professional school after college,Employed full-time,"$100,000 to under $150,000",8,No,No,Yes,Got the book some other way,Yes,Yes,0,0,1,Digital/Audio-only,1
62,Female,White,Widowed,High school incomplete,Employed full-time,"$30,000 to under $40,000",8,Yes,No,No,Borrowed the book from a friend or family member,Yes,Yes,1,0,0,Print-only,0
61,Female,White,Divorced,"Some college, no 4-year degree",Employed full-time,"$50,000 to under $75,000",8,Yes,No,No,Purchased the book,Yes,No,1,0,0,Print-only,0
61,Female,White,Married,Post-graduate training/professional school after college,Employed full-time,Refused,8,Yes,Yes,Yes,Purchased the book,Yes,No,1,1,1,Hybrid,1
60,Female,White,Married,Post-graduate training/professional school after college,Retired,"$50,000 to under $75,000",8,Yes,Yes,No,Borrowed the book from a friend or family member,Yes,No,1,1,0,Hybrid,1
60,Male,White,Married,Post-graduate training/professional school after college,Employed full-time,"$100,000 to under $150,000",8,Yes,No,Yes,Got the book some other way,Yes,Yes,1,0,1,Hybrid,1
60,Male,White,Married,High school graduate,Employed full-time,Refused,8,Yes,No,No,Purchased the book,Yes,Yes,1,0,0,Print-only,0
58,Female,White,Married,"Some college, no 4-year degree",Retired,"$100,000 to under $150,000",8,Yes,No,Yes,Purchased the book,Yes,Yes,1,0,1,Hybrid,1
57,Female,White,Married,High school graduate,Employed part-time,"$100,000 to under $150,000",8,Yes,No,Yes,Got the book some other way,Yes,Yes,1,0,1,Hybrid,1
56,Male,White,Married,High school graduate,Employed full-time,"$75,000 to under $100,000",8,Yes,No,No,Purchased the book,Yes,Yes,1,0,0,Print-only,0
55,Female,White,Married,College graduate,Employed part-time,"$50,000 to under $75,000",8,Yes,No,No,Borrowed the book from a friend or family member,Yes,Yes,1,0,0,Print-only,0
55,Male,White,Married,Post-graduate training/professional school after college,Employed full-time,"$100,000 to under $150,000",8,Yes,No,Yes,Got the book some other way,Yes,Yes,1,0,1,Hybrid,1
55,Female,White,Married,High school graduate,Retired,"$100,000 to under $150,000",8,Yes,Yes,No,Purchased the book,Yes,Yes,1,1,0,Hybrid,1
53,Female,White,Married,Post-graduate training/professional school after college,Employed full-time,"$100,000 to under $150,000",8,Yes,No,No,Purchased the book,Yes,Yes,1,0,0,Print-only,0
50,Male,White,Never been married,"Some college, no 4-year degree",Employed full-time,"$50,000 to under $75,000",8,Yes,No,No,Borrowed the book from a friend or family member,Yes,No,1,0,0,Print-only,0
50,Female,White,Married,High school graduate,Employed full-time,Refused,8,Yes,No,No,Got the book some other way,Yes,No,1,0,0,Print-only,0
47,Female,White,Divorced,"Some college, no 4-year degree",Employed full-time,"9$100,000 to under $150,000",8,Yes,No,No,Purchased the book,Yes,No,1,0,0,Print-only,0
47,Female,White,Married,High school graduate,Employed full-time,"$30,000 to under $40,000",8,Yes,No,Yes,Purchased the book,No,No,1,0,1,Hybrid,1
47,Male,White,Married,Post-graduate training/professional school after college,Employed full-time,"$100,000 to under $150,000",8,Yes,No,No,Purchased the book,Yes,Yes,1,0,0,Print-only,0
46,Male,White,Never been married,"Some college, no 4-year degree",Employed full-time,"$50,000 to under $75,000",8,Yes,Yes,No,Purchased the book,Yes,Yes,1,1,0,Hybrid,1
45,Female,White,Married,"Some college, no 4-year degree",Employed full-time,"$100,000 to under $150,000",8,Yes,No,Yes,Borrowed the book from a friend or family member,Yes,No,1,0,1,Hybrid,1
44,Female,White,Separated,Post-graduate training/professional school after college,Employed full-time,"$100,000 to under $150,000",8,Yes,No,Yes,Purchased the book,Yes,Yes,1,0,1,Hybrid,1
42,Male,White,Married,College graduate,Employed full-time,"$100,000 to under $150,000",8,Yes,No,Yes,Purchased the book,No,Yes,1,0,1,Hybrid,1
41,Male,White,Never been married,Post-graduate training/professional school after college,Employed full-time,"$100,000 to under $150,000",8,Yes,Yes,Yes,Purchased the book,Yes,Yes,1,1,1,Hybrid,1
40,Female,White,Married,"Some college, no 4-year degree",Employed full-time,Refused,8,Yes,No,No,Got the book some other way,No,Yes,1,0,0,Print-only,0
37,Female,White,Married,College graduate,Employed part-time,"$50,000 to under $75,000",8,Yes,No,No,Purchased the book,No,No,1,0,0,Print-only,0
36,Female,White,Married,Post-graduate training/professional school after college,Employed full-time,"$100,000 to under $150,000",8,Yes,No,No,Purchased the book,Yes,Yes,1,0,0,Print-only,0
35,Female,White,Married,Post-graduate training/professional school after college,Not employed for pay,"$100,000 to under $150,000",8,Yes,No,Yes,Purchased the book,Yes,Yes,1,0,1,Hybrid,1
35,Male,White,Married,College graduate,Employed full-time,"$75,000 to under $100,000",8,Yes,No,Yes,Purchased the book,Yes,No,1,0,1,Hybrid,1
35,Male,White,Married,Post-graduate training/professional school after college,Employed full-time,"$100,000 to under $150,000",8,Yes,No,No,Purchased the book,Yes,No,1,0,0,Print-only,0
34,Male,White,Living with a partner,College graduate,Employed full-time,"$75,000 to under $100,000",8,Yes,No,No,Borrowed the book from a friend or family member,Don’t know,No,1,0,0,Print-only,0
34,Female,White,Living with a partner,"Some college, no 4-year degree",Not employed for pay,"$50,000 to under $75,000",8,Yes,No,No,Purchased the book,Yes,No,1,0,0,Print-only,0
34,Female,White,Married,Post-graduate training/professional school after college,Employed full-time,"$100,000 to under $150,000",8,Yes,No,Yes,Purchased the book,No,Yes,1,0,1,Hybrid,1
32,Female,White,Married,College graduate,Employed full-time,"$100,000 to under $150,000",8,Yes,No,No,Borrowed the book from a friend or family member,Yes,Yes,1,0,0,Print-only,0
32,Female,White,Married,High school graduate,Employed full-time,"9$100,000 to under $150,000",8,Yes,No,No,Purchased the book,Yes,Yes,1,0,0,Print-only,0
32,Female,White,Married,Post-graduate training/professional school after college,Student,"$30,000 to under $40,000",8,Yes,Yes,No,Got the book some other way,Yes,Yes,1,1,0,Hybrid,1
31,Female,White,Never been married,High school graduate,Not employed for pay,"$20,000 to under $30,000",8,Yes,No,No,Purchased the book,No,No,1,0,0,Print-only,0
30,Female,White,Separated,High school incomplete,Not employed for pay,"Less than $10,000",8,Yes,No,No,Got the book some other way,No,No,1,0,0,Print-only,0
30,Male,White,Married,Post-graduate training/professional school after college,Employed full-time,"$40,000 to under $50,000",8,Yes,No,No,Got the book some other way,No,Yes,1,0,0,Print-only,0
28,Female,White,Married,"Some college, no 4-year degree",Employed full-time,"$30,000 to under $40,000",8,Yes,No,No,Purchased the book,No,No,1,0,0,Print-only,0
27,Male,White,Married,High school graduate,Employed full-time,"$50,000 to under $75,000",8,Yes,Yes,Yes,Purchased the book,No,No,1,1,1,Hybrid,1
27,Male,White,Living with a partner,Post-graduate training/professional school after college,Employed full-time,"$50,000 to under $75,000",8,Yes,Yes,No,Got the book some other way,Yes,Yes,1,1,0,Hybrid,1
27,Male,White,Married,Post-graduate training/professional school after college,Employed full-time,"$40,000 to under $50,000",8,Yes,Yes,No,Borrowed the book from a library,No,Don’t know,1,1,0,Hybrid,1
22,Female,White,Never been married,Post-graduate training/professional school after college,Employed full-time,"$50,000 to under $75,000",8,Yes,No,Yes,Purchased the book,No,No,1,0,1,Hybrid,1
22,Female,White,Never been married,College graduate,Employed part-time,"9$100,000 to under $150,000",8,Yes,No,No,Purchased the book,Yes,No,1,0,0,Print-only,0
21,Male,White,Never been married,"Some college, no 4-year degree",Employed part-time,"$10,000 to under $20,000",8,Yes,No,No,Borrowed the book from a friend or family member,No,No,1,0,0,Print-only,0
21,Male,White,Never been married,High school graduate,Employed full-time,"$10,000 to under $20,000",8,Yes,No,No,Borrowed the book from a friend or family member,No,No,1,0,0,Print-only,0
21,Male,White,Never been married,"Some college, no 4-year degree",Employed part-time,"$100,000 to under $150,000",8,Yes,No,No,Borrowed the book from a friend or family member,No,No,1,0,0,Print-only,0
21,Male,White,Never been married,"Some college, no 4-year degree",Employed part-time,"$50,000 to under $75,000",8,Yes,No,Yes,Purchased the book,Yes,No,1,0,1,Hybrid,1
18,Male,White,Never been married,High school graduate,Not employed for pay,"$50,000 to under $75,000",8,Yes,No,Yes,Borrowed the book from a friend or family member,No,No,1,0,1,Hybrid,1
17,Female,White,Never been married,High school incomplete,Not employed for pay,"9$100,000 to under $150,000",8,Yes,No,No,Purchased the book,No,Yes,1,0,0,Print-only,0
17,Male,White,Never been married,High school graduate,Employed part-time,"$40,000 to under $50,000",8,Yes,No,No,Purchased the book,Yes,No,1,0,0,Print-only,0
16,Male,White,Never been married,High school incomplete,Not employed for pay,"9$100,000 to under $150,000",8,Yes,No,No,Got the book some other way,Yes,No,1,0,0,Print-only,0
63,Female,Refused,Married,Don’t know,Other,Refused,7,Yes,No,No,Purchased the book,Yes,Yes,1,0,0,Print-only,0
43,Female,Don’t know,Married,"Some college, no 4-year degree",Employed full-time,"$75,000 to under $100,000",7,Yes,No,Yes,Purchased the book,Yes,Yes,1,0,1,Hybrid,1
21,Male,Other,Never been married,High school graduate,Employed full-time,"$30,000 to under $40,000",7,Yes,No,Yes,Purchased the book,No,No,1,0,1,Hybrid,1
27,Male,Mixed race,Never been married,College graduate,Employed full-time,"$50,000 to under $75,000",7,Yes,No,No,Purchased the book,No,No,1,0,0,Print-only,0
60,Female,Asian or Pacific Islander,Married,College graduate,Employed full-time,"$50,000 to under $75,000",7,No,No,Yes,Purchased the book,Yes,No,0,0,1,Digital/Audio-only,1
48,Female,Asian or Pacific Islander,Married,College graduate,Employed full-time,"$75,000 to under $100,000",7,Yes,No,Yes,Borrowed the book from a library,No,No,1,0,1,Hybrid,1
27,Female,Asian or Pacific Islander,Married,"Some college, no 4-year degree",Student,"$75,000 to under $100,000",7,Yes,No,No,Purchased the book,No,No,1,0,0,Print-only,0
20,Female,Asian or Pacific Islander,Never been married,"Some college, no 4-year degree",Student,"$30,000 to under $40,000",7,Yes,No,Yes,Borrowed the book from a library,No,No,1,0,1,Hybrid,1
19,Male,Asian or Pacific Islander,Never been married,High school graduate,Not employed for pay,"$100,000 to under $150,000",7,Yes,Yes,Yes,Purchased the book,No,Yes,1,1,1,Hybrid,1
64,Female,Black or African-American,Divorced,"Some college, no 4-year degree",Retired,Refused,7,Yes,No,No,Purchased the book,Yes,Yes,1,0,0,Print-only,0
47,Female,Black or African-American,Widowed,"Some college, no 4-year degree",Retired,"9$100,000 to under $150,000",7,Yes,No,No,Purchased the book,Yes,Yes,1,0,0,Print-only,0
39,Female,Black or African-American,Married,Post-graduate training/professional school after college,Employed full-time,"$100,000 to under $150,000",7,Yes,Yes,Yes,Purchased the book,No,No,1,1,1,Hybrid,1
38,Male,Black or African-American,Married,College graduate,Employed full-time,"$20,000 to under $30,000",7,Yes,Yes,No,Borrowed the book from a friend or family member,Yes,Yes,1,1,0,Hybrid,1
36,Female,Black or African-American,Married,College graduate,Employed full-time,"$50,000 to under $75,000",7,Yes,No,No,Borrowed the book from a friend or family member,No,Yes,1,0,0,Print-only,0
22,Male,Black or African-American,Never been married,"Some college, no 4-year degree",Employed part-time,"$100,000 to under $150,000",7,Yes,Yes,No,Purchased the book,No,No,1,1,0,Hybrid,1
22,Male,Black or African-American,Never been married,College graduate,Employed full-time,"9$100,000 to under $150,000",7,No,No,Yes,Got the book some other way,No,No,0,0,1,Digital/Audio-only,1
22,Male,Black or African-American,Never been married,High school graduate,Employed part-time,"9$100,000 to under $150,000",7,Yes,No,No,Borrowed the book from a friend or family member,Yes,No,1,0,0,Print-only,0
17,Male,Black or African-American,Never been married,High school incomplete,Employed part-time,"9$100,000 to under $150,000",7,Yes,No,No,Got the book some other way,No,No,1,0,0,Print-only,0
91,Female,White,Widowed,High school graduate,Retired,Refused,7,Yes,No,No,Borrowed the book from a library,Yes,No,1,0,0,Print-only,0
74,Female,White,Married,High school graduate,Retired,"$40,000 to under $50,000",7,Yes,No,Yes,Purchased the book,No,No,1,0,1,Hybrid,1
69,Female,White,Widowed,College graduate,Retired,"$50,000 to under $75,000",7,Yes,No,Yes,Borrowed the book from a friend or family member,No,No,1,0,1,Hybrid,1
65,Female,White,Married,"Some college, no 4-year degree",Retired,"$75,000 to under $100,000",7,Yes,No,No,Purchased the book,No,No,1,0,0,Print-only,0
64,Male,White,Divorced,High school incomplete,Disabled,"$10,000 to under $20,000",7,Yes,No,No,Borrowed the book from a friend or family member,Yes,Yes,1,0,0,Print-only,0
58,Male,White,Married,Post-graduate training/professional school after college,Employed full-time,"$100,000 to under $150,000",7,Yes,No,Yes,Purchased the book,No,Yes,1,0,1,Hybrid,1
57,Female,White,Divorced,College graduate,Employed full-time,"$50,000 to under $75,000",7,Yes,No,Yes,Borrowed the book from a friend or family member,No,Yes,1,0,1,Hybrid,1
52,Female,White,Divorced,High school graduate,Employed full-time,"$50,000 to under $75,000",7,Yes,No,No,Borrowed the book from a friend or family member,Yes,Yes,1,0,0,Print-only,0
47,Male,White,Living with a partner,"Some college, no 4-year degree",Employed full-time,"$100,000 to under $150,000",7,Yes,No,No,Purchased the book,Yes,Yes,1,0,0,Print-only,0
47,Male,White,Married,College graduate,Employed full-time,"$30,000 to under $40,000",7,Yes,No,No,Borrowed the book from a library,Yes,No,1,0,0,Print-only,0
47,Female,White,Married,Post-graduate training/professional school after college,Other,Refused,7,Yes,No,Yes,Borrowed the book from a library,No,Yes,1,0,1,Hybrid,1
41,Female,White,Divorced,"Some college, no 4-year degree",Not employed for pay,"Less than $10,000",7,Yes,No,No,Purchased the book,No,No,1,0,0,Print-only,0
40,Female,White,Married,College graduate,Have own business/self-employed,"$100,000 to under $150,000",7,Yes,No,No,Borrowed the book from a friend or family member,No,Yes,1,0,0,Print-only,0
32,Female,White,Married,High school graduate,Not employed for pay,"$100,000 to under $150,000",7,Yes,No,No,Purchased the book,Yes,No,1,0,0,Print-only,0
31,Male,White,Married,College graduate,Employed full-time,"$100,000 to under $150,000",7,Yes,No,Yes,Purchased the book,Yes,No,1,0,1,Hybrid,1
29,Female,White,Married,College graduate,Employed full-time,"$100,000 to under $150,000",7,Yes,No,Yes,Purchased the book,No,No,1,0,1,Hybrid,1
25,Female,White,Living with a partner,High school graduate,Employed full-time,"$20,000 to under $30,000",7,Yes,No,No,Borrowed the book from a friend or family member,No,No,1,0,0,Print-only,0
25,Male,White,Never been married,High school graduate,Not employed for pay,"$10,000 to under $20,000",7,Yes,No,No,Purchased the book,Yes,Yes,1,0,0,Print-only,0
24,Female,White,Never been married,College graduate,Not employed for pay,"$100,000 to under $150,000",7,Yes,Yes,Yes,Purchased the book,No,No,1,1,1,Hybrid,1
24,Female,White,Married,Post-graduate training/professional school after college,Employed full-time,"$40,000 to under $50,000",7,Yes,No,Yes,Borrowed the book from a friend or family member,No,No,1,0,1,Hybrid,1
22,Female,White,Never been married,College graduate,Student,"9$100,000 to under $150,000",7,Yes,No,No,Borrowed the book from a library,No,Yes,1,0,0,Print-only,0
21,Female,White,Never been married,"Some college, no 4-year degree",Not employed for pay,"$50,000 to under $75,000",7,Yes,No,Yes,Borrowed the book from a friend or family member,Yes,Yes,1,0,1,Hybrid,1
21,Female,White,Single,"Some college, no 4-year degree",Not employed for pay,"9$100,000 to under $150,000",7,Yes,No,No,Purchased the book,No,No,1,0,0,Print-only,0
21,Male,White,Never been married,"Technical, trade or vocational school AFTER high school",Employed part-time,"$40,000 to under $50,000",7,Yes,No,No,Purchased the book,No,Yes,1,0,0,Print-only,0
20,Male,White,Never been married,High school graduate,Employed part-time,"$50,000 to under $75,000",7,Yes,No,No,Purchased the book,No,No,1,0,0,Print-only,0
20,Male,White,Never been married,"Some college, no 4-year degree",Not employed for pay,"$100,000 to under $150,000",7,Yes,No,Yes,Borrowed the book from a friend or family member,Yes,No,1,0,1,Hybrid,1
18,Male,White,Never been married,High school incomplete,Not employed for pay,"9$100,000 to under $150,000",7,Yes,No,Yes,Got the book some other way,No,No,1,0,1,Hybrid,1
18,Female,White,Never been married,High school graduate,Employed part-time,"$75,000 to under $100,000",7,Yes,No,No,Purchased the book,Yes,Yes,1,0,0,Print-only,0
17,Male,White,Never been married,High school graduate,Not employed for pay,"9$100,000 to under $150,000",7,Yes,No,No,Purchased the book,No,No,1,0,0,Print-only,0
17,Male,White,Never been married,High school incomplete,Employed part-time,"$100,000 to under $150,000",7,Yes,No,No,Got the book some other way,Yes,No,1,0,0,Print-only,0
16,Male,White,Never been married,High school incomplete,Employed part-time,"9$100,000 to under $150,000",7,Yes,No,Yes,Borrowed the book from a friend or family member,Yes,No,1,0,1,Hybrid,1
65,Male,Refused,Married,Post-graduate training/professional school after college,Retired,"$50,000 to under $75,000",6,Yes,No,No,Purchased the book,Yes,Yes,1,0,0,Print-only,0
36,Male,Don’t know,Married,College graduate,Employed full-time,"$75,000 to under $100,000",6,Yes,Yes,Yes,Purchased the book,No,Yes,1,1,1,Hybrid,1
67,Male,Other,Divorced,High school graduate,Retired,"Less than $10,000",6,Yes,No,No,Purchased the book,Yes,No,1,0,0,Print-only,0
58,Female,Other,Married,"Some college, no 4-year degree",Not employed for pay,Refused,6,Yes,No,No,Borrowed the book from a friend or family member,Yes,Yes,1,0,0,Print-only,0
27,Female,Other,Never been married,College graduate,Employed part-time,"$50,000 to under $75,000",6,No,No,Yes,Got the book some other way,No,No,0,0,1,Digital/Audio-only,1
18,Male,Other,Never been married,High school incomplete,Not employed for pay,"$30,000 to under $40,000",6,Yes,Yes,Yes,Got the book some other way,Yes,Yes,1,1,1,Hybrid,1
66,Male,Native American/American Indian,Married,Post-graduate training/professional school after college,Retired,Refused,6,Yes,No,No,Purchased the book,Yes,No,1,0,0,Print-only,0
37,Female,Native American/American Indian,Divorced,College graduate,Not employed for pay,"Less than $10,000",6,Yes,No,Yes,Got the book some other way,Yes,Yes,1,0,1,Hybrid,1
48,Female,Mixed race,Living with a partner,"Some college, no 4-year degree",Employed full-time,"$75,000 to under $100,000",6,Yes,Yes,Yes,Got the book some other way,Yes,Yes,1,1,1,Hybrid,1
35,Male,Mixed race,Living with a partner,"Some college, no 4-year degree",Not employed for pay,"$20,000 to under $30,000",6,Yes,No,Yes,Got the book some other way,No,Yes,1,0,1,Hybrid,1
30,Male,Mixed race,Never been married,College graduate,Employed full-time,"$50,000 to under $75,000",6,Yes,No,No,Borrowed the book from a friend or family member,No,No,1,0,0,Print-only,0
39,Female,Asian or Pacific Islander,Married,College graduate,Employed full-time,"$75,000 to under $100,000",6,No,No,Yes,Purchased the book,No,Yes,0,0,1,Digital/Audio-only,1
60,Male,Black or African-American,Married,High school graduate,Retired,"$30,000 to under $40,000",6,No,No,No,9,Yes,No,0,0,0,Non-reader,0
57,Female,Black or African-American,Married,College graduate,Employed full-time,"$100,000 to under $150,000",6,No,No,Yes,Purchased the book,Yes,Yes,0,0,1,Digital/Audio-only,1
56,Female,Black or African-American,Divorced,Post-graduate training/professional school after college,Employed full-time,"$50,000 to under $75,000",6,Yes,No,Yes,Borrowed the book from a friend or family member,Yes,Yes,1,0,1,Hybrid,1
50,Female,Black or African-American,Never been married,College graduate,Employed full-time,"$40,000 to under $50,000",6,Yes,No,No,Got the book some other way,No,Yes,1,0,0,Print-only,0
49,Male,Black or African-American,Never been married,College graduate,Employed full-time,"$50,000 to under $75,000",6,Yes,No,No,Borrowed the book from a friend or family member,Yes,No,1,0,0,Print-only,0
49,Female,Black or African-American,Never been married,High school graduate,Not employed for pay,"Less than $10,000",6,Yes,No,No,Purchased the book,No,No,1,0,0,Print-only,0
48,Female,Black or African-American,Married,"Some college, no 4-year degree",Employed full-time,"$10,000 to under $20,000",6,Yes,No,No,Purchased the book,No,Yes,1,0,0,Print-only,0
47,Male,Black or African-American,Married,Post-graduate training/professional school after college,Employed full-time,"$100,000 to under $150,000",6,Yes,No,Yes,Purchased the book,Yes,Yes,1,0,1,Hybrid,1
33,Male,Black or African-American,Never been married,High school graduate,Retired,"9$100,000 to under $150,000",6,Yes,No,No,Borrowed the book from a library,Yes,No,1,0,0,Print-only,0
30,Male,Black or African-American,Married,"Technical, trade or vocational school AFTER high school",Employed full-time,"$75,000 to under $100,000",6,Yes,No,No,Purchased the book,Yes,Yes,1,0,0,Print-only,0
30,Female,Black or African-American,Never been married,Post-graduate training/professional school after college,Employed full-time,Refused,6,Yes,No,Yes,Got the book some other way,Yes,Yes,1,0,1,Hybrid,1
29,Male,Black or African-American,Separated,High school graduate,Employed full-time,"$40,000 to under $50,000",6,Yes,No,Yes,Got the book some other way,Yes,Yes,1,0,1,Hybrid,1
28,Male,Black or African-American,Living with a partner,High school graduate,Not employed for pay,"$30,000 to under $40,000",6,Yes,No,No,Purchased the book,Yes,Yes,1,0,0,Print-only,0
21,Male,Black or African-American,Never been married,High school graduate,Employed full-time,"$10,000 to under $20,000",6,Yes,No,No,Borrowed the book from a friend or family member,Yes,Yes,1,0,0,Print-only,0
19,Female,Black or African-American,Never been married,High school graduate,Not employed for pay,"9$100,000 to under $150,000",6,Yes,No,No,Borrowed the book from a friend or family member,No,No,1,0,0,Print-only,0
18,Male,Black or African-American,Never been married,High school graduate,Not employed for pay,"9$100,000 to under $150,000",6,Yes,No,No,Got the book some other way,Yes,Yes,1,0,0,Print-only,0
16,Female,Black or African-American,Never been married,Not specified,Not employed for pay,"$10,000 to under $20,000",6,Yes,No,No,Purchased the book,Yes,No,1,0,0,Print-only,0
85,Female,White,Married,"Some college, no 4-year degree",Retired,Refused,6,Yes,No,No,Purchased the book,Yes,Yes,1,0,0,Print-only,0
80,Male,White,Married,Post-graduate training/professional school after college,Retired,Refused,6,Yes,No,No,Borrowed the book from a library,Yes,Yes,1,0,0,Print-only,0
79,Female,White,Married,Post-graduate training/professional school after college,Retired,"$75,000 to under $100,000",6,Yes,No,No,Borrowed the book from a library,Yes,Yes,1,0,0,Print-only,0
77,Male,White,Widowed,High school graduate,Retired,"$10,000 to under $20,000",6,Yes,No,No,Purchased the book,Yes,No,1,0,0,Print-only,0
76,Female,White,Widowed,High school graduate,Retired,"$20,000 to under $30,000",6,Yes,No,No,Purchased the book,No,Yes,1,0,0,Print-only,0
75,Female,White,Married,College graduate,Retired,"$100,000 to under $150,000",6,Yes,No,No,Borrowed the book from a friend or family member,Yes,Yes,1,0,0,Print-only,0
74,Female,White,Married,High school graduate,Retired,Refused,6,Yes,No,No,Borrowed the book from a friend or family member,No,No,1,0,0,Print-only,0
73,Female,White,Divorced,High school graduate,Retired,"$10,000 to under $20,000",6,Yes,No,No,Purchased the book,Yes,Yes,1,0,0,Print-only,0
73,Male,White,Married,College graduate,Retired,"$30,000 to under $40,000",6,Yes,Yes,No,Borrowed the book from a library,Yes,Yes,1,1,0,Hybrid,1
73,Female,White,Married,High school graduate,Employed part-time,Refused,6,Yes,No,No,Borrowed the book from a library,Yes,Yes,1,0,0,Print-only,0
72,Female,White,Married,High school graduate,Retired,"$50,000 to under $75,000",6,Yes,No,No,Borrowed the book from a friend or family member,Yes,No,1,0,0,Print-only,0
72,Male,White,Married,High school graduate,Retired,"$100,000 to under $150,000",6,Yes,No,Yes,Purchased the book,Yes,Yes,1,0,1,Hybrid,1
70,Male,White,Married,High school graduate,Retired,"$10,000 to under $20,000",6,Yes,No,No,Borrowed the book from a friend or family member,No,No,1,0,0,Print-only,0
70,Male,White,Living with a partner,College graduate,Employed full-time,"$100,000 to under $150,000",6,Yes,No,Yes,Purchased the book,Yes,Yes,1,0,1,Hybrid,1
69,Male,White,Married,College graduate,Retired,"$75,000 to under $100,000",6,Yes,No,Yes,Purchased the book,Yes,Yes,1,0,1,Hybrid,1
68,Male,White,Married,High school graduate,Retired,"$40,000 to under $50,000",6,No,No,No,Borrowed the book from a friend or family member,Yes,Yes,0,0,0,Non-reader,0
68,Female,White,Married,"Some college, no 4-year degree",Retired,Refused,6,Yes,No,No,Purchased the book,Yes,Yes,1,0,0,Print-only,0
68,Female,White,Married,"Some college, no 4-year degree",Retired,"$40,000 to under $50,000",6,Yes,No,Yes,Purchased the book,No,No,1,0,1,Hybrid,1
67,Male,White,Never been married,Post-graduate training/professional school after college,Retired,"$20,000 to under $30,000",6,Yes,No,Yes,Purchased the book,No,Yes,1,0,1,Hybrid,1
67,Male,White,Married,High school graduate,Retired,"$50,000 to under $75,000",6,Yes,No,No,Borrowed the book from a friend or family member,Yes,No,1,0,0,Print-only,0
67,Female,White,Married,College graduate,Not employed for pay,"$50,000 to under $75,000",6,Yes,No,No,Borrowed the book from a library,Yes,Yes,1,0,0,Print-only,0
67,Male,White,Married,High school graduate,Employed full-time,"$100,000 to under $150,000",6,Yes,No,Yes,Purchased the book,Yes,Yes,1,0,1,Hybrid,1
66,Male,White,Divorced,"Some college, no 4-year degree",Retired,"$20,000 to under $30,000",6,No,Yes,Yes,Purchased the book,Yes,Yes,0,1,1,Digital/Audio-only,1
65,Male,White,Married,High school graduate,Retired,"9$100,000 to under $150,000",6,Yes,No,No,Purchased the book,Yes,Yes,1,0,0,Print-only,0
65,Female,White,Married,"Some college, no 4-year degree",Retired,"$50,000 to under $75,000",6,Yes,No,No,Purchased the book,Yes,Yes,1,0,0,Print-only,0
64,Female,White,Widowed,High school graduate,Employed full-time,"$75,000 to under $100,000",6,Yes,No,No,Borrowed the book from a friend or family member,Yes,No,1,0,0,Print-only,0
64,Male,White,Married,"Some college, no 4-year degree",Employed part-time,"$50,000 to under $75,000",6,Yes,No,No,Purchased the book,No,No,1,0,0,Print-only,0
63,Female,White,Married,Post-graduate training/professional school after college,Employed full-time,"$75,000 to under $100,000",6,Yes,No,No,Purchased the book,Yes,Yes,1,0,0,Print-only,0
63,Male,White,Married,Post-graduate training/professional school after college,Retired,"$75,000 to under $100,000",6,Yes,No,No,Purchased the book,Yes,No,1,0,0,Print-only,0
63,Male,White,Divorced,"Some college, no 4-year degree",Disabled,"$30,000 to under $40,000",6,Yes,No,No,Borrowed the book from a friend or family member,Yes,No,1,0,0,Print-only,0
62,Female,White,Married,"Some college, no 4-year degree",Employed full-time,"$50,000 to under $75,000",6,Yes,No,No,Purchased the book,Yes,Yes,1,0,0,Print-only,0
61,Female,White,Divorced,"Some college, no 4-year degree",Not employed for pay,"Less than $10,000",6,Yes,Don’t know,Don’t know,Borrowed the book from a friend or family member,Yes,Yes,1,0,0,Print-only,0
60,Male,White,Never been married,"Some college, no 4-year degree",Employed part-time,"$50,000 to under $75,000",6,No,No,Yes,Got the book some other way,Yes,Yes,0,0,1,Digital/Audio-only,1
60,Male,White,Divorced,High school incomplete,Disabled,"$10,000 to under $20,000",6,Yes,No,No,Purchased the book,Yes,No,1,0,0,Print-only,0
60,Male,White,Married,Post-graduate training/professional school after college,Employed full-time,"$100,000 to under $150,000",6,Yes,No,No,Purchased the book,No,No,1,0,0,Print-only,0
60,Female,White,Married,College graduate,Employed full-time,"$75,000 to under $100,000",6,Yes,No,Yes,Purchased the book,Yes,No,1,0,1,Hybrid,1
59,Male,White,Separated,"Some college, no 4-year degree",Not employed for pay,"Less than $10,000",6,Yes,No,No,Borrowed the book from a library,No,No,1,0,0,Print-only,0
59,Male,White,Married,Post-graduate training/professional school after college,Employed full-time,Refused,6,Yes,No,No,Purchased the book,Yes,Yes,1,0,0,Print-only,0
59,Male,White,Married,College graduate,Employed full-time,"$100,000 to under $150,000",6,Yes,No,No,Purchased the book,Yes,Yes,1,0,0,Print-only,0
59,Male,White,Married,"Technical, trade or vocational school AFTER high school",Employed full-time,"$75,000 to under $100,000",6,Yes,No,No,Got the book some other way,Yes,Yes,1,0,0,Print-only,0
58,Male,White,Married,"Some college, no 4-year degree",Employed part-time,"$40,000 to under $50,000",6,Yes,Yes,No,Borrowed the book from a friend or family member,No,Yes,1,1,0,Hybrid,1
58,Male,White,Living with a partner,Post-graduate training/professional school after college,Employed full-time,"$100,000 to under $150,000",6,Yes,Yes,Yes,Got the book some other way,Yes,Yes,1,1,1,Hybrid,1
58,Male,White,Married,College graduate,Employed full-time,"$100,000 to under $150,000",6,Yes,No,No,Purchased the book,Yes,Yes,1,0,0,Print-only,0
57,Male,White,Married,Post-graduate training/professional school after college,Employed full-time,Refused,6,Yes,No,No,Purchased the book,Yes,Yes,1,0,0,Print-only,0
57,Male,White,Married,College graduate,Retired,Refused,6,Yes,No,No,Purchased the book,No,Yes,1,0,0,Print-only,0
56,Female,White,Married,High school graduate,Have own business/self-employed,"$50,000 to under $75,000",6,Yes,No,No,Borrowed the book from a friend or family member,No,No,1,0,0,Print-only,0
56,Male,White,Married,College graduate,Employed full-time,"$50,000 to under $75,000",6,Yes,No,No,Borrowed the book from a friend or family member,Yes,No,1,0,0,Print-only,0
56,Female,White,Divorced,High school graduate,Employed full-time,"$40,000 to under $50,000",6,Yes,No,Yes,Borrowed the book from a friend or family member,Yes,Yes,1,0,1,Hybrid,1
56,Male,White,Married,High school graduate,Employed full-time,"$50,000 to under $75,000",6,Yes,No,No,8,No,Yes,1,0,0,Print-only,0
56,Male,White,Married,Post-graduate training/professional school after college,Employed full-time,"$30,000 to under $40,000",6,Yes,No,No,Purchased the book,Yes,No,1,0,0,Print-only,0
56,Male,White,Living with a partner,College graduate,Employed full-time,"$75,000 to under $100,000",6,Yes,No,No,Borrowed the book from a friend or family member,Yes,No,1,0,0,Print-only,0
56,Female,White,Living with a partner,High school graduate,Not employed for pay,"$50,000 to under $75,000",6,Yes,No,No,Purchased the book,Yes,Yes,1,0,0,Print-only,0
55,Female,White,Married,Post-graduate training/professional school after college,Employed full-time,"$75,000 to under $100,000",6,Yes,No,Yes,Purchased the book,Yes,Yes,1,0,1,Hybrid,1
55,Female,White,Married,High school graduate,Employed full-time,Refused,6,Yes,Yes,No,Purchased the book,Yes,Yes,1,1,0,Hybrid,1
55,Female,White,Married,College graduate,Employed part-time,Refused,6,Yes,No,No,Purchased the book,Yes,No,1,0,0,Print-only,0
55,Male,White,Married,Post-graduate training/professional school after college,Retired,"$100,000 to under $150,000",6,Yes,No,Yes,Borrowed the book from a friend or family member,Yes,Yes,1,0,1,Hybrid,1
54,Female,White,Married,"Some college, no 4-year degree",Other,Refused,6,Yes,No,No,Borrowed the book from a friend or family member,No,Yes,1,0,0,Print-only,0
54,Female,White,Married,College graduate,Employed full-time,"9$100,000 to under $150,000",6,Yes,No,No,Purchased the book,Yes,Yes,1,0,0,Print-only,0
54,Female,White,Married,Not specified,Employed full-time,"$10,000 to under $20,000",6,Yes,No,No,Purchased the book,Yes,Yes,1,0,0,Print-only,0
54,Male,White,Divorced,"Some college, no 4-year degree",Retired,"$30,000 to under $40,000",6,Yes,No,No,Borrowed the book from a friend or family member,Yes,No,1,0,0,Print-only,0
53,Male,White,Single,High school graduate,Employed full-time,"$50,000 to under $75,000",6,Yes,No,No,Borrowed the book from a friend or family member,Yes,Yes,1,0,0,Print-only,0
53,Female,White,Married,College graduate,Retired,"$75,000 to under $100,000",6,Yes,No,No,Purchased the book,No,Yes,1,0,0,Print-only,0
53,Female,White,Married,High school graduate,Employed part-time,"$75,000 to under $100,000",6,Yes,No,Yes,Purchased the book,Yes,Yes,1,0,1,Hybrid,1
53,Female,White,Married,High school graduate,Employed full-time,"$75,000 to under $100,000",6,Yes,No,Yes,Purchased the book,No,No,1,0,1,Hybrid,1
53,Female,White,Married,College graduate,Retired,Refused,6,Yes,No,No,Purchased the book,Yes,Yes,1,0,0,Print-only,0
53,Male,White,Never been married,"Some college, no 4-year degree",Retired,"$100,000 to under $150,000",6,Yes,No,No,Borrowed the book from a library,Yes,No,1,0,0,Print-only,0
52,Male,White,Married,Post-graduate training/professional school after college,Employed full-time,"$100,000 to under $150,000",6,Yes,No,No,Purchased the book,Yes,Yes,1,0,0,Print-only,0
52,Female,White,Never been married,High school graduate,Employed full-time,"$20,000 to under $30,000",6,Yes,No,No,Got the book some other way,No,Yes,1,0,0,Print-only,0
52,Male,White,Married,"Some college, no 4-year degree",Employed full-time,"$100,000 to under $150,000",6,Yes,No,No,Got the book some other way,Yes,Yes,1,0,0,Print-only,0
51,Female,White,Married,High school incomplete,Not employed for pay,"$20,000 to under $30,000",6,Yes,No,No,Borrowed the book from a friend or family member,Yes,Yes,1,0,0,Print-only,0
51,Female,White,Married,Post-graduate training/professional school after college,Employed full-time,"$100,000 to under $150,000",6,Yes,No,Yes,Purchased the book,No,Yes,1,0,1,Hybrid,1
51,Male,White,Never been married,College graduate,Employed full-time,"$10,000 to under $20,000",6,No,Yes,No,Purchased the book,No,Yes,0,1,0,Digital/Audio-only,1
51,Female,White,Divorced,College graduate,Retired,"$50,000 to under $75,000",6,Yes,Yes,No,Purchased the book,Yes,Yes,1,1,0,Hybrid,1
51,Female,White,Widowed,High school graduate,Employed full-time,"$20,000 to under $30,000",6,Yes,No,No,Purchased the book,Yes,Yes,1,0,0,Print-only,0
50,Male,White,Married,College graduate,Employed full-time,"$100,000 to under $150,000",6,Yes,No,No,Purchased the book,Yes,Yes,1,0,0,Print-only,0
50,Male,White,Living with a partner,College graduate,Not employed for pay,"$20,000 to under $30,000",6,Yes,No,No,Got the book some other way,Yes,Yes,1,0,0,Print-only,0
50,Female,White,Married,"Some college, no 4-year degree",Employed full-time,"$100,000 to under $150,000",6,Yes,No,No,Purchased the book,Yes,No,1,0,0,Print-only,0
49,Female,White,Married,College graduate,Employed full-time,"$50,000 to under $75,000",6,Yes,No,No,Borrowed the book from a friend or family member,Yes,Yes,1,0,0,Print-only,0
49,Female,White,Married,College graduate,Employed part-time,"$100,000 to under $150,000",6,Yes,No,No,Purchased the book,Yes,No,1,0,0,Print-only,0
48,Male,White,Married,College graduate,Employed full-time,"$75,000 to under $100,000",6,Yes,Yes,No,Purchased the book,No,Yes,1,1,0,Hybrid,1
48,Male,White,Don’t know,High school incomplete,Disabled,"Less than $10,000",6,Yes,Yes,No,Borrowed the book from a library,No,No,1,1,0,Hybrid,1
48,Female,White,Widowed,High school graduate,Employed full-time,"$50,000 to under $75,000",6,Yes,No,No,Purchased the book,Yes,Yes,1,0,0,Print-only,0
47,Female,White,Married,"Some college, no 4-year degree",Employed full-time,"$100,000 to under $150,000",6,Yes,No,No,Purchased the book,Yes,Yes,1,0,0,Print-only,0
47,Male,White,Married,College graduate,Employed full-time,Refused,6,Yes,Yes,No,Borrowed the book from a friend or family member,Yes,Yes,1,1,0,Hybrid,1
47,Female,White,Married,High school graduate,Employed full-time,"$50,000 to under $75,000",6,Yes,No,No,Purchased the book,Yes,Yes,1,0,0,Print-only,0
47,Male,White,Married,High school graduate,Employed full-time,"$100,000 to under $150,000",6,Yes,No,No,Borrowed the book from a friend or family member,Yes,Yes,1,0,0,Print-only,0
47,Female,White,Married,College graduate,Employed full-time,Refused,6,Yes,Yes,No,Borrowed the book from a library,Yes,No,1,1,0,Hybrid,1
47,Female,White,Married,Post-graduate training/professional school after college,Employed full-time,"$100,000 to under $150,000",6,Yes,No,No,Purchased the book,No,No,1,0,0,Print-only,0
47,Male,White,Married,"Technical, trade or vocational school AFTER high school",Disabled,"$30,000 to under $40,000",6,Yes,No,No,Got the book some other way,Yes,Yes,1,0,0,Print-only,0
47,Male,White,Married,High school graduate,Employed full-time,"$100,000 to under $150,000",6,Yes,No,Yes,Got the book some other way,No,No,1,0,1,Hybrid,1
46,Male,White,Single,"Technical, trade or vocational school AFTER high school",Retired,"$10,000 to under $20,000",6,No,No,Yes,Purchased the book,No,No,0,0,1,Digital/Audio-only,1
46,Female,White,Married,"Some college, no 4-year degree",Employed full-time,"$75,000 to under $100,000",6,Yes,No,Yes,Purchased the book,No,Yes,1,0,1,Hybrid,1
45,Female,White,Married,Post-graduate training/professional school after college,Employed full-time,"$100,000 to under $150,000",6,Yes,Yes,Yes,Purchased the book,No,Yes,1,1,1,Hybrid,1
44,Male,White,Married,High school graduate,Employed full-time,"$40,000 to under $50,000",6,Yes,No,No,Purchased the book,Yes,No,1,0,0,Print-only,0
44,Male,White,Married,Post-graduate training/professional school after college,Employed full-time,Refused,6,Yes,No,No,Purchased the book,Yes,Yes,1,0,0,Print-only,0
43,Female,White,Married,High school graduate,Employed full-time,"$75,000 to under $100,000",6,Yes,No,No,Borrowed the book from a friend or family member,Yes,Yes,1,0,0,Print-only,0
43,Male,White,Never been married,"Some college, no 4-year degree",Employed part-time,"$100,000 to under $150,000",6,Yes,No,No,Borrowed the book from a friend or family member,No,Yes,1,0,0,Print-only,0
42,Male,White,Married,Post-graduate training/professional school after college,Employed part-time,"$100,000 to under $150,000",6,Yes,No,No,Borrowed the book from a friend or family member,Yes,No,1,0,0,Print-only,0
42,Male,White,Married,College graduate,Employed full-time,"$75,000 to under $100,000",6,Yes,No,No,Borrowed the book from a library,Yes,Yes,1,0,0,Print-only,0
42,Male,White,Married,"Some college, no 4-year degree",Employed full-time,"$75,000 to under $100,000",6,Yes,No,Yes,Purchased the book,No,Yes,1,0,1,Hybrid,1
41,Female,White,Living with a partner,High school incomplete,Not employed for pay,"$20,000 to under $30,000",6,Yes,No,No,Purchased the book,No,No,1,0,0,Print-only,0
41,Male,White,Married,College graduate,Not employed for pay,"$100,000 to under $150,000",6,Yes,Yes,No,Purchased the book,No,Yes,1,1,0,Hybrid,1
40,Male,White,Never been married,"Some college, no 4-year degree",Employed full-time,"$30,000 to under $40,000",6,Yes,No,No,9,Yes,No,1,0,0,Print-only,0
40,Male,White,Married,Post-graduate training/professional school after college,Employed full-time,Refused,6,Yes,Yes,No,Purchased the book,Yes,Yes,1,1,0,Hybrid,1
40,Male,White,Divorced,"Some college, no 4-year degree",Have own business/self-employed,"$100,000 to under $150,000",6,Yes,No,No,Purchased the book,No,Yes,1,0,0,Print-only,0
39,Male,White,Married,"Some college, no 4-year degree",Employed full-time,"$100,000 to under $150,000",6,Yes,No,Yes,Purchased the book,No,No,1,0,1,Hybrid,1
39,Female,White,Married,College graduate,Employed full-time,"$100,000 to under $150,000",6,Yes,Yes,Yes,Purchased the book,Yes,No,1,1,1,Hybrid,1
39,Male,White,Married,College graduate,Employed full-time,"$100,000 to under $150,000",6,Yes,No,No,Purchased the book,No,Yes,1,0,0,Print-only,0
38,Male,White,Married,Post-graduate training/professional school after college,Employed full-time,"$100,000 to under $150,000",6,Yes,No,No,Purchased the book,Yes,No,1,0,0,Print-only,0
38,Female,White,Married,High school graduate,Employed full-time,"$30,000 to under $40,000",6,Yes,No,No,Borrowed the book from a friend or family member,No,No,1,0,0,Print-only,0
38,Female,White,Married,College graduate,Employed part-time,"9$100,000 to under $150,000",6,Yes,No,No,Purchased the book,Yes,Yes,1,0,0,Print-only,0
38,Female,White,Married,"Some college, no 4-year degree",Employed full-time,"$30,000 to under $40,000",6,Yes,Yes,Yes,Purchased the book,Yes,Yes,1,1,1,Hybrid,1
38,Female,White,Divorced,Post-graduate training/professional school after college,Employed full-time,"$75,000 to under $100,000",6,Yes,No,Yes,Borrowed the book from a friend or family member,Yes,No,1,0,1,Hybrid,1
36,Female,White,Never been married,High school incomplete,Not employed for pay,"Less than $10,000",6,Yes,No,No,Purchased the book,Yes,No,1,0,0,Print-only,0
34,Male,White,Married,"Some college, no 4-year degree",Employed full-time,"$50,000 to under $75,000",6,Yes,No,No,Purchased the book,Yes,No,1,0,0,Print-only,0
34,Male,White,Married,College graduate,Employed full-time,"$75,000 to under $100,000",6,Yes,No,No,Borrowed the book from a friend or family member,Yes,No,1,0,0,Print-only,0
34,Male,White,Married,College graduate,Employed full-time,"$75,000 to under $100,000",6,Yes,No,Yes,Purchased the book,Yes,No,1,0,1,Hybrid,1
33,Male,White,Married,High school graduate,Employed full-time,"$40,000 to under $50,000",6,Yes,No,No,Borrowed the book from a friend or family member,No,Yes,1,0,0,Print-only,0
32,Female,White,Married,Post-graduate training/professional school after college,Not employed for pay,"$30,000 to under $40,000",6,Yes,Yes,No,Purchased the book,Yes,Yes,1,1,0,Hybrid,1
32,Female,White,Married,College graduate,Employed full-time,Refused,6,Yes,No,No,Purchased the book,No,No,1,0,0,Print-only,0
31,Male,White,Married,College graduate,Employed full-time,"$40,000 to under $50,000",6,Yes,No,Yes,Purchased the book,Yes,No,1,0,1,Hybrid,1
31,Male,White,Married,"Technical, trade or vocational school AFTER high school",Employed full-time,"$100,000 to under $150,000",6,Yes,No,No,Got the book some other way,Yes,Yes,1,0,0,Print-only,0
30,Female,White,Married,High school graduate,Employed full-time,"$20,000 to under $30,000",6,Yes,No,No,Purchased the book,No,Yes,1,0,0,Print-only,0
30,Male,White,Married,High school graduate,Employed full-time,"$100,000 to under $150,000",6,Yes,No,No,Purchased the book,Yes,Yes,1,0,0,Print-only,0
29,Female,White,Living with a partner,High school graduate,Employed full-time,"$20,000 to under $30,000",6,Yes,Yes,No,Borrowed the book from a library,No,Yes,1,1,0,Hybrid,1
28,Female,White,Never been married,College graduate,Employed full-time,"$40,000 to under $50,000",6,Yes,No,Yes,Purchased the book,Yes,No,1,0,1,Hybrid,1
27,Female,White,Living with a partner,Post-graduate training/professional school after college,Employed full-time,"$50,000 to under $75,000",6,Yes,No,Yes,Purchased the book,Yes,Yes,1,0,1,Hybrid,1
27,Male,White,Never been married,Post-graduate training/professional school after college,Employed full-time,"$50,000 to under $75,000",6,Yes,Yes,No,Purchased the book,Yes,Yes,1,1,0,Hybrid,1
26,Female,White,Married,High school incomplete,Not employed for pay,"$20,000 to under $30,000",6,Yes,Yes,No,Borrowed the book from a library,Yes,Yes,1,1,0,Hybrid,1
25,Male,White,Married,High school graduate,Not employed for pay,"$30,000 to under $40,000",6,Yes,No,No,Borrowed the book from a friend or family member,Yes,Yes,1,0,0,Print-only,0
25,Male,White,Never been married,College graduate,Employed full-time,"$50,000 to under $75,000",6,Yes,No,No,Purchased the book,Yes,Yes,1,0,0,Print-only,0
23,Male,White,Never been married,"Some college, no 4-year degree",Employed part-time,"$40,000 to under $50,000",6,No,No,Yes,Got the book some other way,Yes,Yes,0,0,1,Digital/Audio-only,1
23,Male,White,Living with a partner,High school graduate,Employed full-time,"$20,000 to under $30,000",6,Yes,No,No,Purchased the book,No,Yes,1,0,0,Print-only,0
21,Male,White,Never been married,"Some college, no 4-year degree",Employed part-time,"$100,000 to under $150,000",6,Yes,No,Yes,Borrowed the book from a friend or family member,Yes,Yes,1,0,1,Hybrid,1
19,Female,White,Never been married,"Some college, no 4-year degree",Employed part-time,"$75,000 to under $100,000",6,Yes,No,No,Purchased the book,No,No,1,0,0,Print-only,0
18,Female,White,Never been married,High school graduate,Student,"9$100,000 to under $150,000",6,Yes,No,No,Got the book some other way,No,No,1,0,0,Print-only,0
18,Female,White,Never been married,High school graduate,Not employed for pay,"$75,000 to under $100,000",6,Yes,No,No,Purchased the book,No,No,1,0,0,Print-only,0
18,Female,White,Never been married,"Some college, no 4-year degree",Employed part-time,"9$100,000 to under $150,000",6,Yes,No,No,Purchased the book,No,No,1,0,0,Print-only,0
17,Female,White,Never been married,High school incomplete,Not employed for pay,"$20,000 to under $30,000",6,Yes,No,No,Borrowed the book from a friend or family member,No,Yes,1,0,0,Print-only,0
17,Male,White,Never been married,High school incomplete,Not employed for pay,"9$100,000 to under $150,000",6,Yes,No,No,Borrowed the book from a library,No,No,1,0,0,Print-only,0
17,Male,White,Never been married,High school incomplete,Not employed for pay,"$50,000 to under $75,000",6,Yes,Yes,No,Purchased the book,No,Yes,1,1,0,Hybrid,1
17,Male,White,Never been married,High school incomplete,Employed part-time,"$75,000 to under $100,000",6,Yes,Yes,No,Purchased the book,Yes,Yes,1,1,0,Hybrid,1
16,Male,White,Never been married,High school incomplete,Employed part-time,"$75,000 to under $100,000",6,Yes,No,No,8,Yes,Yes,1,0,0,Print-only,0
58,Female,Refused,Never been married,Post-graduate training/professional school after college,Retired,"$30,000 to under $40,000",5,Yes,No,No,Borrowed the book from a library,Yes,Yes,1,0,0,Print-only,0
52,Male,Refused,Married,Post-graduate training/professional school after college,Employed full-time,"$100,000 to under $150,000",5,Yes,Yes,No,Purchased the book,No,Yes,1,1,0,Hybrid,1
48,Female,Refused,Don’t know,"Some college, no 4-year degree",Employed full-time,Refused,5,Yes,No,No,Borrowed the book from a library,Yes,Yes,1,0,0,Print-only,0
56,Male,Other,Married,High school graduate,Employed full-time,"$30,000 to under $40,000",5,Yes,No,No,Borrowed the book from a friend or family member,Yes,No,1,0,0,Print-only,0
21,Male,Other,Never been married,High school graduate,Employed full-time,"$50,000 to under $75,000",5,Yes,No,No,Borrowed the book from a friend or family member,Yes,Yes,1,0,0,Print-only,0
20,Male,Other,Living with a partner,High school graduate,Employed part-time,"$10,000 to under $20,000",5,No,No,No,Borrowed the book from a library,No,No,0,0,0,Non-reader,0
20,Female,Other,Never been married,"Some college, no 4-year degree",Not employed for pay,"$10,000 to under $20,000",5,Yes,No,No,Purchased the book,No,No,1,0,0,Print-only,0
18,Female,Other,Living with a partner,High school graduate,Not employed for pay,"Less than $10,000",5,Yes,No,No,Borrowed the book from a friend or family member,No,Yes,1,0,0,Print-only,0
16,Male,Other,Never been married,High school incomplete,Not employed for pay,"$50,000 to under $75,000",5,Yes,No,No,Borrowed the book from a library,Yes,No,1,0,0,Print-only,0
17,Female,Native American/American Indian,Never been married,High school incomplete,Employed full-time,"Less than $10,000",5,No,No,No,8,No,No,0,0,0,Non-reader,0
63,Female,Mixed race,Married,College graduate,Retired,"$40,000 to under $50,000",5,Yes,No,No,Purchased the book,Yes,Yes,1,0,0,Print-only,0
28,Male,Mixed race,Married,High school graduate,Employed full-time,"$20,000 to under $30,000",5,Yes,No,No,Got the book some other way,Yes,No,1,0,0,Print-only,0
20,Male,Mixed race,Married,"Some college, no 4-year degree",Employed part-time,"$10,000 to under $20,000",5,Yes,No,Yes,Purchased the book,No,No,1,0,1,Hybrid,1
48,Male,Asian or Pacific Islander,Married,College graduate,Employed full-time,"$75,000 to under $100,000",5,Yes,No,Yes,Got the book some other way,Yes,Yes,1,0,1,Hybrid,1
37,Female,Asian or Pacific Islander,Married,College graduate,Employed full-time,"$100,000 to under $150,000",5,Yes,Yes,Yes,Borrowed the book from a library,No,Yes,1,1,1,Hybrid,1
35,Male,Asian or Pacific Islander,Married,Post-graduate training/professional school after college,Employed full-time,"$75,000 to under $100,000",5,Yes,Yes,Yes,Purchased the book,Yes,No,1,1,1,Hybrid,1
26,Female,Asian or Pacific Islander,Never been married,College graduate,Employed full-time,"$50,000 to under $75,000",5,Yes,No,Yes,Purchased the book,Yes,No,1,0,1,Hybrid,1
24,Female,Asian or Pacific Islander,Married,College graduate,Not employed for pay,"$10,000 to under $20,000",5,Yes,No,Yes,Borrowed the book from a friend or family member,Yes,Yes,1,0,1,Hybrid,1
19,Female,Asian or Pacific Islander,Never been married,"Some college, no 4-year degree",Not employed for pay,"9$100,000 to under $150,000",5,Yes,No,No,Purchased the book,No,Yes,1,0,0,Print-only,0
87,Female,Black or African-American,Widowed,High school graduate,Retired,"$10,000 to under $20,000",5,Yes,No,No,Borrowed the book from a friend or family member,Yes,Yes,1,0,0,Print-only,0
65,Female,Black or African-American,Divorced,High school graduate,Disabled,"$20,000 to under $30,000",5,Yes,No,No,Borrowed the book from a friend or family member,Yes,Yes,1,0,0,Print-only,0
62,Male,Black or African-American,Married,College graduate,Employed full-time,"$50,000 to under $75,000",5,No,No,Yes,Got the book some other way,Yes,Yes,0,0,1,Digital/Audio-only,1
60,Male,Black or African-American,Married,"Some college, no 4-year degree",Retired,"$30,000 to under $40,000",5,Yes,Yes,No,Purchased the book,Yes,Yes,1,1,0,Hybrid,1
54,Female,Black or African-American,Married,"Some college, no 4-year degree",Employed full-time,"$75,000 to under $100,000",5,Yes,No,No,Purchased the book,Yes,Yes,1,0,0,Print-only,0
54,Female,Black or African-American,Never been married,"Some college, no 4-year degree",Retired,"$10,000 to under $20,000",5,Yes,No,No,Borrowed the book from a friend or family member,Yes,No,1,0,0,Print-only,0
52,Male,Black or African-American,Living with a partner,"Some college, no 4-year degree",Have own business/self-employed,"$10,000 to under $20,000",5,Yes,No,No,Got the book some other way,Yes,No,1,0,0,Print-only,0
51,Male,Black or African-American,Married,"Technical, trade or vocational school AFTER high school",Employed full-time,"$30,000 to under $40,000",5,Yes,No,No,Purchased the book,Yes,Yes,1,0,0,Print-only,0
49,Female,Black or African-American,Never been married,High school graduate,Retired,"Less than $10,000",5,Yes,No,No,Purchased the book,Yes,No,1,0,0,Print-only,0
46,Male,Black or African-American,Married,Not specified,Employed part-time,"9$100,000 to under $150,000",5,Yes,No,No,Purchased the book,Yes,Yes,1,0,0,Print-only,0
45,Male,Black or African-American,Married,High school graduate,Employed full-time,"$30,000 to under $40,000",5,Yes,No,No,Purchased the book,Yes,Yes,1,0,0,Print-only,0
42,Male,Black or African-American,Divorced,"Some college, no 4-year degree",Employed full-time,"$30,000 to under $40,000",5,Yes,No,No,Purchased the book,Yes,Yes,1,0,0,Print-only,0
40,Male,Black or African-American,Married,"Some college, no 4-year degree",Employed part-time,"$20,000 to under $30,000",5,Yes,Yes,Yes,Purchased the book,No,Yes,1,1,1,Hybrid,1
39,Male,Black or African-American,Married,"Some college, no 4-year degree",Employed full-time,"$40,000 to under $50,000",5,Yes,No,No,Got the book some other way,No,No,1,0,0,Print-only,0
38,Female,Black or African-American,Married,"Some college, no 4-year degree",Employed full-time,"$50,000 to under $75,000",5,Yes,Yes,No,Purchased the book,No,No,1,1,0,Hybrid,1
37,Male,Black or African-American,Married,High school graduate,Have own business/self-employed,Refused,5,Yes,Yes,Yes,Borrowed the book from a friend or family member,No,Yes,1,1,1,Hybrid,1
36,Female,Black or African-American,Separated,High school incomplete,Not employed for pay,"$20,000 to under $30,000",5,Yes,No,Yes,Borrowed the book from a library,Yes,Yes,1,0,1,Hybrid,1
35,Male,Black or African-American,Married,High school graduate,Employed full-time,"$30,000 to under $40,000",5,Yes,No,No,Borrowed the book from a friend or family member,No,No,1,0,0,Print-only,0
34,Female,Black or African-American,Married,"Some college, no 4-year degree",Employed part-time,"$30,000 to under $40,000",5,Yes,Yes,Yes,Purchased the book,Yes,Yes,1,1,1,Hybrid,1
33,Female,Black or African-American,Never been married,High school graduate,Disabled,"$20,000 to under $30,000",5,No,No,No,Borrowed the book from a friend or family member,Yes,No,0,0,0,Non-reader,0
32,Female,Black or African-American,Never been married,High school graduate,Not employed for pay,"Less than $10,000",5,Yes,No,Yes,Got the book some other way,Yes,Yes,1,0,1,Hybrid,1
32,Female,Black or African-American,Married,College graduate,Employed full-time,"$30,000 to under $40,000",5,Yes,No,Yes,Borrowed the book from a friend or family member,Yes,No,1,0,1,Hybrid,1
30,Female,Black or African-American,Married,"Some college, no 4-year degree",Employed part-time,"$50,000 to under $75,000",5,No,No,Yes,Borrowed the book from a friend or family member,No,No,0,0,1,Digital/Audio-only,1
23,Female,Black or African-American,Living with a partner,"Some college, no 4-year degree",Employed full-time,"Less than $10,000",5,Yes,No,No,Purchased the book,Yes,No,1,0,0,Print-only,0
21,Male,Black or African-American,Never been married,High school graduate,Not employed for pay,"$40,000 to under $50,000",5,Yes,No,No,Borrowed the book from a friend or family member,No,Yes,1,0,0,Print-only,0
18,Female,Black or African-American,Living with a partner,High school graduate,Employed part-time,"$30,000 to under $40,000",5,Yes,No,No,Borrowed the book from a library,Yes,Yes,1,0,0,Print-only,0
18,Female,Black or African-American,Never been married,"Some college, no 4-year degree",Not employed for pay,"$10,000 to under $20,000",5,Yes,No,No,Borrowed the book from a friend or family member,No,Yes,1,0,0,Print-only,0
18,Female,Black or African-American,Separated,"Some college, no 4-year degree",Employed part-time,"Less than $10,000",5,No,No,No,Purchased the book,No,No,0,0,0,Non-reader,0
17,Female,Black or African-American,Never been married,High school incomplete,Employed part-time,"9$100,000 to under $150,000",5,Yes,No,No,Purchased the book,No,No,1,0,0,Print-only,0
17,Male,Black or African-American,Never been married,High school incomplete,Employed part-time,"$100,000 to under $150,000",5,Yes,No,No,Borrowed the book from a library,No,No,1,0,0,Print-only,0
89,Female,White,Widowed,College graduate,Retired,"$30,000 to under $40,000",5,Yes,No,No,Borrowed the book from a friend or family member,Yes,Yes,1,0,0,Print-only,0
88,Male,White,Married,"Some college, no 4-year degree",Retired,"$10,000 to under $20,000",5,Yes,No,No,Got the book some other way,Yes,No,1,0,0,Print-only,0
88,Male,White,Married,Post-graduate training/professional school after college,Retired,"$75,000 to under $100,000",5,Yes,No,No,Got the book some other way,Yes,Yes,1,0,0,Print-only,0
88,Male,White,Married,"Some college, no 4-year degree",Retired,"$40,000 to under $50,000",5,Yes,No,No,Borrowed the book from a friend or family member,No,Yes,1,0,0,Print-only,0
81,Female,White,Married,High school graduate,Retired,Refused,5,Yes,No,No,Borrowed the book from a friend or family member,No,No,1,0,0,Print-only,0
76,Female,White,Widowed,High school graduate,Retired,Refused,5,Yes,No,No,Borrowed the book from a friend or family member,Yes,Yes,1,0,0,Print-only,0
76,Female,White,Widowed,High school graduate,Retired,"$10,000 to under $20,000",5,Yes,Yes,No,Borrowed the book from a friend or family member,No,Yes,1,1,0,Hybrid,1
74,Female,White,Married,High school incomplete,Retired,"$20,000 to under $30,000",5,Yes,No,No,Got the book some other way,Yes,Yes,1,0,0,Print-only,0
72,Male,White,Married,Post-graduate training/professional school after college,Retired,"$50,000 to under $75,000",5,No,No,Yes,Borrowed the book from a friend or family member,Yes,No,0,0,1,Digital/Audio-only,1
71,Male,White,Widowed,Post-graduate training/professional school after college,Have own business/self-employed,Refused,5,Yes,No,No,Purchased the book,No,Yes,1,0,0,Print-only,0
67,Female,White,Divorced,College graduate,Employed part-time,"$75,000 to under $100,000",5,Yes,No,No,Borrowed the book from a friend or family member,No,No,1,0,0,Print-only,0
67,Female,White,Widowed,College graduate,Employed part-time,Refused,5,Yes,Yes,Yes,Purchased the book,Yes,Yes,1,1,1,Hybrid,1
67,Male,White,Married,"Some college, no 4-year degree",Retired,"$40,000 to under $50,000",5,Yes,No,No,Borrowed the book from a library,Yes,No,1,0,0,Print-only,0
67,Male,White,Widowed,"Some college, no 4-year degree",Employed part-time,"9$100,000 to under $150,000",5,Yes,Yes,Yes,Purchased the book,Yes,No,1,1,1,Hybrid,1
66,Female,White,Married,High school graduate,Retired,"$20,000 to under $30,000",5,Yes,No,No,Borrowed the book from a friend or family member,Yes,No,1,0,0,Print-only,0
66,Female,White,Married,"Some college, no 4-year degree",Employed full-time,"$30,000 to under $40,000",5,Yes,Yes,No,Borrowed the book from a library,No,Yes,1,1,0,Hybrid,1
66,Male,White,Married,College graduate,Retired,"$50,000 to under $75,000",5,Yes,No,No,Purchased the book,Yes,Yes,1,0,0,Print-only,0
65,Male,White,Widowed,"Some college, no 4-year degree",Employed full-time,"$75,000 to under $100,000",5,Yes,No,No,Purchased the book,Yes,Yes,1,0,0,Print-only,0
65,Male,White,Married,High school incomplete,Retired,"$30,000 to under $40,000",5,Yes,No,No,Borrowed the book from a friend or family member,No,Yes,1,0,0,Print-only,0
64,Male,White,Married,Post-graduate training/professional school after college,Employed full-time,Refused,5,Yes,No,Yes,Borrowed the book from a friend or family member,Yes,Yes,1,0,1,Hybrid,1
63,Female,White,Married,Post-graduate training/professional school after college,Retired,Refused,5,Yes,No,No,Purchased the book,Yes,Yes,1,0,0,Print-only,0
62,Female,White,Never been married,"Some college, no 4-year degree",Employed full-time,"$30,000 to under $40,000",5,Yes,No,No,Borrowed the book from a friend or family member,No,Yes,1,0,0,Print-only,0
61,Female,White,Married,High school graduate,Not employed for pay,Refused,5,Yes,No,No,Purchased the book,Yes,Yes,1,0,0,Print-only,0
61,Female,White,Living with a partner,College graduate,Retired,"$40,000 to under $50,000",5,Yes,No,No,Borrowed the book from a friend or family member,No,Yes,1,0,0,Print-only,0
61,Female,White,Married,"Some college, no 4-year degree",Have own business/self-employed,"$100,000 to under $150,000",5,Yes,Yes,Yes,Purchased the book,Yes,Yes,1,1,1,Hybrid,1
60,Female,White,Married,High school graduate,Not employed for pay,"$10,000 to under $20,000",5,Yes,No,No,Purchased the book,Yes,Yes,1,0,0,Print-only,0
59,Female,White,Divorced,Post-graduate training/professional school after college,Employed full-time,"$75,000 to under $100,000",5,Yes,No,No,Purchased the book,Yes,Yes,1,0,0,Print-only,0
58,Female,White,Living with a partner,High school graduate,Other,"$20,000 to under $30,000",5,Yes,No,No,Borrowed the book from a friend or family member,No,Yes,1,0,0,Print-only,0
57,Male,White,Divorced,"Some college, no 4-year degree",Disabled,"$10,000 to under $20,000",5,Yes,Yes,No,Borrowed the book from a library,No,Yes,1,1,0,Hybrid,1
57,Male,White,Married,Post-graduate training/professional school after college,Employed full-time,"$100,000 to under $150,000",5,Yes,No,No,Purchased the book,Yes,Yes,1,0,0,Print-only,0
57,Female,White,Married,High school graduate,Disabled,"$10,000 to under $20,000",5,Yes,No,No,Borrowed the book from a friend or family member,Yes,No,1,0,0,Print-only,0
57,Female,White,Married,High school graduate,Not employed for pay,"$20,000 to under $30,000",5,Yes,No,No,Got the book some other way,Yes,Yes,1,0,0,Print-only,0
55,Male,White,Divorced,College graduate,Retired,"$10,000 to under $20,000",5,Yes,No,No,Borrowed the book from a friend or family member,Yes,Yes,1,0,0,Print-only,0
55,Female,White,Married,"Some college, no 4-year degree",Employed full-time,"$75,000 to under $100,000",5,No,No,No,Purchased the book,Yes,No,0,0,0,Non-reader,0
55,Female,White,Divorced,College graduate,Employed part-time,"$30,000 to under $40,000",5,Yes,No,Yes,Got the book some other way,No,No,1,0,1,Hybrid,1
54,Female,White,Never been married,College graduate,Employed full-time,Refused,5,Yes,No,No,Purchased the book,No,No,1,0,0,Print-only,0
54,Male,White,Married,"Some college, no 4-year degree",Retired,"$50,000 to under $75,000",5,Yes,No,No,Purchased the book,Yes,Yes,1,0,0,Print-only,0
53,Female,White,Married,College graduate,Employed full-time,Refused,5,Yes,No,Yes,Got the book some other way,Yes,Yes,1,0,1,Hybrid,1
53,Male,White,Married,College graduate,Employed full-time,"$100,000 to under $150,000",5,Yes,No,No,Borrowed the book from a friend or family member,Yes,No,1,0,0,Print-only,0
52,Male,White,Married,Post-graduate training/professional school after college,Employed part-time,"$100,000 to under $150,000",5,Yes,No,No,Borrowed the book from a library,Yes,No,1,0,0,Print-only,0
51,Female,White,Married,College graduate,Retired,"$100,000 to under $150,000",5,Yes,Yes,Yes,Purchased the book,Yes,Yes,1,1,1,Hybrid,1
51,Male,White,Married,Post-graduate training/professional school after college,Employed full-time,"$50,000 to under $75,000",5,Yes,No,Yes,Purchased the book,No,No,1,0,1,Hybrid,1
50,Male,White,Divorced,"Some college, no 4-year degree",Employed full-time,"$75,000 to under $100,000",5,Yes,No,No,Purchased the book,Yes,No,1,0,0,Print-only,0
50,Female,White,Married,College graduate,Employed full-time,"$75,000 to under $100,000",5,Yes,No,Yes,Borrowed the book from a friend or family member,Yes,Yes,1,0,1,Hybrid,1
49,Male,White,Never been married,"Some college, no 4-year degree",Not employed for pay,"$20,000 to under $30,000",5,Yes,No,No,Purchased the book,Yes,Yes,1,0,0,Print-only,0
49,Male,White,Single,High school incomplete,Employed part-time,"9$100,000 to under $150,000",5,No,No,No,Got the book some other way,Yes,No,0,0,0,Non-reader,0
48,Male,White,Married,College graduate,Employed full-time,"$100,000 to under $150,000",5,Yes,No,No,Borrowed the book from a friend or family member,No,No,1,0,0,Print-only,0
48,Female,White,Married,High school graduate,Employed part-time,Refused,5,Yes,No,No,Borrowed the book from a friend or family member,No,Yes,1,0,0,Print-only,0
48,Female,White,Divorced,"Some college, no 4-year degree",Employed full-time,"$40,000 to under $50,000",5,Yes,No,No,Purchased the book,Yes,Yes,1,0,0,Print-only,0
47,Male,White,Never been married,"Some college, no 4-year degree",Retired,"$20,000 to under $30,000",5,Yes,No,No,Purchased the book,No,Yes,1,0,0,Print-only,0
47,Female,White,Married,"Some college, no 4-year degree",Employed full-time,"$75,000 to under $100,000",5,Yes,No,No,Got the book some other way,Yes,Yes,1,0,0,Print-only,0
47,Male,White,Married,High school graduate,Have own business/self-employed,"$30,000 to under $40,000",5,Yes,No,No,Borrowed the book from a friend or family member,No,No,1,0,0,Print-only,0
46,Male,White,Divorced,"Some college, no 4-year degree",Employed full-time,"$75,000 to under $100,000",5,Yes,No,Yes,Borrowed the book from a friend or family member,No,Yes,1,0,1,Hybrid,1
46,Female,White,Married,Post-graduate training/professional school after college,Employed full-time,"$100,000 to under $150,000",5,Yes,No,No,Purchased the book,Yes,Yes,1,0,0,Print-only,0
46,Male,White,Married,Post-graduate training/professional school after college,Employed full-time,"$40,000 to under $50,000",5,Yes,No,Yes,Got the book some other way,Yes,Yes,1,0,1,Hybrid,1
45,Female,White,Don’t know,College graduate,Other,Refused,5,Yes,No,No,Got the book some other way,Yes,Yes,1,0,0,Print-only,0
45,Male,White,Married,College graduate,Employed full-time,"$100,000 to under $150,000",5,Yes,No,No,Purchased the book,No,Yes,1,0,0,Print-only,0
44,Female,White,Married,"Some college, no 4-year degree",Not employed for pay,"9$100,000 to under $150,000",5,Yes,No,No,Purchased the book,No,Yes,1,0,0,Print-only,0
44,Female,White,Married,High school graduate,Employed full-time,"$40,000 to under $50,000",5,Yes,No,No,Purchased the book,Yes,No,1,0,0,Print-only,0
44,Male,White,Married,College graduate,Employed full-time,"$100,000 to under $150,000",5,Yes,No,No,Purchased the book,No,No,1,0,0,Print-only,0
44,Female,White,Married,"Some college, no 4-year degree",Employed full-time,Refused,5,Yes,No,No,Purchased the book,Yes,No,1,0,0,Print-only,0
43,Female,White,Married,"Some college, no 4-year degree",Employed full-time,"$100,000 to under $150,000",5,Yes,No,No,Purchased the book,No,No,1,0,0,Print-only,0
43,Male,White,Married,Post-graduate training/professional school after college,Employed full-time,"$100,000 to under $150,000",5,Yes,Yes,No,Purchased the book,Yes,Yes,1,1,0,Hybrid,1
42,Male,White,Married,College graduate,Employed full-time,"$100,000 to under $150,000",5,Yes,No,Yes,Purchased the book,Yes,Yes,1,0,1,Hybrid,1
42,Female,White,Married,College graduate,Have own business/self-employed,"$20,000 to under $30,000",5,Yes,No,No,Purchased the book,No,No,1,0,0,Print-only,0
42,Male,White,Married,Post-graduate training/professional school after college,Employed full-time,"$100,000 to under $150,000",5,Yes,No,No,Purchased the book,Yes,Yes,1,0,0,Print-only,0
41,Female,White,Married,"Some college, no 4-year degree",Employed full-time,"$100,000 to under $150,000",5,Yes,No,Yes,Got the book some other way,Yes,Yes,1,0,1,Hybrid,1
41,Female,White,Separated,"Some college, no 4-year degree",Employed part-time,"$50,000 to under $75,000",5,Yes,No,No,8,No,Yes,1,0,0,Print-only,0
41,Female,White,Married,"Some college, no 4-year degree",Not employed for pay,"$75,000 to under $100,000",5,Yes,Yes,Yes,Purchased the book,No,Yes,1,1,1,Hybrid,1
40,Female,White,Married,College graduate,Not employed for pay,Refused,5,Yes,No,No,Borrowed the book from a friend or family member,No,No,1,0,0,Print-only,0
40,Female,White,Divorced,College graduate,Employed full-time,"$20,000 to under $30,000",5,Yes,No,No,Purchased the book,No,No,1,0,0,Print-only,0
40,Male,White,Never been married,"Some college, no 4-year degree",Employed full-time,Refused,5,Yes,No,Yes,Purchased the book,Yes,No,1,0,1,Hybrid,1
39,Male,White,Married,Post-graduate training/professional school after college,Employed full-time,"$100,000 to under $150,000",5,Yes,No,Yes,Borrowed the book from a library,Yes,No,1,0,1,Hybrid,1
39,Male,White,Married,College graduate,Employed full-time,"$100,000 to under $150,000",5,Yes,No,No,Purchased the book,No,Yes,1,0,0,Print-only,0
38,Female,White,Married,High school graduate,Not employed for pay,Refused,5,Yes,No,No,Purchased the book,No,Yes,1,0,0,Print-only,0
38,Female,White,Married,Post-graduate training/professional school after college,Employed part-time,"$100,000 to under $150,000",5,Yes,Yes,Yes,Purchased the book,Yes,Yes,1,1,1,Hybrid,1
37,Male,White,Divorced,High school graduate,Retired,"$10,000 to under $20,000",5,No,Yes,Yes,Purchased the book,No,Yes,0,1,1,Digital/Audio-only,1
37,Male,White,Never been married,Post-graduate training/professional school after college,Employed full-time,"$100,000 to under $150,000",5,Yes,Yes,Yes,Purchased the book,Yes,Yes,1,1,1,Hybrid,1
37,Male,White,Married,Post-graduate training/professional school after college,Employed full-time,"$75,000 to under $100,000",5,Yes,No,Yes,Got the book some other way,Yes,Yes,1,0,1,Hybrid,1
37,Male,White,Married,College graduate,Employed full-time,Refused,5,Yes,No,No,Purchased the book,No,No,1,0,0,Print-only,0
36,Female,White,Never been married,"Some college, no 4-year degree",Employed full-time,"$50,000 to under $75,000",5,Yes,No,No,Purchased the book,Yes,No,1,0,0,Print-only,0
35,Female,White,Married,College graduate,Not employed for pay,"$30,000 to under $40,000",5,Yes,No,No,Borrowed the book from a library,Yes,No,1,0,0,Print-only,0
35,Female,White,Never been married,College graduate,Employed full-time,"$75,000 to under $100,000",5,Yes,No,Yes,Purchased the book,Yes,Yes,1,0,1,Hybrid,1
35,Male,White,Never been married,"Some college, no 4-year degree",Not employed for pay,"$50,000 to under $75,000",5,Yes,No,No,Borrowed the book from a friend or family member,No,Yes,1,0,0,Print-only,0
32,Male,White,Married,"Some college, no 4-year degree",Employed full-time,"$50,000 to under $75,000",5,Yes,No,No,Borrowed the book from a friend or family member,No,No,1,0,0,Print-only,0
32,Female,White,Married,College graduate,Employed part-time,"$75,000 to under $100,000",5,Yes,No,No,Purchased the book,No,No,1,0,0,Print-only,0
32,Female,White,Married,College graduate,Not employed for pay,"$75,000 to under $100,000",5,No,No,Yes,Purchased the book,No,Yes,0,0,1,Digital/Audio-only,1
31,Female,White,Married,High school incomplete,Not employed for pay,"$20,000 to under $30,000",5,Yes,No,No,Purchased the book,No,No,1,0,0,Print-only,0
31,Female,White,Married,Post-graduate training/professional school after college,Employed full-time,"$75,000 to under $100,000",5,Yes,No,No,Borrowed the book from a friend or family member,Yes,No,1,0,0,Print-only,0
31,Male,White,Married,College graduate,Employed full-time,"$75,000 to under $100,000",5,No,No,Yes,Purchased the book,Yes,Yes,0,0,1,Digital/Audio-only,1
30,Female,White,Never been married,College graduate,Employed full-time,"$40,000 to under $50,000",5,Yes,No,No,Purchased the book,Yes,Yes,1,0,0,Print-only,0
30,Male,White,Married,College graduate,Employed full-time,"$75,000 to under $100,000",5,Yes,Yes,No,Borrowed the book from a friend or family member,Yes,Yes,1,1,0,Hybrid,1
29,Male,White,Single,College graduate,Employed full-time,"$100,000 to under $150,000",5,Yes,Yes,No,Purchased the book,Yes,Yes,1,1,0,Hybrid,1
29,Female,White,Never been married,College graduate,Employed part-time,"$10,000 to under $20,000",5,Yes,No,No,Purchased the book,No,Yes,1,0,0,Print-only,0
28,Male,White,Living with a partner,College graduate,Employed full-time,"$75,000 to under $100,000",5,Yes,Yes,No,Got the book some other way,No,No,1,1,0,Hybrid,1
27,Female,White,Never been married,College graduate,Not employed for pay,"$50,000 to under $75,000",5,Yes,No,Yes,Got the book some other way,No,Yes,1,0,1,Hybrid,1
27,Male,White,Married,College graduate,Employed full-time,"$100,000 to under $150,000",5,Yes,No,No,Purchased the book,Yes,Yes,1,0,0,Print-only,0
27,Male,White,Married,College graduate,Employed full-time,"$50,000 to under $75,000",5,Yes,No,Yes,Purchased the book,Yes,No,1,0,1,Hybrid,1
25,Male,White,Never been married,College graduate,Not employed for pay,"$40,000 to under $50,000",5,Yes,Yes,Yes,Purchased the book,Yes,No,1,1,1,Hybrid,1
25,Female,White,Never been married,Post-graduate training/professional school after college,Employed full-time,"$40,000 to under $50,000",5,Yes,No,No,Purchased the book,Yes,Yes,1,0,0,Print-only,0
25,Female,White,Married,"Some college, no 4-year degree",Not employed for pay,"$30,000 to under $40,000",5,Yes,No,No,Purchased the book,Yes,Yes,1,0,0,Print-only,0
23,Female,White,Single,College graduate,Student,"Less than $10,000",5,Yes,No,No,Borrowed the book from a library,Yes,Yes,1,0,0,Print-only,0
22,Male,White,Never been married,"Some college, no 4-year degree",Employed part-time,"Less than $10,000",5,Yes,No,No,Purchased the book,No,No,1,0,0,Print-only,0
21,Female,White,Living with a partner,High school graduate,Employed part-time,"$20,000 to under $30,000",5,Yes,No,No,Purchased the book,Yes,No,1,0,0,Print-only,0
21,Male,White,Never been married,"Some college, no 4-year degree",Not employed for pay,"$30,000 to under $40,000",5,No,No,Yes,Borrowed the book from a library,Yes,No,0,0,1,Digital/Audio-only,1
20,Male,White,Never been married,"Some college, no 4-year degree",Employed part-time,"$50,000 to under $75,000",5,Yes,No,No,Purchased the book,No,No,1,0,0,Print-only,0
20,Female,White,Never been married,"Some college, no 4-year degree",Employed part-time,"$30,000 to under $40,000",5,Yes,No,No,Borrowed the book from a friend or family member,Yes,No,1,0,0,Print-only,0
20,Male,White,Never been married,High school graduate,Not employed for pay,"$100,000 to under $150,000",5,No,No,Yes,Purchased the book,Yes,No,0,0,1,Digital/Audio-only,1
19,Female,White,Never been married,High school graduate,Not employed for pay,"Less than $10,000",5,No,No,No,Borrowed the book from a library,Yes,No,0,0,0,Non-reader,0
18,Female,White,Never been married,High school graduate,Student,"$100,000 to under $150,000",5,Yes,No,No,Purchased the book,No,Yes,1,0,0,Print-only,0
18,Female,White,Never been married,High school graduate,Employed part-time,"$40,000 to under $50,000",5,Yes,No,No,Purchased the book,Yes,Yes,1,0,0,Print-only,0
18,Female,White,Never been married,High school graduate,Employed part-time,"$30,000 to under $40,000",5,Yes,No,Yes,Purchased the book,Yes,No,1,0,1,Hybrid,1
18,Male,White,Never been married,High school incomplete,Employed part-time,Refused,5,Yes,No,No,Purchased the book,No,Yes,1,0,0,Print-only,0
17,Male,White,Never been married,High school graduate,Not employed for pay,"$100,000 to under $150,000",5,Yes,No,Yes,Purchased the book,Yes,No,1,0,1,Hybrid,1
17,Male,White,Never been married,High school incomplete,Not employed for pay,"9$100,000 to under $150,000",5,Yes,No,No,Borrowed the book from a library,Yes,Yes,1,0,0,Print-only,0
17,Female,White,Never been married,High school incomplete,Employed part-time,"$40,000 to under $50,000",5,Yes,No,No,Got the book some other way,No,No,1,0,0,Print-only,0
16,Female,White,Never been married,High school incomplete,Employed part-time,"9$100,000 to under $150,000",5,Yes,No,No,Got the book some other way,No,No,1,0,0,Print-only,0
16,Female,White,Never been married,High school incomplete,Not employed for pay,"9$100,000 to under $150,000",5,Yes,No,No,Purchased the book,No,No,1,0,0,Print-only,0
21,Female,Refused,Don’t know,"Some college, no 4-year degree",Employed part-time,Refused,4,Yes,No,No,Borrowed the book from a friend or family member,No,No,1,0,0,Print-only,0
36,Male,Don’t know,Married,College graduate,Employed full-time,"$75,000 to under $100,000",4,Yes,No,No,Borrowed the book from a friend or family member,Yes,Yes,1,0,0,Print-only,0
60,Female,Other,Never been married,College graduate,Employed full-time,"$30,000 to under $40,000",4,Yes,No,No,Got the book some other way,Yes,No,1,0,0,Print-only,0
51,Female,Other,Married,High school incomplete,Not employed for pay,"9$100,000 to under $150,000",4,Don’t know,No,No,Purchased the book,Yes,Yes,0,0,0,Non-reader,0
51,Female,Other,Married,High school graduate,Employed full-time,"$20,000 to under $30,000",4,Yes,No,No,Purchased the book,No,No,1,0,0,Print-only,0
31,Female,Other,Living with a partner,High school graduate,Not employed for pay,"9$100,000 to under $150,000",4,Yes,No,No,Borrowed the book from a friend or family member,Yes,Yes,1,0,0,Print-only,0
18,Male,Other,Never been married,High school incomplete,Employed part-time,"$30,000 to under $40,000",4,Yes,No,No,Purchased the book,No,Yes,1,0,0,Print-only,0
16,Female,Other,Never been married,High school incomplete,Student,"9$100,000 to under $150,000",4,Don’t know,Yes,Yes,Borrowed the book from a friend or family member,No,Yes,0,1,1,Digital/Audio-only,1
69,Male,Native American/American Indian,Married,"Some college, no 4-year degree",Retired,"$100,000 to under $150,000",4,Yes,No,No,Purchased the book,Yes,No,1,0,0,Print-only,0
66,Female,Mixed race,Never been married,High school incomplete,Employed full-time,"9$100,000 to under $150,000",4,Yes,Yes,Yes,Borrowed the book from a library,Yes,Yes,1,1,1,Hybrid,1
27,Female,Mixed race,Married,Not specified,Not employed for pay,"Less than $10,000",4,No,Yes,Yes,Borrowed the book from a friend or family member,Yes,Yes,0,1,1,Digital/Audio-only,1
25,Female,Mixed race,Living with a partner,High school graduate,Employed part-time,"Less than $10,000",4,Yes,No,No,Borrowed the book from a library,Yes,Yes,1,0,0,Print-only,0
65,Female,Asian or Pacific Islander,Widowed,High school graduate,Not employed for pay,"$30,000 to under $40,000",4,Yes,No,No,Borrowed the book from a friend or family member,No,Yes,1,0,0,Print-only,0
53,Female,Asian or Pacific Islander,Married,College graduate,Retired,"$100,000 to under $150,000",4,Yes,No,Yes,Purchased the book,Don’t know,Yes,1,0,1,Hybrid,1
51,Male,Asian or Pacific Islander,Married,"Some college, no 4-year degree",Employed full-time,Refused,4,Yes,No,No,Purchased the book,Yes,Yes,1,0,0,Print-only,0
35,Male,Asian or Pacific Islander,Married,"Some college, no 4-year degree",Employed full-time,"$100,000 to under $150,000",4,Yes,No,No,Got the book some other way,Yes,Yes,1,0,0,Print-only,0
23,Male,Asian or Pacific Islander,Never been married,College graduate,Employed full-time,"$75,000 to under $100,000",4,Yes,No,No,Purchased the book,Yes,Yes,1,0,0,Print-only,0
21,Female,Asian or Pacific Islander,Living with a partner,"Some college, no 4-year degree",Employed full-time,"$40,000 to under $50,000",4,Yes,No,No,Purchased the book,No,Yes,1,0,0,Print-only,0
73,Female,Black or African-American,Married,"Some college, no 4-year degree",Not employed for pay,Refused,4,Yes,No,No,Purchased the book,Yes,Yes,1,0,0,Print-only,0
69,Male,Black or African-American,Married,High school graduate,Retired,"Less than $10,000",4,Yes,Don’t know,No,Borrowed the book from a friend or family member,Yes,No,1,0,0,Print-only,0
63,Male,Black or African-American,Widowed,"Some college, no 4-year degree",Retired,"$20,000 to under $30,000",4,Yes,No,No,Borrowed the book from a friend or family member,No,No,1,0,0,Print-only,0
55,Female,Black or African-American,Married,High school graduate,Employed full-time,"$30,000 to under $40,000",4,Yes,No,No,Purchased the book,Yes,Yes,1,0,0,Print-only,0
51,Male,Black or African-American,Living with a partner,"Some college, no 4-year degree",Employed full-time,"$50,000 to under $75,000",4,Yes,No,No,Purchased the book,Yes,No,1,0,0,Print-only,0
50,Male,Black or African-American,Never been married,High school graduate,Not employed for pay,"9$100,000 to under $150,000",4,Yes,Yes,No,Purchased the book,Yes,No,1,1,0,Hybrid,1
42,Male,Black or African-American,Separated,High school incomplete,Not employed for pay,"Less than $10,000",4,Yes,No,No,8,Yes,No,1,0,0,Print-only,0
41,Female,Black or African-American,Married,Post-graduate training/professional school after college,Employed full-time,Refused,4,Yes,No,Yes,Got the book some other way,Yes,No,1,0,1,Hybrid,1
38,Female,Black or African-American,Never been married,"Some college, no 4-year degree",Not employed for pay,"$10,000 to under $20,000",4,Yes,No,No,Got the book some other way,Yes,Yes,1,0,0,Print-only,0
37,Male,Black or African-American,Separated,High school graduate,Employed part-time,"$20,000 to under $30,000",4,Yes,No,No,Borrowed the book from a library,Yes,Yes,1,0,0,Print-only,0
37,Male,Black or African-American,Never been married,High school graduate,Not employed for pay,"$20,000 to under $30,000",4,Yes,No,No,Purchased the book,Yes,No,1,0,0,Print-only,0
30,Male,Black or African-American,Never been married,High school graduate,Not employed for pay,"9$100,000 to under $150,000",4,Yes,No,No,Borrowed the book from a friend or family member,Yes,Yes,1,0,0,Print-only,0
29,Male,Black or African-American,Never been married,"Some college, no 4-year degree",Employed full-time,"$50,000 to under $75,000",4,Yes,No,No,Purchased the book,No,Yes,1,0,0,Print-only,0
29,Female,Black or African-American,Living with a partner,"Some college, no 4-year degree",Employed full-time,Refused,4,Yes,No,No,Purchased the book,No,No,1,0,0,Print-only,0
28,Female,Black or African-American,Divorced,High school graduate,Not employed for pay,"Less than $10,000",4,Yes,No,No,Borrowed the book from a friend or family member,No,No,1,0,0,Print-only,0
25,Female,Black or African-American,Living with a partner,"Some college, no 4-year degree",Not employed for pay,"Less than $10,000",4,Yes,No,Yes,Borrowed the book from a library,No,No,1,0,1,Hybrid,1
23,Male,Black or African-American,Never been married,"Some college, no 4-year degree",Employed full-time,"$20,000 to under $30,000",4,Yes,No,No,Borrowed the book from a friend or family member,No,No,1,0,0,Print-only,0
20,Female,Black or African-American,Never been married,"Some college, no 4-year degree",Not employed for pay,"9$100,000 to under $150,000",4,Yes,No,No,Purchased the book,Yes,Yes,1,0,0,Print-only,0
19,Female,Black or African-American,Never been married,High school graduate,Not employed for pay,"$50,000 to under $75,000",4,Yes,No,No,Purchased the book,No,Yes,1,0,0,Print-only,0
18,Male,Black or African-American,Never been married,High school incomplete,Not employed for pay,"$100,000 to under $150,000",4,Yes,No,No,Borrowed the book from a library,No,Yes,1,0,0,Print-only,0
18,Male,Black or African-American,Living with a partner,High school incomplete,Employed part-time,"9$100,000 to under $150,000",4,Yes,No,No,Got the book some other way,Yes,Yes,1,0,0,Print-only,0
86,Male,White,Married,"Some college, no 4-year degree",Retired,"$50,000 to under $75,000",4,Yes,No,No,Purchased the book,Yes,No,1,0,0,Print-only,0
85,Male,White,Married,High school graduate,Retired,Refused,4,Yes,No,No,Borrowed the book from a library,Yes,Yes,1,0,0,Print-only,0
81,Female,White,Widowed,High school graduate,Not employed for pay,"9$100,000 to under $150,000",4,No,No,No,Borrowed the book from a friend or family member,Yes,Yes,0,0,0,Non-reader,0
81,Male,White,Widowed,College graduate,Retired,Refused,4,Yes,No,No,Borrowed the book from a friend or family member,Yes,No,1,0,0,Print-only,0
80,Female,White,Widowed,College graduate,Retired,"$40,000 to under $50,000",4,Yes,No,No,Borrowed the book from a library,Yes,Yes,1,0,0,Print-only,0
78,Male,White,Married,Post-graduate training/professional school after college,Retired,"$30,000 to under $40,000",4,Yes,No,No,Borrowed the book from a library,Yes,No,1,0,0,Print-only,0
77,Female,White,Married,High school graduate,Retired,Refused,4,Yes,No,No,Borrowed the book from a friend or family member,Yes,No,1,0,0,Print-only,0
77,Female,White,Married,High school graduate,Retired,"$30,000 to under $40,000",4,Yes,No,No,Borrowed the book from a friend or family member,No,No,1,0,0,Print-only,0
76,Female,White,Married,Post-graduate training/professional school after college,Retired,Refused,4,Yes,No,No,Borrowed the book from a friend or family member,Yes,No,1,0,0,Print-only,0
76,Female,White,Married,High school graduate,Retired,"$30,000 to under $40,000",4,Yes,No,No,Purchased the book,Yes,No,1,0,0,Print-only,0
75,Male,White,Married,Post-graduate training/professional school after college,Retired,"$100,000 to under $150,000",4,Yes,No,Yes,Borrowed the book from a library,Yes,Yes,1,0,1,Hybrid,1
72,Female,White,Widowed,High school graduate,Retired,"$20,000 to under $30,000",4,Yes,No,No,Got the book some other way,No,No,1,0,0,Print-only,0
72,Male,White,Married,Post-graduate training/professional school after college,Retired,"$50,000 to under $75,000",4,Yes,No,No,Borrowed the book from a friend or family member,Yes,Yes,1,0,0,Print-only,0
72,Female,White,Divorced,"Some college, no 4-year degree",Retired,Refused,4,Yes,Yes,Don’t know,Borrowed the book from a library,No,Yes,1,1,0,Hybrid,1
71,Male,White,Married,"Some college, no 4-year degree",Not employed for pay,"$75,000 to under $100,000",4,Yes,No,No,Purchased the book,No,No,1,0,0,Print-only,0
70,Female,White,Separated,College graduate,Not employed for pay,Refused,4,Yes,No,No,Borrowed the book from a friend or family member,Yes,Yes,1,0,0,Print-only,0
70,Male,White,Married,"Some college, no 4-year degree",Retired,"$20,000 to under $30,000",4,Yes,No,No,Borrowed the book from a library,No,No,1,0,0,Print-only,0
69,Female,White,Widowed,"Technical, trade or vocational school AFTER high school",Retired,"$20,000 to under $30,000",4,Yes,No,No,Purchased the book,Yes,No,1,0,0,Print-only,0
69,Female,White,Divorced,College graduate,Retired,"$20,000 to under $30,000",4,Yes,No,No,Purchased the book,Yes,No,1,0,0,Print-only,0
68,Female,White,Widowed,"Some college, no 4-year degree",Retired,"$20,000 to under $30,000",4,Yes,No,No,Purchased the book,Yes,Yes,1,0,0,Print-only,0
68,Female,White,Married,College graduate,Retired,Refused,4,No,No,Yes,Purchased the book,Yes,Yes,0,0,1,Digital/Audio-only,1
66,Male,White,Married,High school graduate,Retired,"$50,000 to under $75,000",4,Yes,No,No,Purchased the book,No,No,1,0,0,Print-only,0
66,Female,White,Widowed,High school incomplete,Retired,"$10,000 to under $20,000",4,Yes,No,Yes,Got the book some other way,Yes,No,1,0,1,Hybrid,1
65,Female,White,Divorced,Post-graduate training/professional school after college,Employed full-time,"$100,000 to under $150,000",4,Yes,No,No,Purchased the book,No,No,1,0,0,Print-only,0
65,Male,White,Divorced,High school graduate,Retired,"$40,000 to under $50,000",4,Yes,No,No,Purchased the book,Yes,No,1,0,0,Print-only,0
65,Male,White,Married,Post-graduate training/professional school after college,Retired,"$50,000 to under $75,000",4,No,No,No,Purchased the book,Yes,Yes,0,0,0,Non-reader,0
65,Female,White,Married,High school graduate,Retired,"$100,000 to under $150,000",4,Yes,No,No,Purchased the book,Yes,Yes,1,0,0,Print-only,0
65,Male,White,Married,High school graduate,Retired,"$50,000 to under $75,000",4,Yes,No,No,Borrowed the book from a friend or family member,Yes,Yes,1,0,0,Print-only,0
65,Female,White,Married,Post-graduate training/professional school after college,Employed full-time,"$100,000 to under $150,000",4,Yes,No,No,Purchased the book,Yes,No,1,0,0,Print-only,0
64,Male,White,Married,Post-graduate training/professional school after college,Employed full-time,"$50,000 to under $75,000",4,Yes,No,No,Borrowed the book from a friend or family member,Yes,Yes,1,0,0,Print-only,0
64,Male,White,Married,Post-graduate training/professional school after college,Employed full-time,"$40,000 to under $50,000",4,Yes,No,No,Purchased the book,Yes,Yes,1,0,0,Print-only,0
62,Female,White,Widowed,High school graduate,Retired,Refused,4,Yes,No,No,Borrowed the book from a friend or family member,Yes,Yes,1,0,0,Print-only,0
62,Female,White,Married,Post-graduate training/professional school after college,Retired,"$100,000 to under $150,000",4,Yes,No,Yes,Purchased the book,Yes,Yes,1,0,1,Hybrid,1
60,Female,White,Widowed,"Some college, no 4-year degree",Disabled,Refused,4,Yes,No,No,Borrowed the book from a friend or family member,Yes,Yes,1,0,0,Print-only,0
60,Male,White,Married,High school graduate,Have own business/self-employed,"$10,000 to under $20,000",4,Yes,No,No,Borrowed the book from a library,No,Yes,1,0,0,Print-only,0
60,Male,White,Married,"Some college, no 4-year degree",Employed full-time,"$30,000 to under $40,000",4,Yes,No,No,Purchased the book,No,No,1,0,0,Print-only,0
59,Male,White,Married,High school graduate,Employed full-time,"$20,000 to under $30,000",4,No,No,No,Got the book some other way,No,No,0,0,0,Non-reader,0
58,Female,White,Married,Post-graduate training/professional school after college,Employed full-time,"$75,000 to under $100,000",4,Yes,No,No,Purchased the book,No,Yes,1,0,0,Print-only,0
57,Female,White,Never been married,College graduate,Not employed for pay,"$20,000 to under $30,000",4,Yes,No,No,Borrowed the book from a library,Yes,Yes,1,0,0,Print-only,0
57,Male,White,Living with a partner,"Some college, no 4-year degree",Disabled,"$40,000 to under $50,000",4,Yes,No,No,Purchased the book,No,No,1,0,0,Print-only,0
57,Female,White,Never been married,Post-graduate training/professional school after college,Employed full-time,"$30,000 to under $40,000",4,Yes,No,No,Purchased the book,Yes,No,1,0,0,Print-only,0
56,Female,White,Married,College graduate,Retired,"$100,000 to under $150,000",4,No,No,Yes,Purchased the book,No,Yes,0,0,1,Digital/Audio-only,1
56,Female,White,Married,"Some college, no 4-year degree",Employed full-time,Refused,4,Yes,No,Yes,Purchased the book,No,No,1,0,1,Hybrid,1
55,Female,White,Married,High school graduate,Employed part-time,"$100,000 to under $150,000",4,Yes,No,No,Got the book some other way,Yes,No,1,0,0,Print-only,0
55,Female,White,Separated,High school graduate,Employed full-time,"$30,000 to under $40,000",4,Yes,No,No,Purchased the book,No,No,1,0,0,Print-only,0
55,Female,White,Married,"Some college, no 4-year degree",Employed full-time,"$50,000 to under $75,000",4,Yes,No,No,Purchased the book,No,No,1,0,0,Print-only,0
55,Male,White,Widowed,High school graduate,Retired,"$30,000 to under $40,000",4,Yes,No,No,Purchased the book,Yes,Yes,1,0,0,Print-only,0
55,Female,White,Married,Post-graduate training/professional school after college,Employed full-time,"$50,000 to under $75,000",4,Yes,No,Yes,Borrowed the book from a library,Yes,Yes,1,0,1,Hybrid,1
53,Female,White,Married,"Some college, no 4-year degree",Disabled,"Less than $10,000",4,Yes,No,No,Borrowed the book from a library,Yes,Yes,1,0,0,Print-only,0
52,Female,White,Married,"Some college, no 4-year degree",Employed part-time,"$100,000 to under $150,000",4,No,No,Yes,Purchased the book,Yes,Yes,0,0,1,Digital/Audio-only,1
52,Female,White,Divorced,Post-graduate training/professional school after college,Employed full-time,"$50,000 to under $75,000",4,Yes,Yes,No,Purchased the book,No,Yes,1,1,0,Hybrid,1
52,Male,White,Married,College graduate,Employed full-time,"$75,000 to under $100,000",4,Yes,No,No,Borrowed the book from a friend or family member,Yes,Yes,1,0,0,Print-only,0
51,Male,White,Married,High school graduate,Employed full-time,"$100,000 to under $150,000",4,Yes,No,No,Purchased the book,No,Yes,1,0,0,Print-only,0
50,Male,White,Never been married,Don’t know,Retired,Refused,4,Yes,No,No,Purchased the book,Yes,Yes,1,0,0,Print-only,0
50,Male,White,Divorced,High school incomplete,Disabled,"Less than $10,000",4,No,No,No,Purchased the book,No,Yes,0,0,0,Non-reader,0
50,Female,White,Married,College graduate,Not employed for pay,Refused,4,No,Yes,Yes,Purchased the book,No,Yes,0,1,1,Digital/Audio-only,1
50,Male,White,Married,Post-graduate training/professional school after college,Employed full-time,"$100,000 to under $150,000",4,Yes,No,No,Got the book some other way,Yes,Yes,1,0,0,Print-only,0
50,Female,White,Divorced,"Some college, no 4-year degree",Employed part-time,"$100,000 to under $150,000",4,Yes,No,No,Purchased the book,Yes,No,1,0,0,Print-only,0
50,Male,White,Married,College graduate,Employed full-time,"$100,000 to under $150,000",4,Yes,No,Yes,Got the book some other way,Yes,Yes,1,0,1,Hybrid,1
49,Female,White,Divorced,Post-graduate training/professional school after college,Employed full-time,"$75,000 to under $100,000",4,Yes,No,No,Purchased the book,Yes,No,1,0,0,Print-only,0
49,Male,White,Married,Post-graduate training/professional school after college,Employed full-time,"$100,000 to under $150,000",4,Yes,Yes,Yes,Purchased the book,Yes,Yes,1,1,1,Hybrid,1
49,Female,White,Married,Post-graduate training/professional school after college,Employed full-time,"$75,000 to under $100,000",4,Yes,No,No,Purchased the book,Yes,Yes,1,0,0,Print-only,0
49,Male,White,Married,College graduate,Employed full-time,"$100,000 to under $150,000",4,Yes,No,No,Borrowed the book from a friend or family member,Yes,Yes,1,0,0,Print-only,0
48,Male,White,Married,High school graduate,Employed full-time,"$100,000 to under $150,000",4,Yes,Yes,Yes,Purchased the book,No,No,1,1,1,Hybrid,1
47,Male,White,Never been married,High school graduate,Employed full-time,"$40,000 to under $50,000",4,Yes,No,No,Borrowed the book from a friend or family member,Yes,No,1,0,0,Print-only,0
47,Female,White,Married,"Some college, no 4-year degree",Employed full-time,"$75,000 to under $100,000",4,Yes,No,No,Purchased the book,No,Yes,1,0,0,Print-only,0
47,Male,White,Married,High school graduate,Employed full-time,"$100,000 to under $150,000",4,Yes,No,No,Borrowed the book from a friend or family member,Yes,Yes,1,0,0,Print-only,0
47,Female,White,Married,High school incomplete,Employed full-time,Refused,4,No,No,Yes,Purchased the book,Yes,No,0,0,1,Digital/Audio-only,1
46,Male,White,Living with a partner,High school graduate,Employed full-time,"$40,000 to under $50,000",4,Yes,No,No,Got the book some other way,Yes,No,1,0,0,Print-only,0
46,Male,White,Married,College graduate,Employed full-time,"$75,000 to under $100,000",4,Yes,No,No,Borrowed the book from a friend or family member,Yes,No,1,0,0,Print-only,0
45,Male,White,Married,High school graduate,Employed full-time,"$100,000 to under $150,000",4,Yes,No,No,Purchased the book,Yes,Yes,1,0,0,Print-only,0
45,Female,White,Married,College graduate,Employed full-time,"$75,000 to under $100,000",4,Yes,Yes,No,Borrowed the book from a library,No,Yes,1,1,0,Hybrid,1
44,Male,White,Never been married,High school incomplete,Not employed for pay,"9$100,000 to under $150,000",4,Yes,No,No,Borrowed the book from a library,Yes,No,1,0,0,Print-only,0
44,Female,White,Married,"Technical, trade or vocational school AFTER high school",Employed full-time,"$50,000 to under $75,000",4,Yes,No,No,Purchased the book,Yes,No,1,0,0,Print-only,0
44,Female,White,Married,College graduate,Have own business/self-employed,"$100,000 to under $150,000",4,Yes,No,Yes,Purchased the book,No,Yes,1,0,1,Hybrid,1
43,Male,White,Never been married,Post-graduate training/professional school after college,Employed full-time,"$100,000 to under $150,000",4,Yes,No,No,Purchased the book,Yes,Yes,1,0,0,Print-only,0
42,Female,White,Married,College graduate,Not employed for pay,"9$100,000 to under $150,000",4,Yes,Yes,Yes,Borrowed the book from a library,No,No,1,1,1,Hybrid,1
42,Male,White,Married,College graduate,Employed full-time,"$75,000 to under $100,000",4,Yes,No,No,Borrowed the book from a friend or family member,Yes,Yes,1,0,0,Print-only,0
42,Female,White,Never been married,College graduate,Employed full-time,"$30,000 to under $40,000",4,Yes,No,No,Borrowed the book from a friend or family member,No,No,1,0,0,Print-only,0
42,Male,White,Never been married,College graduate,Have own business/self-employed,"$75,000 to under $100,000",4,Yes,No,No,Borrowed the book from a friend or family member,Yes,Yes,1,0,0,Print-only,0
41,Male,White,Married,College graduate,Have own business/self-employed,"$100,000 to under $150,000",4,Yes,No,No,Borrowed the book from a library,No,No,1,0,0,Print-only,0
41,Female,White,Married,College graduate,Employed full-time,"$75,000 to under $100,000",4,Yes,No,No,Borrowed the book from a friend or family member,No,No,1,0,0,Print-only,0
41,Female,White,Married,Post-graduate training/professional school after college,Employed full-time,"$100,000 to under $150,000",4,No,No,Yes,Purchased the book,No,Yes,0,0,1,Digital/Audio-only,1
40,Male,White,Married,Post-graduate training/professional school after college,Employed full-time,"$75,000 to under $100,000",4,No,No,Yes,Borrowed the book from a library,Yes,Yes,0,0,1,Digital/Audio-only,1
40,Female,White,Married,College graduate,Not employed for pay,"$10,000 to under $20,000",4,Yes,Yes,Yes,Borrowed the book from a friend or family member,Yes,Yes,1,1,1,Hybrid,1
40,Male,White,Living with a partner,High school graduate,Employed full-time,"$50,000 to under $75,000",4,No,No,Yes,9,No,No,0,0,1,Digital/Audio-only,1
39,Female,White,Divorced,College graduate,Employed full-time,"$50,000 to under $75,000",4,Yes,No,No,Borrowed the book from a friend or family member,Yes,Yes,1,0,0,Print-only,0
38,Male,White,Married,Post-graduate training/professional school after college,Not employed for pay,"$10,000 to under $20,000",4,Yes,No,No,Borrowed the book from a library,No,No,1,0,0,Print-only,0
38,Male,White,Separated,College graduate,Employed full-time,"$50,000 to under $75,000",4,Yes,No,Yes,Borrowed the book from a library,Yes,No,1,0,1,Hybrid,1
37,Female,White,Married,College graduate,Employed full-time,"$75,000 to under $100,000",4,Yes,Yes,No,Got the book some other way,No,Yes,1,1,0,Hybrid,1
36,Female,White,Married,College graduate,Not employed for pay,Refused,4,Yes,No,No,Purchased the book,Yes,Yes,1,0,0,Print-only,0
36,Male,White,Married,High school graduate,Employed full-time,"$100,000 to under $150,000",4,Yes,No,No,Purchased the book,Yes,Yes,1,0,0,Print-only,0
36,Male,White,Married,College graduate,Employed full-time,"$20,000 to under $30,000",4,Yes,No,No,Borrowed the book from a friend or family member,No,Yes,1,0,0,Print-only,0
36,Female,White,Divorced,College graduate,Employed full-time,"$50,000 to under $75,000",4,Yes,No,No,Purchased the book,No,No,1,0,0,Print-only,0
35,Male,White,Married,Post-graduate training/professional school after college,Employed full-time,"$50,000 to under $75,000",4,Yes,Yes,No,Purchased the book,Yes,No,1,1,0,Hybrid,1
35,Male,White,Married,Post-graduate training/professional school after college,Employed full-time,"$100,000 to under $150,000",4,No,No,Yes,Purchased the book,Yes,Yes,0,0,1,Digital/Audio-only,1
34,Male,White,Never been married,Post-graduate training/professional school after college,Employed full-time,"$75,000 to under $100,000",4,Yes,No,Yes,8,Yes,No,1,0,1,Hybrid,1
33,Female,White,Married,College graduate,Employed full-time,"$100,000 to under $150,000",4,Yes,No,Yes,Got the book some other way,Yes,No,1,0,1,Hybrid,1
33,Female,White,Married,High school graduate,Not employed for pay,"Less than $10,000",4,Yes,No,No,Purchased the book,Yes,No,1,0,0,Print-only,0
33,Male,White,Married,High school graduate,Employed full-time,"$75,000 to under $100,000",4,Yes,No,No,Purchased the book,Yes,No,1,0,0,Print-only,0
33,Female,White,Never been married,High school graduate,Employed full-time,"$30,000 to under $40,000",4,Yes,No,No,Borrowed the book from a friend or family member,Yes,No,1,0,0,Print-only,0
31,Male,White,Married,Post-graduate training/professional school after college,Employed full-time,Refused,4,Yes,No,No,Got the book some other way,Yes,Yes,1,0,0,Print-only,0
30,Male,White,Never been married,"Some college, no 4-year degree",Not employed for pay,"$30,000 to under $40,000",4,Yes,No,No,Purchased the book,Yes,No,1,0,0,Print-only,0
30,Male,White,Married,High school graduate,Employed full-time,"$40,000 to under $50,000",4,Yes,No,Yes,Got the book some other way,No,No,1,0,1,Hybrid,1
29,Female,White,Married,Post-graduate training/professional school after college,Employed full-time,"$75,000 to under $100,000",4,Yes,Yes,No,Purchased the book,No,Yes,1,1,0,Hybrid,1
28,Female,White,Living with a partner,College graduate,Not employed for pay,"$10,000 to under $20,000",4,Yes,No,No,Purchased the book,No,No,1,0,0,Print-only,0
28,Male,White,Living with a partner,"Some college, no 4-year degree",Employed full-time,"$30,000 to under $40,000",4,Yes,No,Yes,Purchased the book,No,No,1,0,1,Hybrid,1
28,Male,White,Married,High school graduate,Employed full-time,"$50,000 to under $75,000",4,Yes,No,No,Borrowed the book from a friend or family member,Yes,No,1,0,0,Print-only,0
26,Male,White,Never been married,College graduate,Employed full-time,"$30,000 to under $40,000",4,Yes,No,No,Got the book some other way,Yes,No,1,0,0,Print-only,0
25,Female,White,Never been married,College graduate,Employed full-time,"$30,000 to under $40,000",4,Yes,No,No,Purchased the book,No,No,1,0,0,Print-only,0
24,Male,White,Married,College graduate,Employed part-time,"$20,000 to under $30,000",4,Yes,No,No,Purchased the book,Yes,No,1,0,0,Print-only,0
24,Male,White,Never been married,"Some college, no 4-year degree",Employed full-time,"$10,000 to under $20,000",4,Yes,No,No,Got the book some other way,No,No,1,0,0,Print-only,0
23,Female,White,Never been married,High school incomplete,Employed full-time,"Less than $10,000",4,Yes,No,No,Purchased the book,Yes,No,1,0,0,Print-only,0
23,Male,White,Single,"Some college, no 4-year degree",Employed full-time,"$10,000 to under $20,000",4,Yes,Yes,No,Got the book some other way,Yes,No,1,1,0,Hybrid,1
23,Male,White,Never been married,"Some college, no 4-year degree",Employed full-time,"$100,000 to under $150,000",4,Yes,Yes,No,Got the book some other way,Yes,Yes,1,1,0,Hybrid,1
20,Male,White,Married,High school graduate,Not employed for pay,"$20,000 to under $30,000",4,Yes,No,Yes,Purchased the book,No,No,1,0,1,Hybrid,1
20,Male,White,Never been married,"Some college, no 4-year degree",Employed full-time,"$75,000 to under $100,000",4,Yes,No,Yes,Purchased the book,No,No,1,0,1,Hybrid,1
19,Male,White,Never been married,High school graduate,Not employed for pay,"9$100,000 to under $150,000",4,Yes,Yes,No,Purchased the book,No,Yes,1,1,0,Hybrid,1
18,Female,White,Never been married,High school graduate,Employed part-time,"$20,000 to under $30,000",4,Yes,No,Yes,Purchased the book,No,Yes,1,0,1,Hybrid,1
18,Male,White,Never been married,High school graduate,Employed part-time,"$40,000 to under $50,000",4,No,No,No,Borrowed the book from a friend or family member,No,Yes,0,0,0,Non-reader,0
18,Male,White,Never been married,"Some college, no 4-year degree",Not employed for pay,"$100,000 to under $150,000",4,Yes,Yes,No,Borrowed the book from a friend or family member,Yes,No,1,1,0,Hybrid,1
17,Male,White,Never been married,High school incomplete,Not employed for pay,Refused,4,Yes,No,No,Borrowed the book from a friend or family member,No,Yes,1,0,0,Print-only,0
17,Male,White,Never been married,High school incomplete,Employed full-time,"$75,000 to under $100,000",4,Yes,No,No,Purchased the book,No,Yes,1,0,0,Print-only,0
16,Female,White,Never been married,High school incomplete,Not employed for pay,"$100,000 to under $150,000",4,Yes,No,Yes,Purchased the book,No,Yes,1,0,1,Hybrid,1
16,Female,White,Never been married,High school incomplete,Not employed for pay,"$30,000 to under $40,000",4,Yes,Yes,No,Purchased the book,No,Yes,1,1,0,Hybrid,1
16,Male,White,Never been married,High school incomplete,Employed part-time,"$40,000 to under $50,000",4,Yes,No,No,Borrowed the book from a library,No,No,1,0,0,Print-only,0
16,Male,White,Never been married,High school incomplete,Not employed for pay,"9$100,000 to under $150,000",4,Yes,No,No,Got the book some other way,No,Yes,1,0,0,Print-only,0
79,Female,Refused,Married,High school graduate,Retired,Refused,3,No,No,No,Borrowed the book from a friend or family member,Yes,Yes,0,0,0,Non-reader,0
29,Female,Refused,Married,College graduate,Not employed for pay,"$30,000 to under $40,000",3,Yes,Yes,No,Purchased the book,No,Yes,1,1,0,Hybrid,1
53,Female,Other,Married,"Some college, no 4-year degree",Retired,"$100,000 to under $150,000",3,Yes,Yes,Yes,Borrowed the book from a friend or family member,Yes,No,1,1,1,Hybrid,1
40,Male,Other,Married,High school graduate,Employed full-time,"9$100,000 to under $150,000",3,No,No,No,Got the book some other way,No,No,0,0,0,Non-reader,0
25,Female,Other,Living with a partner,High school graduate,Not employed for pay,"Less than $10,000",3,Yes,No,No,Purchased the book,Yes,Yes,1,0,0,Print-only,0
22,Female,Other,Married,High school graduate,Employed part-time,"Less than $10,000",3,No,No,Yes,Borrowed the book from a library,No,No,0,0,1,Digital/Audio-only,1
21,Female,Other,Never been married,High school incomplete,Not employed for pay,"9$100,000 to under $150,000",3,Yes,No,No,Borrowed the book from a library,No,No,1,0,0,Print-only,0
19,Female,Other,Never been married,"Some college, no 4-year degree",Employed part-time,"$50,000 to under $75,000",3,Yes,Yes,Yes,Got the book some other way,No,No,1,1,1,Hybrid,1
16,Female,Other,Never been married,High school incomplete,Student,"9$100,000 to under $150,000",3,Yes,No,No,Got the book some other way,Yes,Yes,1,0,0,Print-only,0
16,Male,Other,Single,High school graduate,Employed part-time,"$100,000 to under $150,000",3,Yes,Yes,No,Borrowed the book from a library,Yes,No,1,1,0,Hybrid,1
60,Male,Native American/American Indian,Never been married,"Some college, no 4-year degree",Employed full-time,"$100,000 to under $150,000",3,Yes,No,No,Borrowed the book from a friend or family member,Yes,Yes,1,0,0,Print-only,0
47,Female,Native American/American Indian,Married,Post-graduate training/professional school after college,Employed full-time,"$50,000 to under $75,000",3,Yes,No,No,Purchased the book,No,Yes,1,0,0,Print-only,0
35,Male,Native American/American Indian,Married,High school graduate,Employed full-time,"$20,000 to under $30,000",3,Yes,No,No,Purchased the book,Yes,No,1,0,0,Print-only,0
35,Female,Native American/American Indian,Divorced,High school graduate,Employed full-time,"$20,000 to under $30,000",3,Yes,No,No,Borrowed the book from a library,Yes,No,1,0,0,Print-only,0
52,Male,Mixed race,Married,Post-graduate training/professional school after college,Retired,Refused,3,Yes,Yes,No,Got the book some other way,No,No,1,1,0,Hybrid,1
48,Male,Mixed race,Divorced,High school graduate,Not employed for pay,"9$100,000 to under $150,000",3,No,No,No,Borrowed the book from a friend or family member,Yes,No,0,0,0,Non-reader,0
22,Male,Mixed race,Never been married,"Some college, no 4-year degree",Employed full-time,"$50,000 to under $75,000",3,Yes,No,No,Borrowed the book from a friend or family member,Yes,Yes,1,0,0,Print-only,0
18,Male,Mixed race,Never been married,High school incomplete,Employed part-time,"$30,000 to under $40,000",3,Yes,No,Yes,Borrowed the book from a friend or family member,Yes,No,1,0,1,Hybrid,1
70,Male,Asian or Pacific Islander,Married,College graduate,Retired,"$75,000 to under $100,000",3,Yes,No,No,Borrowed the book from a friend or family member,No,Yes,1,0,0,Print-only,0
55,Male,Asian or Pacific Islander,Married,College graduate,Employed full-time,"$100,000 to under $150,000",3,Yes,No,Yes,Purchased the book,Yes,No,1,0,1,Hybrid,1
40,Female,Asian or Pacific Islander,Married,College graduate,Not employed for pay,"$100,000 to under $150,000",3,Yes,No,No,Got the book some other way,No,Yes,1,0,0,Print-only,0
40,Male,Asian or Pacific Islander,Married,Post-graduate training/professional school after college,Employed full-time,"$100,000 to under $150,000",3,Yes,No,No,Purchased the book,Yes,No,1,0,0,Print-only,0
35,Female,Asian or Pacific Islander,Married,Post-graduate training/professional school after college,Employed full-time,Refused,3,No,Yes,Yes,Got the book some other way,No,No,0,1,1,Digital/Audio-only,1
30,Male,Asian or Pacific Islander,Married,Post-graduate training/professional school after college,Employed full-time,"$75,000 to under $100,000",3,No,No,Yes,Borrowed the book from a friend or family member,Yes,No,0,0,1,Digital/Audio-only,1
30,Male,Asian or Pacific Islander,Married,College graduate,Employed full-time,"$100,000 to under $150,000",3,No,No,Yes,Purchased the book,Yes,No,0,0,1,Digital/Audio-only,1
30,Female,Asian or Pacific Islander,Married,College graduate,Not employed for pay,"Less than $10,000",3,Yes,Yes,Yes,Got the book some other way,Yes,Yes,1,1,1,Hybrid,1
30,Male,Asian or Pacific Islander,Single,"Some college, no 4-year degree",Employed full-time,"$40,000 to under $50,000",3,No,No,Yes,Got the book some other way,No,Yes,0,0,1,Digital/Audio-only,1
27,Female,Asian or Pacific Islander,Married,College graduate,Employed part-time,"$100,000 to under $150,000",3,Yes,No,Yes,Purchased the book,Yes,No,1,0,1,Hybrid,1
26,Male,Asian or Pacific Islander,Never been married,College graduate,Employed full-time,"9$100,000 to under $150,000",3,Yes,No,Yes,Borrowed the book from a friend or family member,No,No,1,0,1,Hybrid,1
88,Female,Black or African-American,Widowed,High school graduate,Retired,"Less than $10,000",3,Yes,No,No,Purchased the book,Yes,No,1,0,0,Print-only,0
82,Female,Black or African-American,Divorced,Post-graduate training/professional school after college,Retired,"$50,000 to under $75,000",3,Yes,No,No,Purchased the book,No,No,1,0,0,Print-only,0
72,Female,Black or African-American,Widowed,"Some college, no 4-year degree",Retired,"$40,000 to under $50,000",3,Yes,No,No,Borrowed the book from a friend or family member,No,Yes,1,0,0,Print-only,0
70,Female,Black or African-American,Widowed,High school incomplete,Retired,"$50,000 to under $75,000",3,No,No,No,Borrowed the book from a friend or family member,Yes,Yes,0,0,0,Non-reader,0
65,Female,Black or African-American,Separated,High school graduate,Not employed for pay,"9$100,000 to under $150,000",3,Yes,No,No,Borrowed the book from a library,Yes,Yes,1,0,0,Print-only,0
61,Female,Black or African-American,Married,High school graduate,Employed part-time,"$75,000 to under $100,000",3,Yes,No,No,Borrowed the book from a friend or family member,No,Yes,1,0,0,Print-only,0
58,Female,Black or African-American,Married,High school graduate,Not employed for pay,"9$100,000 to under $150,000",3,Yes,Yes,No,Got the book some other way,No,No,1,1,0,Hybrid,1
57,Female,Black or African-American,Widowed,High school graduate,Employed part-time,"9$100,000 to under $150,000",3,Yes,No,No,Borrowed the book from a friend or family member,Yes,No,1,0,0,Print-only,0
57,Female,Black or African-American,Widowed,High school incomplete,Not employed for pay,"Less than $10,000",3,Yes,No,Don’t know,Borrowed the book from a friend or family member,No,No,1,0,0,Print-only,0
55,Male,Black or African-American,Separated,High school incomplete,Retired,"Less than $10,000",3,Yes,No,No,Borrowed the book from a friend or family member,Yes,No,1,0,0,Print-only,0
54,Male,Black or African-American,Separated,"Some college, no 4-year degree",Not employed for pay,"$10,000 to under $20,000",3,Yes,No,No,Purchased the book,No,No,1,0,0,Print-only,0
51,Male,Black or African-American,Single,High school graduate,Disabled,"Less than $10,000",3,Yes,No,No,Borrowed the book from a friend or family member,Yes,Yes,1,0,0,Print-only,0
50,Female,Black or African-American,Married,"Some college, no 4-year degree",Employed full-time,"$75,000 to under $100,000",3,No,Yes,Yes,Purchased the book,Yes,No,0,1,1,Digital/Audio-only,1
50,Female,Black or African-American,Never been married,High school graduate,Not employed for pay,"Less than $10,000",3,Yes,No,No,Purchased the book,Yes,Yes,1,0,0,Print-only,0
49,Female,Black or African-American,Divorced,"Some college, no 4-year degree",Employed full-time,"$30,000 to under $40,000",3,Yes,No,No,Got the book some other way,No,Yes,1,0,0,Print-only,0
48,Female,Black or African-American,Divorced,"Some college, no 4-year degree",Employed full-time,"$75,000 to under $100,000",3,Yes,No,No,Purchased the book,No,Yes,1,0,0,Print-only,0
47,Female,Black or African-American,Separated,College graduate,Not employed for pay,"$10,000 to under $20,000",3,Yes,Yes,No,Got the book some other way,Yes,No,1,1,0,Hybrid,1
47,Female,Black or African-American,Married,College graduate,Employed full-time,"$75,000 to under $100,000",3,Yes,No,No,Purchased the book,Yes,Yes,1,0,0,Print-only,0
45,Female,Black or African-American,Never been married,College graduate,Employed full-time,"$30,000 to under $40,000",3,Yes,No,No,Purchased the book,No,No,1,0,0,Print-only,0
43,Male,Black or African-American,Married,College graduate,Employed full-time,"$100,000 to under $150,000",3,Yes,No,No,Purchased the book,No,Yes,1,0,0,Print-only,0
41,Female,Black or African-American,Married,"Technical, trade or vocational school AFTER high school",Employed full-time,"$75,000 to under $100,000",3,Yes,No,No,Purchased the book,Yes,No,1,0,0,Print-only,0
40,Female,Black or African-American,Never been married,High school graduate,Not employed for pay,"Less than $10,000",3,Yes,No,No,Borrowed the book from a friend or family member,No,No,1,0,0,Print-only,0
39,Female,Black or African-American,Married,High school graduate,Employed part-time,"Less than $10,000",3,Yes,No,Yes,Purchased the book,Yes,Yes,1,0,1,Hybrid,1
38,Male,Black or African-American,Divorced,College graduate,Employed full-time,"$100,000 to under $150,000",3,Yes,No,No,Purchased the book,No,No,1,0,0,Print-only,0
37,Male,Black or African-American,Divorced,High school incomplete,Employed full-time,"Less than $10,000",3,Yes,No,No,Borrowed the book from a library,Yes,No,1,0,0,Print-only,0
31,Male,Black or African-American,Divorced,College graduate,Employed full-time,"$20,000 to under $30,000",3,Yes,No,No,Purchased the book,Yes,Yes,1,0,0,Print-only,0
30,Male,Black or African-American,Never been married,High school incomplete,Not employed for pay,"9$100,000 to under $150,000",3,Yes,No,No,Borrowed the book from a friend or family member,No,No,1,0,0,Print-only,0
30,Male,Black or African-American,Never been married,High school incomplete,Employed full-time,"$10,000 to under $20,000",3,Yes,No,No,Borrowed the book from a friend or family member,No,No,1,0,0,Print-only,0
27,Female,Black or African-American,Married,College graduate,Employed full-time,"$30,000 to under $40,000",3,Yes,No,No,Purchased the book,No,No,1,0,0,Print-only,0
26,Female,Black or African-American,Never been married,High school graduate,Employed full-time,"$30,000 to under $40,000",3,Yes,No,No,Purchased the book,No,No,1,0,0,Print-only,0
26,Male,Black or African-American,Never been married,High school graduate,Employed full-time,"$30,000 to under $40,000",3,Yes,No,No,Borrowed the book from a friend or family member,Yes,No,1,0,0,Print-only,0
24,Female,Black or African-American,Never been married,"Some college, no 4-year degree",Employed part-time,"$10,000 to under $20,000",3,No,No,Don’t know,Purchased the book,No,No,0,0,0,Non-reader,0
24,Female,Black or African-American,Never been married,"Some college, no 4-year degree",Employed part-time,"$30,000 to under $40,000",3,Yes,No,No,Borrowed the book from a friend or family member,No,No,1,0,0,Print-only,0
23,Female,Black or African-American,Never been married,"Some college, no 4-year degree",Employed full-time,"$30,000 to under $40,000",3,Yes,No,No,Borrowed the book from a friend or family member,Yes,No,1,0,0,Print-only,0
22,Female,Black or African-American,Never been married,High school graduate,Employed full-time,"$40,000 to under $50,000",3,Yes,No,No,Borrowed the book from a library,Yes,Yes,1,0,0,Print-only,0
20,Female,Black or African-American,Never been married,"Some college, no 4-year degree",Not employed for pay,"Less than $10,000",3,Yes,Yes,Yes,Borrowed the book from a library,No,No,1,1,1,Hybrid,1
20,Male,Black or African-American,Never been married,"Some college, no 4-year degree",Employed full-time,"9$100,000 to under $150,000",3,Yes,No,Yes,Borrowed the book from a friend or family member,No,Yes,1,0,1,Hybrid,1
18,Female,Black or African-American,Never been married,High school graduate,Employed part-time,"$10,000 to under $20,000",3,Yes,Yes,Yes,Borrowed the book from a library,No,No,1,1,1,Hybrid,1
16,Female,Black or African-American,Never been married,High school incomplete,Not employed for pay,"9$100,000 to under $150,000",3,No,No,No,Borrowed the book from a library,No,No,0,0,0,Non-reader,0
16,Male,Black or African-American,Never been married,High school incomplete,Not employed for pay,"$10,000 to under $20,000",3,Yes,No,No,Purchased the book,No,No,1,0,0,Print-only,0
93,Female,White,Widowed,"Some college, no 4-year degree",Retired,"Less than $10,000",3,Yes,No,No,Borrowed the book from a friend or family member,No,Yes,1,0,0,Print-only,0
84,Male,White,Widowed,"Some college, no 4-year degree",Retired,"9$100,000 to under $150,000",3,Yes,Yes,No,Purchased the book,Yes,Yes,1,1,0,Hybrid,1
84,Female,White,Widowed,College graduate,Retired,"$50,000 to under $75,000",3,Yes,No,No,Purchased the book,Yes,Yes,1,0,0,Print-only,0
81,Female,White,Married,High school graduate,Retired,Refused,3,Yes,No,No,Borrowed the book from a friend or family member,Yes,Yes,1,0,0,Print-only,0
81,Male,White,Divorced,Post-graduate training/professional school after college,Retired,"$10,000 to under $20,000",3,Yes,No,No,Borrowed the book from a friend or family member,Yes,Yes,1,0,0,Print-only,0
80,Male,White,Married,College graduate,Retired,Refused,3,Yes,No,No,Borrowed the book from a friend or family member,Yes,Yes,1,0,0,Print-only,0
78,Male,White,Married,Post-graduate training/professional school after college,Retired,"$40,000 to under $50,000",3,Yes,Yes,Yes,Purchased the book,Yes,Yes,1,1,1,Hybrid,1
78,Female,White,Widowed,College graduate,Retired,"9$100,000 to under $150,000",3,Yes,No,No,Borrowed the book from a friend or family member,No,No,1,0,0,Print-only,0
77,Female,White,Married,High school graduate,Retired,"9$100,000 to under $150,000",3,Yes,No,No,8,No,No,1,0,0,Print-only,0
77,Male,White,Married,"Some college, no 4-year degree",Retired,"$50,000 to under $75,000",3,Yes,No,No,Borrowed the book from a friend or family member,Yes,Yes,1,0,0,Print-only,0
77,Male,White,Married,Post-graduate training/professional school after college,Employed part-time,Refused,3,Yes,Yes,Yes,Borrowed the book from a library,Yes,Yes,1,1,1,Hybrid,1
76,Female,White,Married,College graduate,Retired,Refused,3,Yes,No,No,Borrowed the book from a library,Yes,No,1,0,0,Print-only,0
76,Female,White,Widowed,"Some college, no 4-year degree",Retired,"$10,000 to under $20,000",3,Yes,No,No,Got the book some other way,No,No,1,0,0,Print-only,0
75,Male,White,Married,High school graduate,Retired,"$40,000 to under $50,000",3,Yes,Yes,No,Borrowed the book from a library,Yes,Yes,1,1,0,Hybrid,1
74,Male,White,Widowed,"Technical, trade or vocational school AFTER high school",Retired,"$100,000 to under $150,000",3,Yes,No,No,Borrowed the book from a friend or family member,No,Yes,1,0,0,Print-only,0
73,Female,White,Married,High school graduate,Retired,"$40,000 to under $50,000",3,Yes,No,No,Borrowed the book from a friend or family member,Yes,Yes,1,0,0,Print-only,0
73,Male,White,Widowed,High school graduate,Retired,"$10,000 to under $20,000",3,Yes,No,No,Got the book some other way,Yes,No,1,0,0,Print-only,0
73,Female,White,Widowed,High school incomplete,Not employed for pay,"$10,000 to under $20,000",3,Yes,No,Yes,Got the book some other way,Yes,No,1,0,1,Hybrid,1
71,Female,White,Married,Post-graduate training/professional school after college,Have own business/self-employed,"$50,000 to under $75,000",3,Yes,No,Yes,Purchased the book,Yes,Yes,1,0,1,Hybrid,1
69,Male,White,Married,High school incomplete,Retired,"$50,000 to under $75,000",3,Yes,No,No,Purchased the book,Yes,Yes,1,0,0,Print-only,0
69,Female,White,Married,High school graduate,Retired,"$20,000 to under $30,000",3,Yes,No,No,Purchased the book,No,No,1,0,0,Print-only,0
69,Female,White,Married,College graduate,Retired,"$100,000 to under $150,000",3,Yes,Yes,No,Purchased the book,Yes,Yes,1,1,0,Hybrid,1
67,Female,White,Married,High school graduate,Retired,"$50,000 to under $75,000",3,Yes,No,Yes,Purchased the book,No,No,1,0,1,Hybrid,1
67,Female,White,Married,College graduate,Retired,"$50,000 to under $75,000",3,Yes,Yes,Yes,Purchased the book,Yes,No,1,1,1,Hybrid,1
66,Female,White,Single,College graduate,Employed part-time,Refused,3,Yes,No,No,Borrowed the book from a library,Yes,Yes,1,0,0,Print-only,0
66,Female,White,Married,Post-graduate training/professional school after college,Disabled,"$30,000 to under $40,000",3,Yes,No,No,8,No,No,1,0,0,Print-only,0
66,Male,White,Married,Post-graduate training/professional school after college,Retired,"$75,000 to under $100,000",3,Yes,No,No,Purchased the book,Yes,Yes,1,0,0,Print-only,0
66,Female,White,Married,"Some college, no 4-year degree",Employed part-time,"$40,000 to under $50,000",3,Yes,No,Yes,Got the book some other way,Yes,Yes,1,0,1,Hybrid,1
65,Male,White,Married,College graduate,Retired,"$50,000 to under $75,000",3,Yes,No,No,Purchased the book,Yes,Yes,1,0,0,Print-only,0
65,Male,White,Married,Post-graduate training/professional school after college,Retired,"9$100,000 to under $150,000",3,Don’t know,Yes,No,Purchased the book,Yes,Yes,0,1,0,Digital/Audio-only,1
65,Female,White,Married,"Some college, no 4-year degree",Employed part-time,"$30,000 to under $40,000",3,Yes,No,Yes,Purchased the book,No,No,1,0,1,Hybrid,1
65,Female,White,Never been married,Post-graduate training/professional school after college,Employed full-time,"$75,000 to under $100,000",3,Yes,No,No,Purchased the book,No,No,1,0,0,Print-only,0
64,Female,White,Married,High school graduate,Retired,"$40,000 to under $50,000",3,Yes,No,No,Borrowed the book from a friend or family member,No,No,1,0,0,Print-only,0
64,Male,White,Single,Not specified,Other,"9$100,000 to under $150,000",3,Yes,No,No,Got the book some other way,No,No,1,0,0,Print-only,0
63,Male,White,Married,"Some college, no 4-year degree",Disabled,"$30,000 to under $40,000",3,Yes,No,No,Borrowed the book from a friend or family member,Yes,No,1,0,0,Print-only,0
63,Male,White,Married,Post-graduate training/professional school after college,Employed full-time,"$75,000 to under $100,000",3,Yes,No,Yes,Borrowed the book from a library,Yes,Yes,1,0,1,Hybrid,1
63,Female,White,Married,"Some college, no 4-year degree",Employed part-time,"$100,000 to under $150,000",3,Yes,Yes,No,Borrowed the book from a friend or family member,No,Yes,1,1,0,Hybrid,1
63,Female,White,Married,"Some college, no 4-year degree",Retired,"$100,000 to under $150,000",3,Yes,No,No,Borrowed the book from a library,No,Yes,1,0,0,Print-only,0
62,Male,White,Married,High school graduate,Employed part-time,"$50,000 to under $75,000",3,Yes,Yes,No,Borrowed the book from a library,Yes,No,1,1,0,Hybrid,1
61,Male,White,Married,College graduate,Employed full-time,"$100,000 to under $150,000",3,Yes,No,No,Purchased the book,Yes,Yes,1,0,0,Print-only,0
60,Female,White,Married,Post-graduate training/professional school after college,Employed full-time,Refused,3,Yes,No,No,Borrowed the book from a friend or family member,Yes,Yes,1,0,0,Print-only,0
60,Male,White,Married,High school graduate,Employed full-time,Refused,3,Yes,No,No,Purchased the book,Yes,Yes,1,0,0,Print-only,0
60,Male,White,Married,College graduate,Have own business/self-employed,"$100,000 to under $150,000",3,Yes,No,No,Purchased the book,Yes,Yes,1,0,0,Print-only,0
60,Female,White,Married,Post-graduate training/professional school after college,Employed full-time,"$10,000 to under $20,000",3,No,No,No,Borrowed the book from a friend or family member,No,No,0,0,0,Non-reader,0
59,Female,White,Widowed,High school graduate,Other,Refused,3,Yes,No,No,Purchased the book,Yes,Yes,1,0,0,Print-only,0
58,Female,White,Married,Post-graduate training/professional school after college,Employed full-time,"$50,000 to under $75,000",3,Yes,No,No,Purchased the book,Yes,Yes,1,0,0,Print-only,0
58,Female,White,Married,College graduate,Employed part-time,"$50,000 to under $75,000",3,Yes,No,No,Purchased the book,Yes,Yes,1,0,0,Print-only,0
58,Male,White,Married,College graduate,Employed part-time,"$50,000 to under $75,000",3,Yes,No,No,Purchased the book,No,No,1,0,0,Print-only,0
58,Male,White,Married,"Technical, trade or vocational school AFTER high school",Employed full-time,"$100,000 to under $150,000",3,Yes,No,Don’t know,Purchased the book,Yes,Yes,1,0,0,Print-only,0
58,Male,White,Married,"Some college, no 4-year degree",Employed full-time,"$40,000 to under $50,000",3,Yes,No,No,Purchased the book,Yes,No,1,0,0,Print-only,0
58,Male,White,Widowed,High school graduate,Employed full-time,"$40,000 to under $50,000",3,Yes,No,No,Borrowed the book from a friend or family member,Yes,No,1,0,0,Print-only,0
57,Female,White,Married,High school graduate,Not employed for pay,"$20,000 to under $30,000",3,Yes,No,No,Purchased the book,Yes,No,1,0,0,Print-only,0
57,Male,White,Divorced,High school graduate,Employed full-time,"$50,000 to under $75,000",3,Yes,No,No,8,Yes,No,1,0,0,Print-only,0
57,Male,White,Married,College graduate,Employed full-time,"$100,000 to under $150,000",3,Yes,No,No,Borrowed the book from a friend or family member,No,Yes,1,0,0,Print-only,0
56,Male,White,Married,"Some college, no 4-year degree",Employed full-time,"$100,000 to under $150,000",3,No,No,Yes,Got the book some other way,Yes,No,0,0,1,Digital/Audio-only,1
56,Male,White,Married,College graduate,Not employed for pay,Refused,3,Yes,No,No,Purchased the book,Yes,No,1,0,0,Print-only,0
56,Female,White,Don’t know,"Some college, no 4-year degree",Not employed for pay,Refused,3,Yes,No,No,Purchased the book,Yes,Yes,1,0,0,Print-only,0
55,Female,White,Divorced,"Some college, no 4-year degree",Employed full-time,"$20,000 to under $30,000",3,Yes,No,No,Borrowed the book from a library,Yes,Yes,1,0,0,Print-only,0
55,Male,White,Married,High school graduate,Have own business/self-employed,"$40,000 to under $50,000",3,Yes,No,No,Purchased the book,Yes,Yes,1,0,0,Print-only,0
54,Male,White,Married,High school graduate,Employed full-time,"$75,000 to under $100,000",3,No,No,No,Got the book some other way,No,No,0,0,0,Non-reader,0
54,Male,White,Married,College graduate,Employed full-time,"$100,000 to under $150,000",3,Yes,No,Yes,Purchased the book,Yes,No,1,0,1,Hybrid,1
53,Male,White,Married,"Some college, no 4-year degree",Employed full-time,"$20,000 to under $30,000",3,Yes,No,No,Purchased the book,No,Yes,1,0,0,Print-only,0
52,Male,White,Never been married,"Some college, no 4-year degree",Not employed for pay,"Less than $10,000",3,Yes,No,No,Got the book some other way,Yes,No,1,0,0,Print-only,0
51,Male,White,Never been married,"Technical, trade or vocational school AFTER high school",Employed full-time,"$30,000 to under $40,000",3,Yes,No,No,Purchased the book,Yes,Yes,1,0,0,Print-only,0
51,Female,White,Widowed,"Some college, no 4-year degree",Employed full-time,"$50,000 to under $75,000",3,Yes,No,Yes,Purchased the book,Yes,Yes,1,0,1,Hybrid,1
51,Female,White,Divorced,"Some college, no 4-year degree",Employed full-time,"9$100,000 to under $150,000",3,Yes,No,No,Purchased the book,No,No,1,0,0,Print-only,0
50,Female,White,Married,"Technical, trade or vocational school AFTER high school",Not employed for pay,Refused,3,Yes,Yes,Yes,Purchased the book,Yes,Yes,1,1,1,Hybrid,1
50,Female,White,Married,College graduate,Employed full-time,"9$100,000 to under $150,000",3,Yes,Yes,No,Got the book some other way,No,No,1,1,0,Hybrid,1
49,Male,White,Married,High school incomplete,Employed full-time,"$30,000 to under $40,000",3,No,No,No,Borrowed the book from a library,No,No,0,0,0,Non-reader,0
49,Female,White,Never been married,"Some college, no 4-year degree",Disabled,"$10,000 to under $20,000",3,Yes,No,No,Borrowed the book from a friend or family member,Yes,No,1,0,0,Print-only,0
49,Male,White,Never been married,High school graduate,Employed full-time,"$100,000 to under $150,000",3,Yes,No,No,Purchased the book,Yes,Yes,1,0,0,Print-only,0
48,Female,White,Married,"Some college, no 4-year degree",Employed full-time,Refused,3,Yes,No,No,Borrowed the book from a friend or family member,Yes,Yes,1,0,0,Print-only,0
48,Female,White,Married,College graduate,Employed full-time,"$100,000 to under $150,000",3,Yes,No,No,Purchased the book,Yes,Yes,1,0,0,Print-only,0
48,Male,White,Married,College graduate,Employed full-time,"$100,000 to under $150,000",3,Yes,No,No,Purchased the book,No,No,1,0,0,Print-only,0
47,Female,White,Married,Post-graduate training/professional school after college,Employed full-time,"$75,000 to under $100,000",3,Yes,No,No,Borrowed the book from a library,Yes,Yes,1,0,0,Print-only,0
47,Male,White,Never been married,High school graduate,Employed part-time,"$10,000 to under $20,000",3,Yes,No,No,Purchased the book,Yes,No,1,0,0,Print-only,0
47,Female,White,Married,High school graduate,Not employed for pay,"$40,000 to under $50,000",3,Yes,No,No,Purchased the book,Yes,No,1,0,0,Print-only,0
47,Male,White,Married,High school graduate,Employed full-time,"$75,000 to under $100,000",3,Yes,No,No,Purchased the book,Yes,No,1,0,0,Print-only,0
44,Male,White,Married,College graduate,Employed full-time,"$100,000 to under $150,000",3,No,No,Yes,Purchased the book,Yes,Yes,0,0,1,Digital/Audio-only,1
44,Male,White,Married,Post-graduate training/professional school after college,Employed full-time,"$100,000 to under $150,000",3,Yes,No,Yes,Purchased the book,Yes,Yes,1,0,1,Hybrid,1
44,Male,White,Married,High school incomplete,Employed full-time,"$20,000 to under $30,000",3,Yes,No,No,Purchased the book,No,No,1,0,0,Print-only,0
44,Female,White,Married,"Some college, no 4-year degree",Employed full-time,"9$100,000 to under $150,000",3,Yes,No,No,Purchased the book,No,No,1,0,0,Print-only,0
43,Female,White,Married,College graduate,Employed full-time,"$30,000 to under $40,000",3,Yes,No,Yes,Borrowed the book from a friend or family member,No,Yes,1,0,1,Hybrid,1
43,Female,White,Married,College graduate,Employed part-time,"$75,000 to under $100,000",3,Yes,No,No,Purchased the book,No,No,1,0,0,Print-only,0
42,Female,White,Married,College graduate,Employed full-time,"$75,000 to under $100,000",3,Yes,No,No,Purchased the book,No,No,1,0,0,Print-only,0
42,Female,White,Married,College graduate,Employed part-time,"$100,000 to under $150,000",3,Yes,No,No,Borrowed the book from a friend or family member,Yes,Yes,1,0,0,Print-only,0
42,Female,White,Married,Post-graduate training/professional school after college,Not employed for pay,"$100,000 to under $150,000",3,Yes,No,No,Purchased the book,Yes,Yes,1,0,0,Print-only,0
41,Male,White,Married,High school graduate,Employed full-time,"$100,000 to under $150,000",3,Yes,No,No,Borrowed the book from a friend or family member,Yes,No,1,0,0,Print-only,0
41,Female,White,Divorced,Post-graduate training/professional school after college,Employed full-time,"$50,000 to under $75,000",3,Yes,No,Yes,Borrowed the book from a friend or family member,Yes,Yes,1,0,1,Hybrid,1
40,Male,White,Married,"Some college, no 4-year degree",Employed full-time,"$100,000 to under $150,000",3,Yes,No,No,Borrowed the book from a friend or family member,Yes,Yes,1,0,0,Print-only,0
40,Male,White,Married,Post-graduate training/professional school after college,Employed full-time,"$75,000 to under $100,000",3,No,No,Yes,Purchased the book,No,No,0,0,1,Digital/Audio-only,1
40,Male,White,Married,High school graduate,Employed full-time,"$75,000 to under $100,000",3,Yes,Yes,No,Borrowed the book from a friend or family member,No,No,1,1,0,Hybrid,1
40,Male,White,Never been married,College graduate,Employed full-time,"$50,000 to under $75,000",3,Yes,Yes,No,Borrowed the book from a friend or family member,No,No,1,1,0,Hybrid,1
40,Male,White,Married,High school incomplete,Employed full-time,"$50,000 to under $75,000",3,Yes,No,Don’t know,Purchased the book,No,Yes,1,0,0,Print-only,0
39,Female,White,Married,Post-graduate training/professional school after college,Employed full-time,"$100,000 to under $150,000",3,Yes,No,No,Purchased the book,Yes,No,1,0,0,Print-only,0
39,Male,White,Married,College graduate,Employed full-time,"$100,000 to under $150,000",3,No,No,Yes,Purchased the book,Yes,No,0,0,1,Digital/Audio-only,1
39,Male,White,Married,College graduate,Employed full-time,"$100,000 to under $150,000",3,Yes,No,No,Got the book some other way,Yes,Yes,1,0,0,Print-only,0
38,Male,White,Married,Post-graduate training/professional school after college,Employed full-time,"$50,000 to under $75,000",3,Yes,No,No,Purchased the book,Yes,No,1,0,0,Print-only,0
38,Female,White,Never been married,Post-graduate training/professional school after college,Employed full-time,"$40,000 to under $50,000",3,Yes,No,Yes,Got the book some other way,No,No,1,0,1,Hybrid,1
37,Female,White,Married,"Some college, no 4-year degree",Employed part-time,"$40,000 to under $50,000",3,Yes,No,No,Got the book some other way,No,Yes,1,0,0,Print-only,0
37,Female,White,Married,"Some college, no 4-year degree",Not employed for pay,"$50,000 to under $75,000",3,Yes,No,Yes,Borrowed the book from a friend or family member,Yes,Yes,1,0,1,Hybrid,1
36,Female,White,Living with a partner,High school graduate,Employed full-time,"$30,000 to under $40,000",3,Yes,No,No,Purchased the book,No,Yes,1,0,0,Print-only,0
36,Male,White,Living with a partner,High school graduate,Employed full-time,"$50,000 to under $75,000",3,Yes,No,No,Purchased the book,No,No,1,0,0,Print-only,0
36,Female,White,Living with a partner,High school graduate,Employed full-time,"$30,000 to under $40,000",3,Yes,No,Yes,Purchased the book,Yes,Yes,1,0,1,Hybrid,1
36,Female,White,Married,"Some college, no 4-year degree",Not employed for pay,"$50,000 to under $75,000",3,Yes,Yes,No,Purchased the book,Yes,No,1,1,0,Hybrid,1
35,Female,White,Divorced,"Some college, no 4-year degree",Employed full-time,"$20,000 to under $30,000",3,Yes,No,Yes,Purchased the book,Yes,Yes,1,0,1,Hybrid,1
35,Male,White,Married,Post-graduate training/professional school after college,Employed full-time,"$100,000 to under $150,000",3,Yes,Yes,No,Borrowed the book from a friend or family member,Yes,Yes,1,1,0,Hybrid,1
34,Male,White,Married,High school graduate,Employed full-time,"$50,000 to under $75,000",3,Yes,No,No,Purchased the book,Yes,No,1,0,0,Print-only,0
34,Female,White,Married,"Some college, no 4-year degree",Employed part-time,"$10,000 to under $20,000",3,Yes,No,No,Borrowed the book from a friend or family member,No,No,1,0,0,Print-only,0
34,Male,White,Never been married,High school graduate,Not employed for pay,"Less than $10,000",3,Yes,No,No,Borrowed the book from a friend or family member,Yes,No,1,0,0,Print-only,0
33,Male,White,Married,College graduate,Employed full-time,"$100,000 to under $150,000",3,Yes,No,No,Purchased the book,Yes,No,1,0,0,Print-only,0
32,Female,White,Married,College graduate,Not employed for pay,"$100,000 to under $150,000",3,Yes,No,Yes,Borrowed the book from a friend or family member,No,Yes,1,0,1,Hybrid,1
31,Female,White,Married,Post-graduate training/professional school after college,Employed part-time,"$100,000 to under $150,000",3,Yes,No,No,Borrowed the book from a friend or family member,Yes,No,1,0,0,Print-only,0
31,Male,White,Living with a partner,High school graduate,Employed full-time,"$20,000 to under $30,000",3,Yes,No,Yes,Borrowed the book from a friend or family member,No,No,1,0,1,Hybrid,1
31,Male,White,Living with a partner,College graduate,Not employed for pay,"$30,000 to under $40,000",3,Yes,No,No,Borrowed the book from a friend or family member,Yes,No,1,0,0,Print-only,0
30,Male,White,Married,High school graduate,Employed full-time,"$10,000 to under $20,000",3,Yes,No,No,Borrowed the book from a friend or family member,No,No,1,0,0,Print-only,0
29,Female,White,Living with a partner,High school graduate,Not employed for pay,"9$100,000 to under $150,000",3,Yes,No,No,Borrowed the book from a friend or family member,No,Yes,1,0,0,Print-only,0
28,Male,White,Married,"Some college, no 4-year degree",Employed full-time,"$50,000 to under $75,000",3,Yes,Yes,No,Purchased the book,No,No,1,1,0,Hybrid,1
27,Female,White,Never been married,"Some college, no 4-year degree",Employed full-time,"$10,000 to under $20,000",3,Yes,No,No,Purchased the book,No,No,1,0,0,Print-only,0
27,Female,White,Never been married,"Some college, no 4-year degree",Employed part-time,"$20,000 to under $30,000",3,Yes,No,No,Borrowed the book from a friend or family member,No,Yes,1,0,0,Print-only,0
26,Female,White,Married,"Some college, no 4-year degree",Employed full-time,"$50,000 to under $75,000",3,Yes,No,Yes,Purchased the book,No,No,1,0,1,Hybrid,1
25,Male,White,Single,College graduate,Employed full-time,"Less than $10,000",3,Yes,No,No,Purchased the book,Yes,No,1,0,0,Print-only,0
25,Male,White,Never been married,High school graduate,Employed part-time,"9$100,000 to under $150,000",3,Yes,No,No,Purchased the book,Yes,Yes,1,0,0,Print-only,0
25,Male,White,Married,High school graduate,Employed full-time,"$50,000 to under $75,000",3,Yes,No,No,Purchased the book,No,No,1,0,0,Print-only,0
24,Male,White,Never been married,College graduate,Employed full-time,"$10,000 to under $20,000",3,Yes,No,Yes,Purchased the book,Yes,No,1,0,1,Hybrid,1
24,Female,White,Single,"Technical, trade or vocational school AFTER high school",Employed part-time,"$20,000 to under $30,000",3,Yes,No,No,Purchased the book,Yes,Yes,1,0,0,Print-only,0
24,Male,White,Married,College graduate,Employed full-time,"$50,000 to under $75,000",3,Yes,No,No,Borrowed the book from a library,No,Yes,1,0,0,Print-only,0
23,Male,White,Never been married,High school graduate,Employed part-time,"9$100,000 to under $150,000",3,Yes,No,No,Purchased the book,Yes,Yes,1,0,0,Print-only,0
23,Male,White,Never been married,College graduate,Employed full-time,"$20,000 to under $30,000",3,Yes,No,No,Borrowed the book from a friend or family member,No,No,1,0,0,Print-only,0
22,Female,White,Living with a partner,High school graduate,Employed full-time,"Less than $10,000",3,Yes,No,No,Borrowed the book from a friend or family member,No,No,1,0,0,Print-only,0
20,Male,White,Never been married,"Some college, no 4-year degree",Not employed for pay,"$10,000 to under $20,000",3,Yes,No,No,Purchased the book,Yes,No,1,0,0,Print-only,0
19,Female,White,Never been married,High school graduate,Not employed for pay,"9$100,000 to under $150,000",3,Yes,No,No,Got the book some other way,No,No,1,0,0,Print-only,0
19,Male,White,Single,High school graduate,Employed full-time,"$30,000 to under $40,000",3,Yes,No,No,Borrowed the book from a friend or family member,No,No,1,0,0,Print-only,0
18,Male,White,Never been married,High school graduate,Employed part-time,"$50,000 to under $75,000",3,Yes,No,No,Borrowed the book from a friend or family member,No,No,1,0,0,Print-only,0
18,Male,White,Never been married,High school incomplete,Employed part-time,"$100,000 to under $150,000",3,Yes,No,No,Borrowed the book from a library,Yes,No,1,0,0,Print-only,0
18,Female,White,Never been married,High school graduate,Employed full-time,"$10,000 to under $20,000",3,Yes,No,Yes,Got the book some other way,No,No,1,0,1,Hybrid,1
17,Male,White,Never been married,High school incomplete,Not employed for pay,"9$100,000 to under $150,000",3,Yes,No,No,Borrowed the book from a library,No,Yes,1,0,0,Print-only,0
17,Male,White,Never been married,High school incomplete,Employed part-time,"$100,000 to under $150,000",3,Yes,No,No,Purchased the book,No,Yes,1,0,0,Print-only,0
17,Female,White,Never been married,High school incomplete,Employed part-time,"$20,000 to under $30,000",3,Yes,No,No,Borrowed the book from a library,No,No,1,0,0,Print-only,0
16,Male,White,Never been married,High school incomplete,Employed part-time,"9$100,000 to under $150,000",3,Yes,No,No,Borrowed the book from a friend or family member,Yes,No,1,0,0,Print-only,0
55,Male,Refused,Married,Not specified,Employed full-time,Refused,2,Yes,No,No,Purchased the book,Yes,Yes,1,0,0,Print-only,0
39,Female,Don’t know,Married,Post-graduate training/professional school after college,Employed full-time,"$75,000 to under $100,000",2,Yes,No,No,Got the book some other way,Yes,Yes,1,0,0,Print-only,0
19,Male,Don’t know,Never been married,High school graduate,Employed full-time,"$10,000 to under $20,000",2,Yes,No,No,Got the book some other way,No,No,1,0,0,Print-only,0
55,Male,Other,Married,Not specified,Not employed for pay,"9$100,000 to under $150,000",2,Yes,No,No,Purchased the book,Yes,No,1,0,0,Print-only,0
32,Male,Other,Single,High school graduate,Not employed for pay,"$50,000 to under $75,000",2,No,No,Yes,Got the book some other way,Yes,No,0,0,1,Digital/Audio-only,1
22,Female,Other,Never been married,"Some college, no 4-year degree",Employed part-time,"$75,000 to under $100,000",2,Yes,No,No,Purchased the book,No,No,1,0,0,Print-only,0
18,Male,Other,Never been married,High school graduate,Not employed for pay,"9$100,000 to under $150,000",2,Yes,No,No,Got the book some other way,No,No,1,0,0,Print-only,0
61,Female,Native American/American Indian,Divorced,High school graduate,Retired,"$10,000 to under $20,000",2,Yes,No,No,Purchased the book,Yes,No,1,0,0,Print-only,0
59,Male,Mixed race,Married,High school graduate,Disabled,"$50,000 to under $75,000",2,Yes,No,No,Purchased the book,Yes,Yes,1,0,0,Print-only,0
39,Female,Mixed race,Married,"Some college, no 4-year degree",Employed part-time,"$20,000 to under $30,000",2,Yes,Yes,No,Purchased the book,No,Yes,1,1,0,Hybrid,1
32,Male,Mixed race,Divorced,College graduate,Employed full-time,"$30,000 to under $40,000",2,Yes,No,Yes,Got the book some other way,No,No,1,0,1,Hybrid,1
30,Female,Mixed race,Married,High school incomplete,Employed part-time,"$40,000 to under $50,000",2,Yes,No,No,Purchased the book,No,No,1,0,0,Print-only,0
56,Female,Asian or Pacific Islander,Married,College graduate,Employed full-time,"$50,000 to under $75,000",2,Yes,Yes,No,Purchased the book,No,No,1,1,0,Hybrid,1
41,Female,Asian or Pacific Islander,Divorced,Post-graduate training/professional school after college,Employed full-time,"$50,000 to under $75,000",2,Yes,No,No,Borrowed the book from a library,No,No,1,0,0,Print-only,0
39,Male,Asian or Pacific Islander,Married,College graduate,Employed full-time,"$100,000 to under $150,000",2,Yes,No,No,Borrowed the book from a friend or family member,No,Yes,1,0,0,Print-only,0
32,Male,Asian or Pacific Islander,Married,College graduate,Employed full-time,Refused,2,Yes,No,No,Borrowed the book from a library,Yes,Yes,1,0,0,Print-only,0
25,Male,Asian or Pacific Islander,Married,College graduate,Not employed for pay,"$20,000 to under $30,000",2,Yes,No,No,Borrowed the book from a friend or family member,Yes,No,1,0,0,Print-only,0
85,Female,Black or African-American,Widowed,High school graduate,Retired,Refused,2,Yes,No,No,Borrowed the book from a library,Yes,No,1,0,0,Print-only,0
84,Female,Black or African-American,Widowed,Post-graduate training/professional school after college,Retired,"$20,000 to under $30,000",2,Yes,No,No,Borrowed the book from a friend or family member,Yes,No,1,0,0,Print-only,0
81,Female,Black or African-American,Widowed,High school graduate,Not employed for pay,"Less than $10,000",2,Yes,No,No,Borrowed the book from a friend or family member,No,Yes,1,0,0,Print-only,0
80,Female,Black or African-American,Widowed,Not specified,Retired,"Less than $10,000",2,Yes,No,No,Purchased the book,No,No,1,0,0,Print-only,0
77,Male,Black or African-American,Widowed,"Some college, no 4-year degree",Retired,"$30,000 to under $40,000",2,Yes,No,No,Borrowed the book from a friend or family member,Yes,No,1,0,0,Print-only,0
62,Female,Black or African-American,Widowed,High school graduate,Retired,"$10,000 to under $20,000",2,Yes,No,Yes,Purchased the book,Yes,No,1,0,1,Hybrid,1
62,Female,Black or African-American,Divorced,"Technical, trade or vocational school AFTER high school",Retired,"$20,000 to under $30,000",2,Yes,No,No,Borrowed the book from a friend or family member,Yes,No,1,0,0,Print-only,0
58,Male,Black or African-American,Never been married,"Some college, no 4-year degree",Employed full-time,"$50,000 to under $75,000",2,Yes,No,No,Purchased the book,Yes,No,1,0,0,Print-only,0
56,Male,Black or African-American,Separated,Not specified,Employed full-time,"$20,000 to under $30,000",2,Yes,No,No,Borrowed the book from a friend or family member,No,No,1,0,0,Print-only,0
56,Female,Black or African-American,Widowed,Post-graduate training/professional school after college,Employed full-time,"$75,000 to under $100,000",2,Yes,No,No,Borrowed the book from a friend or family member,No,No,1,0,0,Print-only,0
55,Female,Black or African-American,Divorced,"Some college, no 4-year degree",Employed full-time,"$40,000 to under $50,000",2,Yes,No,No,Purchased the book,No,No,1,0,0,Print-only,0
52,Female,Black or African-American,Living with a partner,"Some college, no 4-year degree",Not employed for pay,"$100,000 to under $150,000",2,Yes,No,No,Purchased the book,No,Yes,1,0,0,Print-only,0
51,Female,Black or African-American,Married,College graduate,Employed full-time,"$75,000 to under $100,000",2,Yes,Yes,No,Purchased the book,Yes,Yes,1,1,0,Hybrid,1
51,Female,Black or African-American,Widowed,"Some college, no 4-year degree",Employed full-time,"$50,000 to under $75,000",2,Yes,Yes,No,Purchased the book,Yes,No,1,1,0,Hybrid,1
50,Male,Black or African-American,Never been married,"Some college, no 4-year degree",Employed part-time,"Less than $10,000",2,Yes,No,No,Borrowed the book from a library,Yes,Yes,1,0,0,Print-only,0
50,Female,Black or African-American,Married,Post-graduate training/professional school after college,Employed full-time,"$75,000 to under $100,000",2,Yes,No,Yes,Got the book some other way,Yes,Yes,1,0,1,Hybrid,1
50,Male,Black or African-American,Married,High school graduate,Employed full-time,"$50,000 to under $75,000",2,Yes,No,No,Got the book some other way,Yes,No,1,0,0,Print-only,0
47,Male,Black or African-American,Married,College graduate,Employed full-time,"$75,000 to under $100,000",2,Yes,No,No,Purchased the book,Yes,No,1,0,0,Print-only,0
47,Male,Black or African-American,Married,High school graduate,Not employed for pay,"$10,000 to under $20,000",2,Yes,No,No,Purchased the book,No,No,1,0,0,Print-only,0
40,Female,Black or African-American,Never been married,"Some college, no 4-year degree",Employed full-time,"$50,000 to under $75,000",2,Yes,No,No,Purchased the book,Yes,Yes,1,0,0,Print-only,0
40,Male,Black or African-American,Never been married,High school graduate,Employed part-time,"Less than $10,000",2,Yes,No,No,Borrowed the book from a friend or family member,No,No,1,0,0,Print-only,0
38,Male,Black or African-American,Married,High school graduate,Employed full-time,"$20,000 to under $30,000",2,Yes,No,No,Purchased the book,Yes,No,1,0,0,Print-only,0
36,Male,Black or African-American,Married,College graduate,Not employed for pay,"$10,000 to under $20,000",2,Yes,No,No,Borrowed the book from a friend or family member,Yes,No,1,0,0,Print-only,0
32,Female,Black or African-American,Living with a partner,"Some college, no 4-year degree",Employed part-time,"$20,000 to under $30,000",2,Yes,No,No,Borrowed the book from a friend or family member,Yes,Yes,1,0,0,Print-only,0
32,Female,Black or African-American,Divorced,High school incomplete,Employed part-time,"Less than $10,000",2,Yes,No,No,Borrowed the book from a friend or family member,No,No,1,0,0,Print-only,0
31,Male,Black or African-American,Living with a partner,"Some college, no 4-year degree",Employed full-time,"$50,000 to under $75,000",2,Yes,No,No,Got the book some other way,Yes,Yes,1,0,0,Print-only,0
24,Male,Black or African-American,Never been married,"Some college, no 4-year degree",Employed part-time,"$20,000 to under $30,000",2,Yes,Yes,No,Purchased the book,No,No,1,1,0,Hybrid,1
24,Male,Black or African-American,Married,"Some college, no 4-year degree",Employed part-time,"9$100,000 to under $150,000",2,Yes,Yes,Yes,Purchased the book,Yes,No,1,1,1,Hybrid,1
18,Male,Black or African-American,Never been married,High school graduate,Employed part-time,"$75,000 to under $100,000",2,Yes,No,No,Borrowed the book from a library,No,No,1,0,0,Print-only,0
17,Male,Black or African-American,Never been married,High school incomplete,Not employed for pay,Refused,2,Yes,No,No,Borrowed the book from a library,No,Yes,1,0,0,Print-only,0
16,Female,Black or African-American,Never been married,High school incomplete,Employed part-time,"$40,000 to under $50,000",2,Yes,No,No,Purchased the book,No,Yes,1,0,0,Print-only,0
88,Female,White,Widowed,High school graduate,Retired,"$10,000 to under $20,000",2,Yes,No,No,Borrowed the book from a friend or family member,Yes,Yes,1,0,0,Print-only,0
86,Female,White,Widowed,College graduate,Retired,Refused,2,Yes,No,No,Purchased the book,Yes,Yes,1,0,0,Print-only,0
83,Male,White,Married,College graduate,Retired,Refused,2,Yes,No,No,8,No,No,1,0,0,Print-only,0
82,Female,White,Divorced,High school incomplete,Retired,Refused,2,Yes,No,No,Borrowed the book from a friend or family member,No,No,1,0,0,Print-only,0
82,Male,White,Married,High school incomplete,Retired,Refused,2,Yes,No,No,Got the book some other way,No,Yes,1,0,0,Print-only,0
80,Male,White,Married,College graduate,Retired,Refused,2,Yes,No,Yes,Got the book some other way,Yes,Yes,1,0,1,Hybrid,1
80,Male,White,Widowed,High school graduate,Retired,"$30,000 to under $40,000",2,No,No,No,Got the book some other way,Yes,No,0,0,0,Non-reader,0
77,Male,White,Divorced,College graduate,Retired,Refused,2,Yes,No,No,Borrowed the book from a library,Yes,No,1,0,0,Print-only,0
74,Female,White,Widowed,High school graduate,Retired,"$20,000 to under $30,000",2,Yes,No,No,Borrowed the book from a friend or family member,Yes,No,1,0,0,Print-only,0
73,Male,White,Married,Post-graduate training/professional school after college,Retired,"$100,000 to under $150,000",2,Yes,No,No,Borrowed the book from a friend or family member,Yes,Yes,1,0,0,Print-only,0
73,Female,White,Married,"Some college, no 4-year degree",Retired,Refused,2,Yes,No,No,Purchased the book,Yes,Yes,1,0,0,Print-only,0
71,Male,White,Widowed,High school graduate,Retired,"$30,000 to under $40,000",2,Yes,No,No,Purchased the book,Yes,Yes,1,0,0,Print-only,0
71,Female,White,Married,College graduate,Have own business/self-employed,"$75,000 to under $100,000",2,Yes,No,No,Purchased the book,No,Yes,1,0,0,Print-only,0
71,Female,White,Never been married,College graduate,Retired,"$50,000 to under $75,000",2,Yes,No,No,Borrowed the book from a library,Yes,Yes,1,0,0,Print-only,0
70,Female,White,Married,High school graduate,Employed part-time,"$30,000 to under $40,000",2,Yes,No,No,Borrowed the book from a friend or family member,Yes,Yes,1,0,0,Print-only,0
70,Male,White,Married,"Some college, no 4-year degree",Retired,"$50,000 to under $75,000",2,Yes,No,No,Purchased the book,Yes,No,1,0,0,Print-only,0
69,Female,White,Married,High school graduate,Retired,"$20,000 to under $30,000",2,Yes,No,No,Purchased the book,Yes,Yes,1,0,0,Print-only,0
69,Male,White,Widowed,High school graduate,Disabled,"$10,000 to under $20,000",2,Yes,No,No,Borrowed the book from a friend or family member,No,No,1,0,0,Print-only,0
67,Male,White,Married,"Some college, no 4-year degree",Employed full-time,"$40,000 to under $50,000",2,Yes,No,No,Borrowed the book from a friend or family member,No,No,1,0,0,Print-only,0
67,Male,White,Never been married,"Some college, no 4-year degree",Disabled,"$10,000 to under $20,000",2,Yes,No,No,Borrowed the book from a friend or family member,No,No,1,0,0,Print-only,0
66,Female,White,Divorced,"Some college, no 4-year degree",Retired,"$30,000 to under $40,000",2,Yes,No,No,Purchased the book,No,Yes,1,0,0,Print-only,0
66,Male,White,Married,"Some college, no 4-year degree",Retired,"$30,000 to under $40,000",2,Yes,No,No,Purchased the book,Yes,No,1,0,0,Print-only,0
65,Female,White,Divorced,"Some college, no 4-year degree",Disabled,"9$100,000 to under $150,000",2,Yes,No,No,Borrowed the book from a friend or family member,Yes,No,1,0,0,Print-only,0
65,Female,White,Married,High school graduate,Retired,"$40,000 to under $50,000",2,Yes,No,No,Borrowed the book from a friend or family member,No,Yes,1,0,0,Print-only,0
65,Female,White,Married,High school graduate,Retired,"$20,000 to under $30,000",2,Yes,No,No,Borrowed the book from a friend or family member,No,No,1,0,0,Print-only,0
64,Male,White,Divorced,College graduate,Employed full-time,"$100,000 to under $150,000",2,Yes,No,No,Got the book some other way,Yes,Yes,1,0,0,Print-only,0
64,Male,White,Married,Post-graduate training/professional school after college,Employed part-time,Refused,2,Yes,No,No,Borrowed the book from a friend or family member,No,Yes,1,0,0,Print-only,0
64,Male,White,Divorced,College graduate,Disabled,"$10,000 to under $20,000",2,Yes,No,No,Purchased the book,No,No,1,0,0,Print-only,0
62,Female,White,Widowed,High school graduate,Not employed for pay,"$10,000 to under $20,000",2,No,No,No,Borrowed the book from a friend or family member,Yes,No,0,0,0,Non-reader,0
62,Male,White,Married,Post-graduate training/professional school after college,Employed full-time,"$100,000 to under $150,000",2,Yes,No,Yes,Purchased the book,Yes,No,1,0,1,Hybrid,1
61,Female,White,Married,"Some college, no 4-year degree",Not employed for pay,"$30,000 to under $40,000",2,Yes,No,No,Borrowed the book from a friend or family member,No,No,1,0,0,Print-only,0
61,Male,White,Married,College graduate,Retired,"$100,000 to under $150,000",2,Yes,No,No,Purchased the book,Yes,No,1,0,0,Print-only,0
61,Female,White,Widowed,"Some college, no 4-year degree",Employed full-time,"$40,000 to under $50,000",2,Yes,No,No,Borrowed the book from a friend or family member,Yes,Yes,1,0,0,Print-only,0
61,Female,White,Married,High school graduate,Retired,"$50,000 to under $75,000",2,Yes,No,No,Borrowed the book from a library,Yes,No,1,0,0,Print-only,0
61,Female,White,Married,High school graduate,Not employed for pay,"$50,000 to under $75,000",2,Yes,Yes,Yes,Purchased the book,Yes,No,1,1,1,Hybrid,1
60,Male,White,Married,College graduate,Employed full-time,"$100,000 to under $150,000",2,Yes,No,No,Got the book some other way,No,Yes,1,0,0,Print-only,0
60,Male,White,Married,"Some college, no 4-year degree",Retired,"$100,000 to under $150,000",2,Yes,Yes,No,Borrowed the book from a friend or family member,Yes,Yes,1,1,0,Hybrid,1
60,Male,White,Married,"Some college, no 4-year degree",Employed full-time,"$100,000 to under $150,000",2,Yes,No,No,Got the book some other way,Yes,Yes,1,0,0,Print-only,0
60,Male,White,Married,"Technical, trade or vocational school AFTER high school",Employed full-time,"$75,000 to under $100,000",2,No,No,No,Borrowed the book from a friend or family member,Yes,Yes,0,0,0,Non-reader,0
59,Female,White,Living with a partner,"Some college, no 4-year degree",Not employed for pay,"Less than $10,000",2,Yes,No,No,Borrowed the book from a friend or family member,Yes,No,1,0,0,Print-only,0
58,Male,White,Married,Post-graduate training/professional school after college,Employed full-time,"$100,000 to under $150,000",2,Yes,No,Yes,Purchased the book,Yes,Yes,1,0,1,Hybrid,1
58,Female,White,Married,High school incomplete,Not employed for pay,"$30,000 to under $40,000",2,Yes,No,No,Got the book some other way,Yes,Yes,1,0,0,Print-only,0
57,Female,White,Divorced,High school graduate,Employed full-time,"$100,000 to under $150,000",2,Yes,No,No,Borrowed the book from a friend or family member,Yes,Yes,1,0,0,Print-only,0
56,Female,White,Divorced,High school graduate,Employed full-time,"$10,000 to under $20,000",2,Yes,No,No,Borrowed the book from a friend or family member,No,Yes,1,0,0,Print-only,0
56,Male,White,Married,"Some college, no 4-year degree",Employed full-time,"$50,000 to under $75,000",2,Yes,No,No,Purchased the book,Yes,No,1,0,0,Print-only,0
56,Male,White,Married,"Some college, no 4-year degree",Have own business/self-employed,"$30,000 to under $40,000",2,Yes,No,No,8,Yes,No,1,0,0,Print-only,0
55,Female,White,Divorced,College graduate,Retired,"$30,000 to under $40,000",2,Yes,No,No,Purchased the book,Yes,Yes,1,0,0,Print-only,0
55,Male,White,Married,"Some college, no 4-year degree",Employed full-time,Refused,2,Yes,No,No,Borrowed the book from a friend or family member,Yes,No,1,0,0,Print-only,0
55,Female,White,Married,High school incomplete,Employed full-time,"$40,000 to under $50,000",2,Yes,No,No,Purchased the book,Yes,Yes,1,0,0,Print-only,0
54,Male,White,Never been married,High school graduate,Not employed for pay,"Less than $10,000",2,Yes,No,No,8,No,No,1,0,0,Print-only,0
54,Male,White,Married,High school graduate,Employed full-time,Refused,2,Yes,No,No,Got the book some other way,No,No,1,0,0,Print-only,0
54,Female,White,Married,High school graduate,Employed part-time,"$30,000 to under $40,000",2,Yes,No,No,Got the book some other way,No,Yes,1,0,0,Print-only,0
53,Male,White,Married,"Some college, no 4-year degree",Employed full-time,"$50,000 to under $75,000",2,Yes,No,No,Borrowed the book from a friend or family member,No,Yes,1,0,0,Print-only,0
52,Female,White,Never been married,Post-graduate training/professional school after college,Employed full-time,"$30,000 to under $40,000",2,Yes,No,No,Purchased the book,Yes,Yes,1,0,0,Print-only,0
52,Female,White,Widowed,"Some college, no 4-year degree",Employed full-time,"$30,000 to under $40,000",2,No,No,Yes,Got the book some other way,Yes,No,0,0,1,Digital/Audio-only,1
52,Male,White,Married,High school graduate,Employed full-time,"$50,000 to under $75,000",2,Yes,No,No,Got the book some other way,Yes,No,1,0,0,Print-only,0
52,Female,White,Married,High school graduate,Employed full-time,"$40,000 to under $50,000",2,Yes,No,Yes,Purchased the book,Yes,Yes,1,0,1,Hybrid,1
51,Female,White,Married,Post-graduate training/professional school after college,Employed part-time,"$100,000 to under $150,000",2,Yes,No,No,Borrowed the book from a friend or family member,No,Yes,1,0,0,Print-only,0
51,Male,White,Divorced,"Some college, no 4-year degree",Employed full-time,"$50,000 to under $75,000",2,Yes,No,No,Borrowed the book from a library,Yes,Yes,1,0,0,Print-only,0
51,Male,White,Divorced,Post-graduate training/professional school after college,Employed full-time,"$75,000 to under $100,000",2,Yes,No,No,Got the book some other way,No,No,1,0,0,Print-only,0
51,Male,White,Divorced,High school graduate,Retired,"$50,000 to under $75,000",2,Yes,No,No,Purchased the book,No,Yes,1,0,0,Print-only,0
50,Female,White,Divorced,Not specified,Retired,"Less than $10,000",2,Yes,No,No,Purchased the book,Yes,Yes,1,0,0,Print-only,0
48,Female,White,Never been married,"Some college, no 4-year degree",Employed full-time,"$30,000 to under $40,000",2,Yes,No,No,8,Yes,No,1,0,0,Print-only,0
47,Male,White,Married,"Some college, no 4-year degree",Employed full-time,"$75,000 to under $100,000",2,Yes,No,No,Borrowed the book from a friend or family member,Yes,No,1,0,0,Print-only,0
47,Male,White,Married,College graduate,Employed full-time,"$100,000 to under $150,000",2,Yes,No,No,Purchased the book,No,Yes,1,0,0,Print-only,0
47,Male,White,Married,Not specified,Have own business/self-employed,"$30,000 to under $40,000",2,Yes,No,No,Purchased the book,Yes,Yes,1,0,0,Print-only,0
46,Female,White,Married,College graduate,Employed part-time,"$100,000 to under $150,000",2,Yes,No,No,Purchased the book,Yes,Yes,1,0,0,Print-only,0
45,Female,White,Separated,College graduate,Employed full-time,"$30,000 to under $40,000",2,Yes,No,No,Purchased the book,No,No,1,0,0,Print-only,0
45,Female,White,Living with a partner,High school graduate,Employed full-time,"$40,000 to under $50,000",2,Yes,Yes,No,Purchased the book,Yes,Yes,1,1,0,Hybrid,1
44,Female,White,Married,College graduate,Employed full-time,"$75,000 to under $100,000",2,Yes,No,No,Borrowed the book from a friend or family member,No,No,1,0,0,Print-only,0
44,Female,White,Divorced,High school incomplete,Employed full-time,"$20,000 to under $30,000",2,Yes,No,No,Borrowed the book from a friend or family member,No,Yes,1,0,0,Print-only,0
44,Male,White,Married,Post-graduate training/professional school after college,Employed full-time,"$75,000 to under $100,000",2,Yes,No,Yes,Purchased the book,Yes,Yes,1,0,1,Hybrid,1
43,Female,White,Divorced,"Some college, no 4-year degree",Employed part-time,"$30,000 to under $40,000",2,Yes,No,No,Borrowed the book from a friend or family member,Yes,No,1,0,0,Print-only,0
43,Male,White,Married,"Some college, no 4-year degree",Employed full-time,"$30,000 to under $40,000",2,Yes,No,No,Purchased the book,No,No,1,0,0,Print-only,0
42,Female,White,Married,Post-graduate training/professional school after college,Employed part-time,Refused,2,Yes,No,No,Purchased the book,Yes,Yes,1,0,0,Print-only,0
42,Male,White,Never been married,High school graduate,Employed full-time,"$20,000 to under $30,000",2,No,No,No,8,Yes,No,0,0,0,Non-reader,0
42,Male,White,Living with a partner,"Some college, no 4-year degree",Employed full-time,"$20,000 to under $30,000",2,Yes,No,No,Borrowed the book from a friend or family member,No,No,1,0,0,Print-only,0
39,Female,White,Married,Post-graduate training/professional school after college,Employed part-time,"$100,000 to under $150,000",2,Yes,No,No,Borrowed the book from a library,No,No,1,0,0,Print-only,0
39,Female,White,Living with a partner,"Some college, no 4-year degree",Employed full-time,"$100,000 to under $150,000",2,Yes,No,No,Got the book some other way,Yes,No,1,0,0,Print-only,0
39,Female,White,Married,"Some college, no 4-year degree",Employed full-time,"$100,000 to under $150,000",2,Yes,No,No,Purchased the book,No,Yes,1,0,0,Print-only,0
39,Male,White,Married,College graduate,Employed full-time,"$40,000 to under $50,000",2,Yes,No,No,Borrowed the book from a library,Yes,No,1,0,0,Print-only,0
39,Male,White,Married,"Some college, no 4-year degree",Employed full-time,"$100,000 to under $150,000",2,Yes,No,No,Purchased the book,No,No,1,0,0,Print-only,0
37,Male,White,Never been married,"Some college, no 4-year degree",Employed part-time,"$50,000 to under $75,000",2,Yes,No,Yes,Purchased the book,Yes,No,1,0,1,Hybrid,1
36,Male,White,Married,High school graduate,Disabled,Refused,2,Yes,No,No,Purchased the book,No,No,1,0,0,Print-only,0
35,Female,White,Married,College graduate,Employed full-time,"$100,000 to under $150,000",2,Yes,No,No,Purchased the book,Yes,No,1,0,0,Print-only,0
35,Female,White,Separated,High school incomplete,Not employed for pay,"Less than $10,000",2,Yes,No,No,Borrowed the book from a friend or family member,No,Yes,1,0,0,Print-only,0
34,Female,White,Married,College graduate,Employed full-time,Refused,2,Yes,Yes,Yes,Borrowed the book from a friend or family member,No,No,1,1,1,Hybrid,1
34,Female,White,Never been married,High school graduate,Employed full-time,"$10,000 to under $20,000",2,Yes,No,No,Purchased the book,No,Yes,1,0,0,Print-only,0
33,Female,White,Married,High school incomplete,Employed full-time,"$100,000 to under $150,000",2,Yes,No,No,Borrowed the book from a friend or family member,No,No,1,0,0,Print-only,0
32,Female,White,Married,High school graduate,Employed part-time,"$40,000 to under $50,000",2,Yes,No,No,Purchased the book,No,No,1,0,0,Print-only,0
32,Male,White,Married,Post-graduate training/professional school after college,Employed full-time,"$100,000 to under $150,000",2,Yes,No,No,Purchased the book,No,No,1,0,0,Print-only,0
32,Male,White,Married,"Some college, no 4-year degree",Employed full-time,"$50,000 to under $75,000",2,Yes,No,No,Got the book some other way,Yes,Yes,1,0,0,Print-only,0
31,Female,White,Married,College graduate,Not employed for pay,"$50,000 to under $75,000",2,Yes,Yes,Yes,Got the book some other way,No,Yes,1,1,1,Hybrid,1
31,Female,White,Married,High school graduate,Employed full-time,"$100,000 to under $150,000",2,Yes,No,No,Purchased the book,No,No,1,0,0,Print-only,0
30,Male,White,Married,College graduate,Employed full-time,"$50,000 to under $75,000",2,Yes,No,Yes,Borrowed the book from a library,Yes,No,1,0,1,Hybrid,1
29,Male,White,Never been married,College graduate,Employed full-time,Refused,2,Yes,No,No,Borrowed the book from a friend or family member,Yes,Yes,1,0,0,Print-only,0
28,Male,White,Never been married,College graduate,Employed full-time,"$50,000 to under $75,000",2,No,Yes,No,Got the book some other way,Yes,No,0,1,0,Digital/Audio-only,1
28,Male,White,Living with a partner,High school graduate,Employed full-time,"$40,000 to under $50,000",2,Yes,No,No,Purchased the book,Don’t know,No,1,0,0,Print-only,0
28,Male,White,Married,College graduate,Employed full-time,"$75,000 to under $100,000",2,Yes,No,Yes,Borrowed the book from a friend or family member,Yes,Yes,1,0,1,Hybrid,1
27,Female,White,Living with a partner,Post-graduate training/professional school after college,Employed full-time,"Less than $10,000",2,Yes,No,No,Borrowed the book from a friend or family member,Yes,No,1,0,0,Print-only,0
27,Male,White,Married,College graduate,Employed full-time,"$50,000 to under $75,000",2,Yes,No,No,Borrowed the book from a friend or family member,Yes,No,1,0,0,Print-only,0
27,Female,White,Married,"Some college, no 4-year degree",Not employed for pay,"$30,000 to under $40,000",2,Yes,No,No,Got the book some other way,No,No,1,0,0,Print-only,0
26,Male,White,Never been married,Post-graduate training/professional school after college,Student,"Less than $10,000",2,Yes,No,No,Borrowed the book from a friend or family member,No,No,1,0,0,Print-only,0
26,Female,White,Married,Post-graduate training/professional school after college,Have own business/self-employed,"$100,000 to under $150,000",2,Yes,No,No,Borrowed the book from a friend or family member,Yes,Yes,1,0,0,Print-only,0
26,Male,White,Married,High school graduate,Employed full-time,"$50,000 to under $75,000",2,Yes,No,Yes,Purchased the book,Yes,No,1,0,1,Hybrid,1
26,Female,White,Married,"Some college, no 4-year degree",Employed full-time,"$100,000 to under $150,000",2,No,No,Yes,Purchased the book,No,No,0,0,1,Digital/Audio-only,1
25,Male,White,Living with a partner,College graduate,Not employed for pay,"$50,000 to under $75,000",2,Yes,No,No,Purchased the book,No,Yes,1,0,0,Print-only,0
25,Female,White,Married,College graduate,Employed full-time,"$75,000 to under $100,000",2,Yes,No,No,Purchased the book,No,Yes,1,0,0,Print-only,0
25,Male,White,Never been married,Not specified,Employed full-time,"$20,000 to under $30,000",2,Yes,No,No,Purchased the book,No,No,1,0,0,Print-only,0
25,Male,White,Never been married,"Some college, no 4-year degree",Employed full-time,"$20,000 to under $30,000",2,Yes,No,No,Purchased the book,No,Yes,1,0,0,Print-only,0
23,Male,White,Never been married,Post-graduate training/professional school after college,Employed full-time,"$20,000 to under $30,000",2,Yes,No,No,Purchased the book,Yes,Yes,1,0,0,Print-only,0
22,Female,White,Never been married,"Some college, no 4-year degree",Employed full-time,"$10,000 to under $20,000",2,Yes,No,No,Borrowed the book from a friend or family member,No,Yes,1,0,0,Print-only,0
22,Male,White,Married,"Some college, no 4-year degree",Employed full-time,"$75,000 to under $100,000",2,Yes,No,No,Borrowed the book from a friend or family member,No,No,1,0,0,Print-only,0
21,Female,White,Living with a partner,"Some college, no 4-year degree",Employed full-time,"$20,000 to under $30,000",2,Yes,No,No,Got the book some other way,Yes,No,1,0,0,Print-only,0
20,Male,White,Never been married,"Some college, no 4-year degree",Employed part-time,"$100,000 to under $150,000",2,No,No,No,Purchased the book,Yes,Yes,0,0,0,Non-reader,0
19,Female,White,Never been married,"Some college, no 4-year degree",Employed part-time,"$75,000 to under $100,000",2,No,No,No,Got the book some other way,Yes,No,0,0,0,Non-reader,0
18,Male,White,Living with a partner,High school graduate,Employed full-time,"$30,000 to under $40,000",2,Yes,No,No,Borrowed the book from a friend or family member,Yes,No,1,0,0,Print-only,0
18,Male,White,Never been married,High school graduate,Employed part-time,"Less than $10,000",2,Yes,No,No,Borrowed the book from a library,Yes,Yes,1,0,0,Print-only,0
17,Male,White,Never been married,High school incomplete,Not employed for pay,"$30,000 to under $40,000",2,Yes,No,No,Got the book some other way,Yes,No,1,0,0,Print-only,0
17,Male,White,Never been married,High school incomplete,Employed part-time,"9$100,000 to under $150,000",2,Yes,No,No,Borrowed the book from a library,Yes,Yes,1,0,0,Print-only,0
17,Female,White,Never been married,High school incomplete,Not employed for pay,"$100,000 to under $150,000",2,Yes,No,No,Borrowed the book from a friend or family member,Yes,No,1,0,0,Print-only,0
70,Male,Refused,Married,"Some college, no 4-year degree",Retired,"$50,000 to under $75,000",1,Yes,No,No,Purchased the book,Yes,No,1,0,0,Print-only,0
31,Female,Don’t know,Divorced,High school graduate,Not employed for pay,"$20,000 to under $30,000",1,Yes,No,No,Got the book some other way,No,Yes,1,0,0,Print-only,0
53,Male,Native American/American Indian,Married,High school graduate,Employed full-time,"$20,000 to under $30,000",1,No,No,No,Borrowed the book from a friend or family member,No,Yes,0,0,0,Non-reader,0
41,Male,Native American/American Indian,Married,High school graduate,Employed full-time,"$30,000 to under $40,000",1,Don’t know,No,No,Purchased the book,Yes,No,0,0,0,Non-reader,0
66,Female,Mixed race,Don’t know,"Some college, no 4-year degree",Retired,Refused,1,Yes,No,No,Purchased the book,Yes,Yes,1,0,0,Print-only,0
65,Female,Mixed race,Divorced,College graduate,Not employed for pay,"Less than $10,000",1,Yes,No,No,Borrowed the book from a friend or family member,Yes,No,1,0,0,Print-only,0
62,Male,Mixed race,Married,"Some college, no 4-year degree",Employed full-time,"$75,000 to under $100,000",1,Yes,No,No,Purchased the book,No,No,1,0,0,Print-only,0
48,Male,Mixed race,Married,"Technical, trade or vocational school AFTER high school",Not employed for pay,"Less than $10,000",1,Yes,No,No,Borrowed the book from a library,No,No,1,0,0,Print-only,0
45,Female,Mixed race,Divorced,"Some college, no 4-year degree",Employed full-time,Refused,1,Yes,No,No,Purchased the book,Yes,No,1,0,0,Print-only,0
41,Male,Mixed race,Living with a partner,College graduate,Not employed for pay,"Less than $10,000",1,No,Yes,Don’t know,Borrowed the book from a library,Yes,Yes,0,1,0,Digital/Audio-only,1
39,Female,Mixed race,Separated,High school incomplete,Not employed for pay,"$20,000 to under $30,000",1,Yes,No,No,Borrowed the book from a friend or family member,No,No,1,0,0,Print-only,0
30,Male,Mixed race,Never been married,"Technical, trade or vocational school AFTER high school",Employed full-time,"$20,000 to under $30,000",1,Yes,No,No,Got the book some other way,Yes,Yes,1,0,0,Print-only,0
18,Male,Mixed race,Never been married,Not specified,Not employed for pay,"Less than $10,000",1,No,No,No,Borrowed the book from a friend or family member,No,Yes,0,0,0,Non-reader,0
49,Male,Asian or Pacific Islander,Married,High school graduate,Have own business/self-employed,"$50,000 to under $75,000",1,Yes,No,No,Got the book some other way,Yes,No,1,0,0,Print-only,0
31,Male,Asian or Pacific Islander,Married,Post-graduate training/professional school after college,Employed full-time,Refused,1,Yes,No,No,Borrowed the book from a friend or family member,Yes,No,1,0,0,Print-only,0
25,Male,Asian or Pacific Islander,Married,Post-graduate training/professional school after college,Employed full-time,"9$100,000 to under $150,000",1,Yes,No,No,Purchased the book,Yes,No,1,0,0,Print-only,0
78,Female,Black or African-American,Married,High school incomplete,Retired,"$10,000 to under $20,000",1,Yes,No,No,Purchased the book,Yes,No,1,0,0,Print-only,0
75,Female,Black or African-American,Divorced,Post-graduate training/professional school after college,Retired,"Less than $10,000",1,Yes,No,No,Borrowed the book from a library,No,No,1,0,0,Print-only,0
65,Female,Black or African-American,Married,High school graduate,Disabled,"9$100,000 to under $150,000",1,Yes,No,No,8,Yes,No,1,0,0,Print-only,0
62,Male,Black or African-American,Divorced,Not specified,Disabled,"9$100,000 to under $150,000",1,No,No,No,Borrowed the book from a friend or family member,No,No,0,0,0,Non-reader,0
58,Female,Black or African-American,Never been married,High school incomplete,Employed full-time,"$10,000 to under $20,000",1,Yes,No,No,Purchased the book,No,No,1,0,0,Print-only,0
56,Female,Black or African-American,Married,Post-graduate training/professional school after college,Retired,"$100,000 to under $150,000",1,Yes,No,Yes,Purchased the book,Yes,Yes,1,0,1,Hybrid,1
55,Female,Black or African-American,Married,High school graduate,Employed full-time,"$50,000 to under $75,000",1,Yes,No,No,Purchased the book,No,No,1,0,0,Print-only,0
54,Male,Black or African-American,Never been married,High school graduate,Employed part-time,"$10,000 to under $20,000",1,Yes,No,No,Got the book some other way,Yes,No,1,0,0,Print-only,0
51,Male,Black or African-American,Married,High school graduate,Employed full-time,Refused,1,No,Yes,Yes,Got the book some other way,Yes,No,0,1,1,Digital/Audio-only,1
50,Male,Black or African-American,Never been married,High school graduate,Employed full-time,"$10,000 to under $20,000",1,Yes,No,No,Borrowed the book from a friend or family member,Yes,Yes,1,0,0,Print-only,0
41,Male,Black or African-American,Never been married,High school graduate,Employed full-time,"$40,000 to under $50,000",1,Yes,No,No,Borrowed the book from a friend or family member,Yes,No,1,0,0,Print-only,0
40,Male,Black or African-American,Never been married,College graduate,Have own business/self-employed,"9$100,000 to under $150,000",1,No,No,No,Purchased the book,Yes,Yes,0,0,0,Non-reader,0
34,Female,Black or African-American,Living with a partner,Not specified,Employed full-time,"Less than $10,000",1,Yes,No,No,Purchased the book,Yes,Yes,1,0,0,Print-only,0
34,Female,Black or African-American,Never been married,"Some college, no 4-year degree",Not employed for pay,"$20,000 to under $30,000",1,Yes,No,No,Got the book some other way,No,No,1,0,0,Print-only,0
31,Female,Black or African-American,Living with a partner,High school graduate,Employed full-time,"$20,000 to under $30,000",1,Yes,No,No,Borrowed the book from a friend or family member,No,Yes,1,0,0,Print-only,0
30,Male,Black or African-American,Married,College graduate,Employed full-time,"$75,000 to under $100,000",1,Yes,No,No,Borrowed the book from a friend or family member,Yes,No,1,0,0,Print-only,0
23,Male,Black or African-American,Never been married,High school graduate,Employed full-time,"9$100,000 to under $150,000",1,No,No,No,Got the book some other way,Yes,No,0,0,0,Non-reader,0
20,Male,Black or African-American,Never been married,Not specified,Not employed for pay,"$10,000 to under $20,000",1,No,No,Yes,Borrowed the book from a friend or family member,Yes,No,0,0,1,Digital/Audio-only,1
20,Male,Black or African-American,Never been married,"Some college, no 4-year degree",Employed part-time,"$100,000 to under $150,000",1,No,Yes,No,Purchased the book,No,No,0,1,0,Digital/Audio-only,1
19,Female,Black or African-American,Never been married,High school graduate,Student,"$30,000 to under $40,000",1,Yes,No,No,Purchased the book,Yes,Yes,1,0,0,Print-only,0
18,Female,Black or African-American,Never been married,High school incomplete,Employed part-time,"Less than $10,000",1,No,No,Yes,Borrowed the book from a library,No,Yes,0,0,1,Digital/Audio-only,1
18,Male,Black or African-American,Living with a partner,High school graduate,Employed full-time,"$40,000 to under $50,000",1,Yes,No,No,Purchased the book,No,No,1,0,0,Print-only,0
17,Male,Black or African-American,Don’t know,High school incomplete,Employed part-time,"9$100,000 to under $150,000",1,Yes,No,No,Borrowed the book from a library,Yes,No,1,0,0,Print-only,0
16,Female,Black or African-American,Never been married,High school incomplete,Not employed for pay,Refused,1,No,No,No,Borrowed the book from a friend or family member,No,No,0,0,0,Non-reader,0
16,Female,Black or African-American,Single,High school incomplete,Not employed for pay,"9$100,000 to under $150,000",1,Yes,No,No,Borrowed the book from a library,Yes,Yes,1,0,0,Print-only,0
85,Female,White,Widowed,High school graduate,Not employed for pay,"$50,000 to under $75,000",1,Yes,No,No,Purchased the book,Yes,Yes,1,0,0,Print-only,0
82,Female,White,Widowed,College graduate,Retired,"$75,000 to under $100,000",1,Yes,No,No,Borrowed the book from a friend or family member,Yes,Yes,1,0,0,Print-only,0
82,Male,White,Married,"Some college, no 4-year degree",Retired,"$50,000 to under $75,000",1,Yes,No,No,Borrowed the book from a friend or family member,Yes,Yes,1,0,0,Print-only,0
82,Female,White,Married,High school graduate,Retired,"$10,000 to under $20,000",1,No,No,No,Got the book some other way,Yes,No,0,0,0,Non-reader,0
81,Female,White,Widowed,High school incomplete,Retired,Refused,1,Yes,No,No,Got the book some other way,No,No,1,0,0,Print-only,0
81,Female,White,Married,High school graduate,Retired,"9$100,000 to under $150,000",1,Yes,No,No,Borrowed the book from a friend or family member,No,No,1,0,0,Print-only,0
79,Female,White,Single,"Some college, no 4-year degree",Retired,"9$100,000 to under $150,000",1,Yes,No,No,Got the book some other way,No,No,1,0,0,Print-only,0
77,Female,White,Married,Post-graduate training/professional school after college,Retired,"$40,000 to under $50,000",1,Yes,No,Yes,Purchased the book,Yes,Yes,1,0,1,Hybrid,1
73,Male,White,Married,College graduate,Employed part-time,"$75,000 to under $100,000",1,Yes,No,No,Borrowed the book from a friend or family member,Yes,Yes,1,0,0,Print-only,0
72,Female,White,Married,High school graduate,Retired,"$20,000 to under $30,000",1,Yes,No,No,Purchased the book,Yes,No,1,0,0,Print-only,0
71,Female,White,Widowed,High school graduate,Retired,"Less than $10,000",1,Yes,No,No,Purchased the book,Yes,No,1,0,0,Print-only,0
71,Female,White,Married,High school graduate,Retired,"$20,000 to under $30,000",1,Yes,No,No,Got the book some other way,Yes,Yes,1,0,0,Print-only,0
67,Female,White,Married,High school graduate,Retired,"$20,000 to under $30,000",1,Yes,No,No,Borrowed the book from a friend or family member,No,No,1,0,0,Print-only,0
67,Male,White,Married,High school graduate,Retired,"$100,000 to under $150,000",1,Yes,Yes,No,Purchased the book,Yes,Yes,1,1,0,Hybrid,1
67,Male,White,Married,"Some college, no 4-year degree",Employed part-time,"$20,000 to under $30,000",1,Yes,No,No,Purchased the book,No,Yes,1,0,0,Print-only,0
66,Female,White,Divorced,"Some college, no 4-year degree",Retired,"$10,000 to under $20,000",1,Yes,No,No,Borrowed the book from a friend or family member,Yes,No,1,0,0,Print-only,0
66,Female,White,Married,"Some college, no 4-year degree",Retired,"$100,000 to under $150,000",1,Yes,No,Yes,Purchased the book,Yes,No,1,0,1,Hybrid,1
65,Female,White,Married,High school graduate,Retired,"$30,000 to under $40,000",1,Yes,No,No,Got the book some other way,Yes,Yes,1,0,0,Print-only,0
64,Female,White,Married,High school graduate,Not employed for pay,"$20,000 to under $30,000",1,Yes,No,No,Got the book some other way,Yes,Yes,1,0,0,Print-only,0
64,Male,White,Married,"Technical, trade or vocational school AFTER high school",Retired,"$30,000 to under $40,000",1,Yes,No,No,Borrowed the book from a friend or family member,Yes,No,1,0,0,Print-only,0
63,Male,White,Married,"Some college, no 4-year degree",Employed full-time,"$75,000 to under $100,000",1,No,No,No,Borrowed the book from a friend or family member,Yes,Yes,0,0,0,Non-reader,0
62,Male,White,Married,Post-graduate training/professional school after college,Employed part-time,"$75,000 to under $100,000",1,Yes,No,Yes,Borrowed the book from a friend or family member,Yes,Yes,1,0,1,Hybrid,1
62,Male,White,Married,"Some college, no 4-year degree",Retired,"$75,000 to under $100,000",1,Yes,No,No,Got the book some other way,Yes,No,1,0,0,Print-only,0
61,Female,White,Divorced,"Some college, no 4-year degree",Employed full-time,"$10,000 to under $20,000",1,Yes,No,No,Purchased the book,No,Yes,1,0,0,Print-only,0
61,Female,White,Married,Not specified,Not employed for pay,"Less than $10,000",1,Yes,No,No,Purchased the book,No,No,1,0,0,Print-only,0
61,Male,White,Married,High school graduate,Employed full-time,"$100,000 to under $150,000",1,Yes,No,No,Borrowed the book from a friend or family member,Yes,Yes,1,0,0,Print-only,0
61,Male,White,Married,"Some college, no 4-year degree",Employed full-time,"$75,000 to under $100,000",1,No,Yes,Yes,Purchased the book,Yes,No,0,1,1,Digital/Audio-only,1
60,Male,White,Married,High school graduate,Employed full-time,Refused,1,Yes,No,No,Purchased the book,Yes,No,1,0,0,Print-only,0
59,Female,White,Married,High school graduate,Not employed for pay,"$50,000 to under $75,000",1,No,Yes,No,Purchased the book,No,No,0,1,0,Digital/Audio-only,1
59,Male,White,Married,Post-graduate training/professional school after college,Employed full-time,"$100,000 to under $150,000",1,Yes,No,No,Purchased the book,Yes,Yes,1,0,0,Print-only,0
59,Male,White,Married,College graduate,Employed full-time,"$100,000 to under $150,000",1,Yes,No,No,Purchased the book,Yes,Yes,1,0,0,Print-only,0
58,Female,White,Married,"Some college, no 4-year degree",Not employed for pay,"$20,000 to under $30,000",1,Yes,No,No,Got the book some other way,Yes,No,1,0,0,Print-only,0
58,Female,White,Single,High school graduate,Employed full-time,"$10,000 to under $20,000",1,Yes,No,No,Got the book some other way,No,No,1,0,0,Print-only,0
57,Female,White,Married,High school incomplete,Employed full-time,"$20,000 to under $30,000",1,No,Yes,No,Borrowed the book from a library,Yes,No,0,1,0,Digital/Audio-only,1
56,Male,White,Married,High school graduate,Employed full-time,"$40,000 to under $50,000",1,Yes,No,No,Borrowed the book from a friend or family member,No,No,1,0,0,Print-only,0
55,Male,White,Married,"Some college, no 4-year degree",Employed full-time,"$50,000 to under $75,000",1,Yes,No,No,Borrowed the book from a library,Yes,No,1,0,0,Print-only,0
54,Female,White,Married,Post-graduate training/professional school after college,Employed full-time,Refused,1,Yes,No,No,Borrowed the book from a friend or family member,Yes,Yes,1,0,0,Print-only,0
54,Female,White,Single,"Some college, no 4-year degree",Disabled,"9$100,000 to under $150,000",1,No,No,No,8,No,No,0,0,0,Non-reader,0
54,Female,White,Never been married,College graduate,Employed full-time,"$50,000 to under $75,000",1,Yes,No,No,Purchased the book,Yes,Yes,1,0,0,Print-only,0
53,Male,White,Divorced,"Some college, no 4-year degree",Employed full-time,"$100,000 to under $150,000",1,No,No,No,Borrowed the book from a friend or family member,No,No,0,0,0,Non-reader,0
53,Male,White,Never been married,High school incomplete,Retired,"$10,000 to under $20,000",1,Yes,Yes,No,Borrowed the book from a library,No,Yes,1,1,0,Hybrid,1
53,Male,White,Married,"Some college, no 4-year degree",Employed full-time,"$100,000 to under $150,000",1,Yes,No,No,Purchased the book,Yes,No,1,0,0,Print-only,0
53,Female,White,Divorced,High school graduate,Not employed for pay,"Less than $10,000",1,Yes,Yes,No,Purchased the book,No,No,1,1,0,Hybrid,1
53,Male,White,Married,"Some college, no 4-year degree",Employed full-time,"$40,000 to under $50,000",1,Yes,No,No,Got the book some other way,Yes,Yes,1,0,0,Print-only,0
52,Female,White,Living with a partner,College graduate,Employed full-time,"$40,000 to under $50,000",1,Yes,No,No,Got the book some other way,Yes,No,1,0,0,Print-only,0
50,Female,White,Married,"Some college, no 4-year degree",Employed full-time,Refused,1,Yes,No,No,Borrowed the book from a friend or family member,Yes,No,1,0,0,Print-only,0
50,Male,White,Married,"Some college, no 4-year degree",Employed full-time,"$100,000 to under $150,000",1,Yes,No,Don’t know,Borrowed the book from a friend or family member,Yes,Yes,1,0,0,Print-only,0
49,Male,White,Married,"Some college, no 4-year degree",Employed full-time,"$75,000 to under $100,000",1,Yes,No,No,Purchased the book,Yes,Yes,1,0,0,Print-only,0
49,Male,White,Never been married,High school graduate,Employed full-time,Refused,1,No,No,No,9,Yes,No,0,0,0,Non-reader,0
49,Female,White,Living with a partner,High school graduate,Have own business/self-employed,Refused,1,Yes,No,No,Borrowed the book from a friend or family member,No,No,1,0,0,Print-only,0
49,Male,White,Divorced,"Some college, no 4-year degree",Employed full-time,"$30,000 to under $40,000",1,Yes,No,No,8,No,No,1,0,0,Print-only,0
48,Male,White,Married,High school graduate,Employed full-time,"$10,000 to under $20,000",1,Yes,Yes,No,Borrowed the book from a library,Yes,No,1,1,0,Hybrid,1
47,Female,White,Divorced,High school incomplete,Not employed for pay,"Less than $10,000",1,Yes,No,No,Borrowed the book from a library,Yes,No,1,0,0,Print-only,0
46,Female,White,Living with a partner,High school graduate,Employed full-time,"$50,000 to under $75,000",1,Yes,No,No,8,Yes,Yes,1,0,0,Print-only,0
46,Male,White,Married,Post-graduate training/professional school after college,Employed full-time,"$100,000 to under $150,000",1,Yes,Yes,No,Purchased the book,Yes,Yes,1,1,0,Hybrid,1
46,Female,White,Married,College graduate,Not employed for pay,"$30,000 to under $40,000",1,Yes,Yes,No,Borrowed the book from a library,Yes,No,1,1,0,Hybrid,1
46,Female,White,Married,College graduate,Employed full-time,"$75,000 to under $100,000",1,Yes,No,No,Purchased the book,No,No,1,0,0,Print-only,0
44,Male,White,Divorced,Post-graduate training/professional school after college,Employed full-time,"$100,000 to under $150,000",1,Yes,No,No,Purchased the book,No,Yes,1,0,0,Print-only,0
44,Female,White,Married,College graduate,Employed full-time,Refused,1,Yes,No,No,Borrowed the book from a friend or family member,No,No,1,0,0,Print-only,0
44,Female,White,Married,Post-graduate training/professional school after college,Employed full-time,"$100,000 to under $150,000",1,Yes,No,No,Purchased the book,Yes,Yes,1,0,0,Print-only,0
42,Female,White,Divorced,High school graduate,Employed part-time,"$10,000 to under $20,000",1,Yes,No,No,Purchased the book,Yes,No,1,0,0,Print-only,0
41,Male,White,Married,"Some college, no 4-year degree",Employed full-time,Refused,1,Yes,No,No,Purchased the book,No,No,1,0,0,Print-only,0
40,Female,White,Married,College graduate,Employed part-time,Refused,1,Yes,No,No,Borrowed the book from a library,No,Yes,1,0,0,Print-only,0
40,Male,White,Married,Not specified,Not employed for pay,"Less than $10,000",1,Yes,No,No,Purchased the book,Yes,No,1,0,0,Print-only,0
39,Female,White,Married,"Some college, no 4-year degree",Employed part-time,"$30,000 to under $40,000",1,Yes,Yes,No,Purchased the book,Yes,Yes,1,1,0,Hybrid,1
38,Male,White,Married,"Some college, no 4-year degree",Employed full-time,"$50,000 to under $75,000",1,Yes,No,No,Borrowed the book from a friend or family member,Yes,Yes,1,0,0,Print-only,0
38,Male,White,Married,"Some college, no 4-year degree",Employed full-time,Refused,1,Yes,No,No,Got the book some other way,No,No,1,0,0,Print-only,0
38,Female,White,Married,High school graduate,Employed full-time,Refused,1,Yes,No,No,Purchased the book,No,Yes,1,0,0,Print-only,0
37,Male,White,Divorced,High school graduate,Employed part-time,"Less than $10,000",1,Yes,No,No,Borrowed the book from a friend or family member,No,No,1,0,0,Print-only,0
37,Male,White,Married,College graduate,Employed full-time,"$50,000 to under $75,000",1,Yes,Yes,No,Borrowed the book from a library,No,No,1,1,0,Hybrid,1
36,Female,White,Married,College graduate,Employed full-time,"$100,000 to under $150,000",1,Yes,No,Yes,Purchased the book,Yes,Yes,1,0,1,Hybrid,1
35,Male,White,Divorced,"Some college, no 4-year degree",Not employed for pay,"Less than $10,000",1,Yes,Yes,Yes,Borrowed the book from a library,No,No,1,1,1,Hybrid,1
33,Female,White,Never been married,"Some college, no 4-year degree",Employed full-time,"$50,000 to under $75,000",1,Yes,No,No,Borrowed the book from a library,No,No,1,0,0,Print-only,0
33,Female,White,Married,Post-graduate training/professional school after college,Employed full-time,"$100,000 to under $150,000",1,Yes,No,No,Borrowed the book from a friend or family member,Yes,No,1,0,0,Print-only,0
32,Female,White,Married,"Some college, no 4-year degree",Employed full-time,"$40,000 to under $50,000",1,Yes,No,No,Borrowed the book from a library,No,No,1,0,0,Print-only,0
32,Female,White,Married,High school graduate,Not employed for pay,"$50,000 to under $75,000",1,Yes,No,No,Purchased the book,No,Yes,1,0,0,Print-only,0
32,Male,White,Married,"Technical, trade or vocational school AFTER high school",Have own business/self-employed,"$75,000 to under $100,000",1,Yes,No,No,Got the book some other way,No,No,1,0,0,Print-only,0
31,Male,White,Never been married,High school graduate,Not employed for pay,"$30,000 to under $40,000",1,Yes,No,No,Purchased the book,Yes,No,1,0,0,Print-only,0
31,Male,White,Married,High school graduate,Not employed for pay,"$30,000 to under $40,000",1,Yes,No,No,Purchased the book,No,No,1,0,0,Print-only,0
31,Male,White,Living with a partner,High school graduate,Employed full-time,"$20,000 to under $30,000",1,Yes,No,No,Borrowed the book from a library,No,No,1,0,0,Print-only,0
31,Male,White,Married,Post-graduate training/professional school after college,Employed full-time,"$100,000 to under $150,000",1,Yes,No,Yes,Got the book some other way,Yes,Yes,1,0,1,Hybrid,1
30,Male,White,Married,High school graduate,Employed full-time,"$50,000 to under $75,000",1,No,No,Yes,Got the book some other way,No,No,0,0,1,Digital/Audio-only,1
30,Female,White,Never been married,"Some college, no 4-year degree",Employed full-time,"$10,000 to under $20,000",1,Yes,No,Yes,Borrowed the book from a friend or family member,Yes,No,1,0,1,Hybrid,1
30,Male,White,Living with a partner,"Some college, no 4-year degree",Employed full-time,"$50,000 to under $75,000",1,Yes,No,No,Purchased the book,Yes,Yes,1,0,0,Print-only,0
29,Male,White,Living with a partner,Not specified,Not employed for pay,"$10,000 to under $20,000",1,Yes,No,No,8,No,No,1,0,0,Print-only,0
29,Male,White,Married,"Some college, no 4-year degree",Employed full-time,"$50,000 to under $75,000",1,Yes,No,No,Got the book some other way,Yes,Yes,1,0,0,Print-only,0
28,Male,White,Single,Post-graduate training/professional school after college,Employed full-time,"$75,000 to under $100,000",1,No,No,Yes,Purchased the book,Yes,No,0,0,1,Digital/Audio-only,1
27,Female,White,Married,High school graduate,Not employed for pay,"Less than $10,000",1,No,No,No,Got the book some other way,No,No,0,0,0,Non-reader,0
27,Female,White,Married,College graduate,Employed full-time,"$20,000 to under $30,000",1,Yes,No,No,Got the book some other way,Yes,No,1,0,0,Print-only,0
27,Female,White,Married,"Some college, no 4-year degree",Employed part-time,"$50,000 to under $75,000",1,No,Yes,Yes,Purchased the book,Yes,No,0,1,1,Digital/Audio-only,1
26,Male,White,Married,"Some college, no 4-year degree",Employed full-time,"$50,000 to under $75,000",1,Yes,No,No,Got the book some other way,No,No,1,0,0,Print-only,0
25,Male,White,Never been married,College graduate,Employed part-time,"$100,000 to under $150,000",1,Yes,No,No,Purchased the book,No,No,1,0,0,Print-only,0
25,Female,White,Never been married,"Some college, no 4-year degree",Employed part-time,"$10,000 to under $20,000",1,Yes,No,No,Purchased the book,No,No,1,0,0,Print-only,0
24,Male,White,Never been married,College graduate,Employed full-time,"$50,000 to under $75,000",1,No,No,Yes,Purchased the book,Yes,Yes,0,0,1,Digital/Audio-only,1
24,Male,White,Never been married,High school graduate,Employed full-time,"9$100,000 to under $150,000",1,Yes,No,No,Borrowed the book from a friend or family member,No,Yes,1,0,0,Print-only,0
23,Male,White,Married,High school graduate,Employed full-time,"$10,000 to under $20,000",1,Yes,Yes,No,Purchased the book,No,No,1,1,0,Hybrid,1
22,Female,White,Living with a partner,"Some college, no 4-year degree",Employed full-time,"9$100,000 to under $150,000",1,Yes,No,No,Borrowed the book from a friend or family member,No,Yes,1,0,0,Print-only,0
22,Male,White,Divorced,High school graduate,Employed full-time,"$100,000 to under $150,000",1,No,Yes,Don’t know,Got the book some other way,Yes,Yes,0,1,0,Digital/Audio-only,1
21,Male,White,Never been married,High school graduate,Not employed for pay,"$30,000 to under $40,000",1,Yes,No,No,Got the book some other way,No,No,1,0,0,Print-only,0
19,Male,White,Never been married,High school graduate,Employed part-time,"$100,000 to under $150,000",1,Yes,No,No,Got the book some other way,No,Yes,1,0,0,Print-only,0
18,Male,White,Never been married,High school graduate,Not employed for pay,"$50,000 to under $75,000",1,Don’t know,No,No,Borrowed the book from a library,No,No,0,0,0,Non-reader,0
17,Male,White,Never been married,High school incomplete,Not employed for pay,"$50,000 to under $75,000",1,Yes,No,No,Borrowed the book from a library,No,Yes,1,0,0,Print-only,0
17,Female,White,Never been married,High school graduate,Not employed for pay,"$20,000 to under $30,000",1,Yes,No,No,Borrowed the book from a friend or family member,No,No,1,0,0,Print-only,0
16,Female,White,Never been married,High school incomplete,Not employed for pay,"$30,000 to under $40,000",1,Yes,No,No,Purchased the book,No,No,1,0,0,Print-only,0
16,Female,White,Never been married,High school incomplete,Not employed for pay,"Less than $10,000",1,Yes,No,No,Borrowed the book from a library,No,No,1,0,0,Print-only,0
16,Male,White,Never been married,High school incomplete,Not employed for pay,"9$100,000 to under $150,000",1,No,No,No,Got the book some other way,Yes,No,0,0,0,Non-reader,0
16,Female,White,Never been married,High school incomplete,Employed part-time,"9$100,000 to under $150,000",1,Yes,No,No,Borrowed the book from a friend or family member,No,Yes,1,0,0,Print-only,0
16,Female,White,Never been married,High school incomplete,Not employed for pay,"$10,000 to under $20,000",1,Yes,No,No,Borrowed the book from a library,No,No,1,0,0,Print-only,0
69,Male,Refused,Married,High school graduate,Retired,Refused,0,,,,Did not read/None,Yes,No,0,0,0,Non-reader,0
58,Male,Refused,Don’t know,Not specified,Employed full-time,"Less than $10,000",0,,,,Did not read/None,No,No,0,0,0,Non-reader,0
72,Male,Other,Married,High school graduate,Retired,"$30,000 to under $40,000",0,,,,Did not read/None,Yes,No,0,0,0,Non-reader,0
72,Female,Other,Divorced,Not specified,Retired,"9$100,000 to under $150,000",0,,,,Did not read/None,No,No,0,0,0,Non-reader,0
67,Female,Other,Married,Not specified,Not employed for pay,"Less than $10,000",0,,,,Did not read/None,No,No,0,0,0,Non-reader,0
61,Male,Other,Married,"Some college, no 4-year degree",Not employed for pay,"Less than $10,000",0,,,,Did not read/None,No,No,0,0,0,Non-reader,0
59,Female,Other,Divorced,"Some college, no 4-year degree",Not employed for pay,"9$100,000 to under $150,000",0,,,,Did not read/None,No,No,0,0,0,Non-reader,0
39,Male,Other,Living with a partner,High school graduate,Employed full-time,"$30,000 to under $40,000",0,,,,Did not read/None,Yes,Yes,0,0,0,Non-reader,0
28,Male,Other,Single,High school graduate,Employed full-time,"$100,000 to under $150,000",0,,,,Did not read/None,No,No,0,0,0,Non-reader,0
24,Male,Other,Never been married,"Some college, no 4-year degree",Employed part-time,"$30,000 to under $40,000",0,,,,Did not read/None,Yes,No,0,0,0,Non-reader,0
22,Male,Other,Married,High school graduate,Employed full-time,"$10,000 to under $20,000",0,,,,Did not read/None,No,Yes,0,0,0,Non-reader,0
17,Male,Other,Never been married,High school incomplete,Not employed for pay,"$40,000 to under $50,000",0,,,,Did not read/None,No,Yes,0,0,0,Non-reader,0
67,Male,Native American/American Indian,Divorced,"Some college, no 4-year degree",Retired,"$20,000 to under $30,000",0,,,,Did not read/None,No,No,0,0,0,Non-reader,0
58,Male,Native American/American Indian,Divorced,High school graduate,Disabled,"$10,000 to under $20,000",0,,,,Did not read/None,Yes,Yes,0,0,0,Non-reader,0
56,Male,Native American/American Indian,Single,High school graduate,Not employed for pay,"Less than $10,000",0,,,,Did not read/None,Yes,No,0,0,0,Non-reader,0
54,Female,Native American/American Indian,Divorced,"Some college, no 4-year degree",Employed full-time,"$20,000 to under $30,000",0,,,,Did not read/None,Yes,Yes,0,0,0,Non-reader,0
54,Male,Native American/American Indian,Divorced,"Some college, no 4-year degree",Employed full-time,"$50,000 to under $75,000",0,,,,Did not read/None,No,No,0,0,0,Non-reader,0
26,Female,Native American/American Indian,Married,Don’t know,Not employed for pay,"$10,000 to under $20,000",0,,,,Did not read/None,Yes,Yes,0,0,0,Non-reader,0
19,Male,Native American/American Indian,Living with a partner,High school graduate,Not employed for pay,"$20,000 to under $30,000",0,,,,Did not read/None,No,No,0,0,0,Non-reader,0
70,Male,Mixed race,Married,High school incomplete,Retired,Refused,0,,,,Did not read/None,No,No,0,0,0,Non-reader,0
68,Female,Mixed race,Married,High school graduate,Retired,"9$100,000 to under $150,000",0,,,,Did not read/None,Yes,Yes,0,0,0,Non-reader,0
58,Female,Mixed race,Married,"Some college, no 4-year degree",Retired,"$20,000 to under $30,000",0,,,,Did not read/None,No,No,0,0,0,Non-reader,0
53,Female,Mixed race,Never been married,Not specified,Employed part-time,"Less than $10,000",0,,,,Did not read/None,No,No,0,0,0,Non-reader,0
46,Male,Mixed race,Divorced,College graduate,Retired,"$20,000 to under $30,000",0,,,,Did not read/None,Yes,No,0,0,0,Non-reader,0
35,Male,Mixed race,Separated,High school graduate,Employed full-time,"$20,000 to under $30,000",0,,,,Did not read/None,Yes,No,0,0,0,Non-reader,0
30,Female,Mixed race,Married,High school graduate,Employed full-time,"$30,000 to under $40,000",0,,,,Did not read/None,No,No,0,0,0,Non-reader,0
26,Female,Mixed race,Married,"Technical, trade or vocational school AFTER high school",Not employed for pay,"$30,000 to under $40,000",0,,,,Did not read/None,No,Yes,0,0,0,Non-reader,0
62,Female,Asian or Pacific Islander,Divorced,High school incomplete,Employed full-time,"$10,000 to under $20,000",0,,,,Did not read/None,No,No,0,0,0,Non-reader,0
54,Female,Asian or Pacific Islander,Married,Don’t know,Not employed for pay,Refused,0,,,,Did not read/None,No,No,0,0,0,Non-reader,0
32,Male,Asian or Pacific Islander,Married,Post-graduate training/professional school after college,Employed full-time,"Less than $10,000",0,,,,Did not read/None,No,No,0,0,0,Non-reader,0
32,Male,Asian or Pacific Islander,Married,Post-graduate training/professional school after college,Have own business/self-employed,"Less than $10,000",0,,,,Did not read/None,No,No,0,0,0,Non-reader,0
29,Female,Asian or Pacific Islander,Married,"Some college, no 4-year degree",Employed full-time,"$50,000 to under $75,000",0,,,,Did not read/None,Yes,Yes,0,0,0,Non-reader,0
27,Female,Asian or Pacific Islander,Married,High school graduate,Employed part-time,"$30,000 to under $40,000",0,,,,Did not read/None,No,No,0,0,0,Non-reader,0
23,Female,Asian or Pacific Islander,Married,High school graduate,Not employed for pay,"$20,000 to under $30,000",0,,,,Did not read/None,No,No,0,0,0,Non-reader,0
18,Male,Asian or Pacific Islander,Never been married,"Some college, no 4-year degree",Not employed for pay,Refused,0,,,,Did not read/None,No,No,0,0,0,Non-reader,0
85,Male,Black or African-American,Divorced,"Technical, trade or vocational school AFTER high school",Retired,"$20,000 to under $30,000",0,,,,Did not read/None,No,No,0,0,0,Non-reader,0
79,Female,Black or African-American,Married,"Technical, trade or vocational school AFTER high school",Retired,"$40,000 to under $50,000",0,,,,Did not read/None,Yes,Yes,0,0,0,Non-reader,0
75,Female,Black or African-American,Separated,Not specified,Retired,"Less than $10,000",0,,,,Did not read/None,No,No,0,0,0,Non-reader,0
73,Female,Black or African-American,Single,"Some college, no 4-year degree",Retired,Refused,0,,,,Did not read/None,Yes,No,0,0,0,Non-reader,0
70,Male,Black or African-American,Married,High school incomplete,Disabled,"$10,000 to under $20,000",0,,,,Did not read/None,No,No,0,0,0,Non-reader,0
69,Female,Black or African-American,Married,"Some college, no 4-year degree",Employed part-time,"$50,000 to under $75,000",0,,,,Did not read/None,Yes,No,0,0,0,Non-reader,0
69,Male,Black or African-American,Married,High school incomplete,Disabled,"$10,000 to under $20,000",0,,,,Did not read/None,Yes,No,0,0,0,Non-reader,0
69,Male,Black or African-American,Widowed,High school graduate,Retired,"Less than $10,000",0,,,,Did not read/None,No,No,0,0,0,Non-reader,0
67,Male,Black or African-American,Married,High school graduate,Disabled,"$10,000 to under $20,000",0,,,,Did not read/None,Yes,No,0,0,0,Non-reader,0
67,Female,Black or African-American,Married,High school graduate,Retired,"$30,000 to under $40,000",0,,,,Did not read/None,No,No,0,0,0,Non-reader,0
66,Female,Black or African-American,Never been married,High school graduate,Disabled,"Less than $10,000",0,,,,Did not read/None,Yes,No,0,0,0,Non-reader,0
66,Male,Black or African-American,Divorced,High school graduate,Retired,"$30,000 to under $40,000",0,,,,Did not read/None,Yes,No,0,0,0,Non-reader,0
66,Female,Black or African-American,Single,Not specified,Not employed for pay,"9$100,000 to under $150,000",0,,,,Did not read/None,No,No,0,0,0,Non-reader,0
65,Female,Black or African-American,Widowed,High school graduate,Retired,"$10,000 to under $20,000",0,,,,Did not read/None,No,No,0,0,0,Non-reader,0
64,Male,Black or African-American,Married,High school graduate,Disabled,"9$100,000 to under $150,000",0,,,,Did not read/None,Yes,No,0,0,0,Non-reader,0
63,Male,Black or African-American,Never been married,High school graduate,Not employed for pay,Refused,0,,,,Did not read/None,Yes,No,0,0,0,Non-reader,0
62,Female,Black or African-American,Separated,High school graduate,Not employed for pay,"9$100,000 to under $150,000",0,,,,Did not read/None,No,No,0,0,0,Non-reader,0
62,Male,Black or African-American,Widowed,High school incomplete,Not employed for pay,"$10,000 to under $20,000",0,,,,Did not read/None,Yes,No,0,0,0,Non-reader,0
60,Male,Black or African-American,Divorced,"Some college, no 4-year degree",Employed part-time,"9$100,000 to under $150,000",0,,,,Did not read/None,No,No,0,0,0,Non-reader,0
59,Female,Black or African-American,Divorced,College graduate,Employed full-time,"$100,000 to under $150,000",0,,,,Did not read/None,Yes,No,0,0,0,Non-reader,0
57,Female,Black or African-American,Married,High school graduate,Employed full-time,"$50,000 to under $75,000",0,,,,Did not read/None,Yes,No,0,0,0,Non-reader,0
56,Male,Black or African-American,Living with a partner,High school graduate,Retired,"Less than $10,000",0,,,,Did not read/None,Yes,Yes,0,0,0,Non-reader,0
56,Male,Black or African-American,Separated,Not specified,Employed full-time,"$10,000 to under $20,000",0,,,,Did not read/None,No,Yes,0,0,0,Non-reader,0
55,Male,Black or African-American,Divorced,High school graduate,Employed full-time,"9$100,000 to under $150,000",0,,,,Did not read/None,Yes,No,0,0,0,Non-reader,0
54,Female,Black or African-American,Married,"Some college, no 4-year degree",Employed full-time,"$10,000 to under $20,000",0,,,,Did not read/None,Yes,Yes,0,0,0,Non-reader,0
53,Male,Black or African-American,Married,Not specified,Employed full-time,"$10,000 to under $20,000",0,,,,Did not read/None,No,No,0,0,0,Non-reader,0
52,Male,Black or African-American,Married,High school graduate,Employed full-time,"Less than $10,000",0,,,,Did not read/None,Yes,Yes,0,0,0,Non-reader,0
51,Female,Black or African-American,Divorced,High school incomplete,Not employed for pay,"Less than $10,000",0,,,,Did not read/None,No,No,0,0,0,Non-reader,0
51,Female,Black or African-American,Married,Not specified,Employed part-time,"$30,000 to under $40,000",0,,,,Did not read/None,Yes,No,0,0,0,Non-reader,0
50,Female,Black or African-American,Single,College graduate,Employed part-time,"$30,000 to under $40,000",0,,,,Did not read/None,No,Yes,0,0,0,Non-reader,0
50,Female,Black or African-American,Never been married,Not specified,Disabled,"Less than $10,000",0,,,,Did not read/None,No,No,0,0,0,Non-reader,0
50,Male,Black or African-American,Divorced,High school incomplete,Not employed for pay,"9$100,000 to under $150,000",0,,,,Did not read/None,No,No,0,0,0,Non-reader,0
50,Male,Black or African-American,Married,Not specified,Not employed for pay,"$10,000 to under $20,000",0,,,,Did not read/None,Yes,No,0,0,0,Non-reader,0
49,Male,Black or African-American,Never been married,High school graduate,Not employed for pay,"Less than $10,000",0,,,,Did not read/None,Yes,Yes,0,0,0,Non-reader,0
48,Male,Black or African-American,Married,High school incomplete,Employed full-time,"$10,000 to under $20,000",0,,,,Did not read/None,No,No,0,0,0,Non-reader,0
47,Male,Black or African-American,Married,"Some college, no 4-year degree",Employed full-time,"$40,000 to under $50,000",0,,,,Did not read/None,Yes,No,0,0,0,Non-reader,0
46,Female,Black or African-American,Married,"Some college, no 4-year degree",Employed full-time,Refused,0,,,,Did not read/None,Yes,No,0,0,0,Non-reader,0
46,Male,Black or African-American,Married,"Some college, no 4-year degree",Have own business/self-employed,"$100,000 to under $150,000",0,,,,Did not read/None,Yes,No,0,0,0,Non-reader,0
45,Female,Black or African-American,Married,High school graduate,Employed full-time,"$10,000 to under $20,000",0,,,,Did not read/None,No,No,0,0,0,Non-reader,0
44,Male,Black or African-American,Living with a partner,High school graduate,Employed full-time,"$50,000 to under $75,000",0,,,,Did not read/None,Yes,No,0,0,0,Non-reader,0
42,Male,Black or African-American,Never been married,High school graduate,Not employed for pay,"$10,000 to under $20,000",0,,,,Did not read/None,No,No,0,0,0,Non-reader,0
42,Male,Black or African-American,Married,"Some college, no 4-year degree",Employed full-time,"$30,000 to under $40,000",0,,,,Did not read/None,Yes,No,0,0,0,Non-reader,0
41,Male,Black or African-American,Separated,High school graduate,Other,"$10,000 to under $20,000",0,,,,Did not read/None,No,No,0,0,0,Non-reader,0
40,Female,Black or African-American,Living with a partner,"Some college, no 4-year degree",Not employed for pay,"$20,000 to under $30,000",0,,,,Did not read/None,Yes,Yes,0,0,0,Non-reader,0
39,Male,Black or African-American,Separated,High school graduate,Not employed for pay,"9$100,000 to under $150,000",0,,,,Did not read/None,No,No,0,0,0,Non-reader,0
35,Female,Black or African-American,Married,"Some college, no 4-year degree",Employed full-time,"$75,000 to under $100,000",0,,,,Did not read/None,Yes,Yes,0,0,0,Non-reader,0
34,Male,Black or African-American,Separated,Not specified,Not employed for pay,"$20,000 to under $30,000",0,,,,Did not read/None,Yes,Yes,0,0,0,Non-reader,0
34,Male,Black or African-American,Living with a partner,Not specified,Employed full-time,"$10,000 to under $20,000",0,,,,Did not read/None,Yes,Yes,0,0,0,Non-reader,0
34,Female,Black or African-American,Living with a partner,College graduate,Employed full-time,"$40,000 to under $50,000",0,,,,Did not read/None,Yes,Yes,0,0,0,Non-reader,0
33,Female,Black or African-American,Separated,High school graduate,Employed part-time,"Less than $10,000",0,,,,Did not read/None,No,No,0,0,0,Non-reader,0
32,Female,Black or African-American,Married,"Some college, no 4-year degree",Employed full-time,"$30,000 to under $40,000",0,,,,Did not read/None,No,No,0,0,0,Non-reader,0
31,Female,Black or African-American,Married,"Some college, no 4-year degree",Employed full-time,"$40,000 to under $50,000",0,,,,Did not read/None,No,No,0,0,0,Non-reader,0
31,Male,Black or African-American,Never been married,High school graduate,Employed part-time,"9$100,000 to under $150,000",0,,,,Did not read/None,Yes,No,0,0,0,Non-reader,0
30,Male,Black or African-American,Married,"Some college, no 4-year degree",Employed full-time,"$40,000 to under $50,000",0,,,,Did not read/None,No,No,0,0,0,Non-reader,0
29,Female,Black or African-American,Separated,High school incomplete,Not employed for pay,"$10,000 to under $20,000",0,,,,Did not read/None,No,Yes,0,0,0,Non-reader,0
29,Female,Black or African-American,Divorced,"Some college, no 4-year degree",Employed part-time,"Less than $10,000",0,,,,Did not read/None,No,No,0,0,0,Non-reader,0
28,Male,Black or African-American,Married,High school graduate,Employed full-time,Refused,0,,,,Did not read/None,Yes,No,0,0,0,Non-reader,0
27,Male,Black or African-American,Never been married,High school graduate,Employed part-time,"9$100,000 to under $150,000",0,,,,Did not read/None,No,No,0,0,0,Non-reader,0
27,Male,Black or African-American,Never been married,High school graduate,Employed full-time,"Less than $10,000",0,,,,Did not read/None,Yes,No,0,0,0,Non-reader,0
27,Female,Black or African-American,Married,High school incomplete,Not employed for pay,"$10,000 to under $20,000",0,,,,Did not read/None,No,No,0,0,0,Non-reader,0
23,Female,Black or African-American,Never been married,High school graduate,Employed full-time,"9$100,000 to under $150,000",0,,,,Did not read/None,No,No,0,0,0,Non-reader,0
23,Male,Black or African-American,Married,"Some college, no 4-year degree",Employed full-time,"$10,000 to under $20,000",0,,,,Did not read/None,Yes,No,0,0,0,Non-reader,0
20,Male,Black or African-American,Never been married,"Some college, no 4-year degree",Employed full-time,"$50,000 to under $75,000",0,,,,Did not read/None,Yes,Yes,0,0,0,Non-reader,0
17,Male,Black or African-American,Never been married,High school incomplete,Not employed for pay,"9$100,000 to under $150,000",0,,,,Did not read/None,No,No,0,0,0,Non-reader,0
17,Male,Black or African-American,Never been married,High school incomplete,Employed part-time,"$10,000 to under $20,000",0,,,,Did not read/None,No,No,0,0,0,Non-reader,0
92,Female,White,Widowed,Post-graduate training/professional school after college,Not employed for pay,Refused,0,,,,Did not read/None,No,No,0,0,0,Non-reader,0
92,Female,White,Widowed,High school graduate,Retired,"$10,000 to under $20,000",0,,,,Did not read/None,Yes,Yes,0,0,0,Non-reader,0
91,Female,White,Married,High school graduate,Retired,Refused,0,,,,Did not read/None,Yes,Yes,0,0,0,Non-reader,0
90,Female,White,Widowed,High school graduate,Retired,"9$100,000 to under $150,000",0,,,,Did not read/None,Yes,No,0,0,0,Non-reader,0
88,Male,White,Married,"Some college, no 4-year degree",Retired,"$75,000 to under $100,000",0,,,,Did not read/None,No,No,0,0,0,Non-reader,0
88,Male,White,Widowed,"Some college, no 4-year degree",Employed full-time,Refused,0,,,,Did not read/None,Yes,Yes,0,0,0,Non-reader,0
87,Male,White,Married,High school graduate,Retired,Refused,0,,,,Did not read/None,Yes,No,0,0,0,Non-reader,0
85,Female,White,Widowed,High school graduate,Retired,"$30,000 to under $40,000",0,,,,Did not read/None,Yes,Yes,0,0,0,Non-reader,0
84,Female,White,Widowed,"Some college, no 4-year degree",Retired,"$20,000 to under $30,000",0,,,,Did not read/None,Yes,No,0,0,0,Non-reader,0
84,Female,White,Married,"Some college, no 4-year degree",Retired,"9$100,000 to under $150,000",0,,,,Did not read/None,Yes,Yes,0,0,0,Non-reader,0
84,Female,White,Widowed,High school graduate,Retired,"$30,000 to under $40,000",0,,,,Did not read/None,Yes,No,0,0,0,Non-reader,0
84,Female,White,Widowed,"Some college, no 4-year degree",Retired,Refused,0,,,,Did not read/None,No,No,0,0,0,Non-reader,0
84,Male,White,Widowed,Not specified,Not employed for pay,"9$100,000 to under $150,000",0,,,,Did not read/None,Yes,No,0,0,0,Non-reader,0
83,Male,White,Married,High school incomplete,Retired,Refused,0,,,,Did not read/None,No,No,0,0,0,Non-reader,0
83,Female,White,Widowed,High school graduate,Retired,Refused,0,,,,Did not read/None,Yes,No,0,0,0,Non-reader,0
83,Male,White,Single,High school graduate,Retired,"$10,000 to under $20,000",0,,,,Did not read/None,Yes,No,0,0,0,Non-reader,0
82,Female,White,Divorced,High school graduate,Retired,"Less than $10,000",0,,,,Did not read/None,No,No,0,0,0,Non-reader,0
82,Male,White,Married,"Some college, no 4-year degree",Retired,"$30,000 to under $40,000",0,,,,Did not read/None,Yes,Yes,0,0,0,Non-reader,0
82,Male,White,Married,Not specified,Retired,Refused,0,,,,Did not read/None,No,No,0,0,0,Non-reader,0
82,Male,White,Don’t know,High school graduate,Retired,Refused,0,,,,Did not read/None,Yes,No,0,0,0,Non-reader,0
82,Female,White,Widowed,High school graduate,Retired,"9$100,000 to under $150,000",0,,,,Did not read/None,No,Yes,0,0,0,Non-reader,0
82,Female,White,Widowed,High school graduate,Retired,Refused,0,,,,Did not read/None,Yes,Yes,0,0,0,Non-reader,0
81,Female,White,Divorced,High school graduate,Retired,"Less than $10,000",0,,,,Did not read/None,Yes,Yes,0,0,0,Non-reader,0
81,Male,White,Married,High school graduate,Employed part-time,Refused,0,,,,Did not read/None,Yes,No,0,0,0,Non-reader,0
80,Female,White,Married,High school graduate,Retired,"9$100,000 to under $150,000",0,,,,Did not read/None,No,No,0,0,0,Non-reader,0
80,Male,White,Married,Don’t know,Retired,"$50,000 to under $75,000",0,,,,Did not read/None,Yes,No,0,0,0,Non-reader,0
80,Female,White,Widowed,High school graduate,Retired,"9$100,000 to under $150,000",0,,,,Did not read/None,Yes,No,0,0,0,Non-reader,0
80,Female,White,Married,Post-graduate training/professional school after college,Retired,Refused,0,,,,Did not read/None,Yes,Yes,0,0,0,Non-reader,0
79,Female,White,Married,"Technical, trade or vocational school AFTER high school",Retired,"$10,000 to under $20,000",0,,,,Did not read/None,Yes,No,0,0,0,Non-reader,0
79,Female,White,Married,"Technical, trade or vocational school AFTER high school",Retired,"$30,000 to under $40,000",0,,,,Did not read/None,Yes,Yes,0,0,0,Non-reader,0
78,Male,White,Never been married,Post-graduate training/professional school after college,Employed part-time,"$10,000 to under $20,000",0,,,,Did not read/None,Yes,Yes,0,0,0,Non-reader,0
78,Male,White,Widowed,High school graduate,Retired,"$30,000 to under $40,000",0,,,,Did not read/None,Yes,No,0,0,0,Non-reader,0
78,Female,White,Widowed,High school graduate,Retired,"$10,000 to under $20,000",0,,,,Did not read/None,Yes,No,0,0,0,Non-reader,0
78,Male,White,Married,"Some college, no 4-year degree",Retired,"$30,000 to under $40,000",0,,,,Did not read/None,Yes,No,0,0,0,Non-reader,0
77,Female,White,Married,High school graduate,Retired,"$20,000 to under $30,000",0,,,,Did not read/None,Yes,No,0,0,0,Non-reader,0
77,Female,White,Widowed,High school graduate,Retired,"$10,000 to under $20,000",0,,,,Did not read/None,Yes,No,0,0,0,Non-reader,0
76,Male,White,Divorced,High school graduate,Retired,"$20,000 to under $30,000",0,,,,Did not read/None,Yes,No,0,0,0,Non-reader,0
76,Female,White,Married,High school incomplete,Retired,"$10,000 to under $20,000",0,,,,Did not read/None,Yes,No,0,0,0,Non-reader,0
76,Female,White,Widowed,"Technical, trade or vocational school AFTER high school",Retired,"$10,000 to under $20,000",0,,,,Did not read/None,No,No,0,0,0,Non-reader,0
75,Female,White,Widowed,High school graduate,Retired,Refused,0,,,,Did not read/None,Yes,Yes,0,0,0,Non-reader,0
75,Female,White,Divorced,High school incomplete,Retired,"9$100,000 to under $150,000",0,,,,Did not read/None,No,No,0,0,0,Non-reader,0
75,Female,White,Widowed,High school graduate,Retired,Refused,0,,,,Did not read/None,No,No,0,0,0,Non-reader,0
75,Female,White,Married,College graduate,Retired,"$50,000 to under $75,000",0,,,,Did not read/None,Yes,No,0,0,0,Non-reader,0
74,Male,White,Widowed,High school incomplete,Retired,"$10,000 to under $20,000",0,,,,Did not read/None,Yes,No,0,0,0,Non-reader,0
74,Male,White,Divorced,High school graduate,Retired,"$20,000 to under $30,000",0,,,,Did not read/None,No,No,0,0,0,Non-reader,0
73,Female,White,Married,High school graduate,Retired,"$10,000 to under $20,000",0,,,,Did not read/None,Yes,No,0,0,0,Non-reader,0
72,Female,White,Never been married,"Some college, no 4-year degree",Retired,Refused,0,,,,Did not read/None,Yes,No,0,0,0,Non-reader,0
72,Female,White,Divorced,College graduate,Employed full-time,"$100,000 to under $150,000",0,,,,Did not read/None,Yes,Yes,0,0,0,Non-reader,0
72,Female,White,Widowed,"Technical, trade or vocational school AFTER high school",Retired,"$75,000 to under $100,000",0,,,,Did not read/None,Yes,Yes,0,0,0,Non-reader,0
72,Female,White,Married,High school graduate,Retired,"9$100,000 to under $150,000",0,,,,Did not read/None,Yes,No,0,0,0,Non-reader,0
71,Female,White,Widowed,High school graduate,Retired,Refused,0,,,,Did not read/None,No,No,0,0,0,Non-reader,0
71,Female,White,Divorced,High school incomplete,Retired,"$10,000 to under $20,000",0,,,,Did not read/None,Yes,No,0,0,0,Non-reader,0
71,Male,White,Married,Post-graduate training/professional school after college,Employed part-time,"$100,000 to under $150,000",0,,,,Did not read/None,Yes,Yes,0,0,0,Non-reader,0
71,Male,White,Married,High school graduate,Retired,"$30,000 to under $40,000",0,,,,Did not read/None,Yes,No,0,0,0,Non-reader,0
71,Male,White,Married,"Some college, no 4-year degree",Retired,"$20,000 to under $30,000",0,,,,Did not read/None,Yes,Yes,0,0,0,Non-reader,0
70,Male,White,Married,Not specified,Employed full-time,"$30,000 to under $40,000",0,,,,Did not read/None,No,No,0,0,0,Non-reader,0
70,Male,White,Married,High school graduate,Retired,"$40,000 to under $50,000",0,,,,Did not read/None,Yes,No,0,0,0,Non-reader,0
70,Male,White,Married,College graduate,Retired,"$100,000 to under $150,000",0,,,,Did not read/None,Yes,Yes,0,0,0,Non-reader,0
70,Male,White,Married,Post-graduate training/professional school after college,Employed full-time,"$100,000 to under $150,000",0,,,,Did not read/None,No,No,0,0,0,Non-reader,0
70,Female,White,Married,High school graduate,Retired,"9$100,000 to under $150,000",0,,,,Did not read/None,No,No,0,0,0,Non-reader,0
70,Male,White,Married,"Technical, trade or vocational school AFTER high school",Retired,"$75,000 to under $100,000",0,,,,Did not read/None,Yes,No,0,0,0,Non-reader,0
69,Female,White,Never been married,High school incomplete,Not employed for pay,"Less than $10,000",0,,,,Did not read/None,No,No,0,0,0,Non-reader,0
69,Male,White,Divorced,College graduate,Retired,"$10,000 to under $20,000",0,,,,Did not read/None,Yes,No,0,0,0,Non-reader,0
69,Male,White,Married,"Some college, no 4-year degree",Retired,"$40,000 to under $50,000",0,,,,Did not read/None,No,No,0,0,0,Non-reader,0
69,Male,White,Widowed,High school incomplete,Retired,"$20,000 to under $30,000",0,,,,Did not read/None,No,No,0,0,0,Non-reader,0
69,Female,White,Married,"Some college, no 4-year degree",Retired,Refused,0,,,,Did not read/None,Yes,No,0,0,0,Non-reader,0
69,Female,White,Married,College graduate,Retired,Refused,0,,,,Did not read/None,Yes,No,0,0,0,Non-reader,0
68,Female,White,Widowed,High school graduate,Retired,"$20,000 to under $30,000",0,,,,Did not read/None,No,No,0,0,0,Non-reader,0
68,Female,White,Widowed,High school graduate,Retired,"$10,000 to under $20,000",0,,,,Did not read/None,Yes,No,0,0,0,Non-reader,0
68,Male,White,Married,"Some college, no 4-year degree",Retired,Refused,0,,,,Did not read/None,Yes,No,0,0,0,Non-reader,0
68,Female,White,Married,High school graduate,Retired,"$100,000 to under $150,000",0,,,,Did not read/None,No,No,0,0,0,Non-reader,0
68,Male,White,Separated,High school graduate,Retired,"$10,000 to under $20,000",0,,,,Did not read/None,No,No,0,0,0,Non-reader,0
68,Male,White,Divorced,High school graduate,Disabled,"$50,000 to under $75,000",0,,,,Did not read/None,Yes,No,0,0,0,Non-reader,0
68,Female,White,Never been married,High school graduate,Not employed for pay,"Less than $10,000",0,,,,Did not read/None,No,No,0,0,0,Non-reader,0
68,Female,White,Married,High school graduate,Not employed for pay,"9$100,000 to under $150,000",0,,,,Did not read/None,No,Yes,0,0,0,Non-reader,0
67,Male,White,Divorced,High school graduate,Disabled,"$10,000 to under $20,000",0,,,,Did not read/None,No,Yes,0,0,0,Non-reader,0
67,Female,White,Widowed,High school graduate,Retired,"$10,000 to under $20,000",0,,,,Did not read/None,Yes,No,0,0,0,Non-reader,0
67,Male,White,Married,High school incomplete,Retired,"Less than $10,000",0,,,,Did not read/None,Yes,No,0,0,0,Non-reader,0
67,Female,White,Widowed,High school incomplete,Not employed for pay,"Less than $10,000",0,,,,Did not read/None,Yes,No,0,0,0,Non-reader,0
67,Male,White,Married,High school graduate,Retired,"$40,000 to under $50,000",0,,,,Did not read/None,Yes,No,0,0,0,Non-reader,0
66,Male,White,Married,"Some college, no 4-year degree",Retired,"$20,000 to under $30,000",0,,,,Did not read/None,Yes,No,0,0,0,Non-reader,0
66,Male,White,Married,High school graduate,Employed full-time,"$50,000 to under $75,000",0,,,,Did not read/None,Yes,No,0,0,0,Non-reader,0
66,Female,White,Widowed,High school graduate,Retired,Refused,0,,,,Did not read/None,Yes,Yes,0,0,0,Non-reader,0
65,Female,White,Married,"Some college, no 4-year degree",Retired,"$30,000 to under $40,000",0,,,,Did not read/None,Yes,Yes,0,0,0,Non-reader,0
65,Female,White,Married,High school graduate,Retired,Refused,0,,,,Did not read/None,Yes,No,0,0,0,Non-reader,0
65,Male,White,Single,High school incomplete,Retired,"Less than $10,000",0,,,,Did not read/None,No,No,0,0,0,Non-reader,0
65,Female,White,Married,"Some college, no 4-year degree",Retired,Refused,0,,,,Did not read/None,Yes,Yes,0,0,0,Non-reader,0
65,Female,White,Married,High school graduate,Not employed for pay,"$50,000 to under $75,000",0,,,,Did not read/None,Yes,No,0,0,0,Non-reader,0
65,Female,White,Married,High school incomplete,Not employed for pay,"Less than $10,000",0,,,,Did not read/None,No,No,0,0,0,Non-reader,0
65,Male,White,Married,High school graduate,Employed full-time,"$20,000 to under $30,000",0,,,,Did not read/None,Yes,Yes,0,0,0,Non-reader,0
65,Female,White,Married,High school incomplete,Retired,"$10,000 to under $20,000",0,,,,Did not read/None,Yes,No,0,0,0,Non-reader,0
65,Male,White,Married,High school graduate,Not employed for pay,"$50,000 to under $75,000",0,,,,Did not read/None,Yes,Yes,0,0,0,Non-reader,0
64,Female,White,Married,High school graduate,Retired,"$75,000 to under $100,000",0,,,,Did not read/None,No,No,0,0,0,Non-reader,0
64,Male,White,Married,College graduate,Retired,"$75,000 to under $100,000",0,,,,Did not read/None,Yes,Yes,0,0,0,Non-reader,0
64,Male,White,Married,"Some college, no 4-year degree",Retired,"$10,000 to under $20,000",0,,,,Did not read/None,No,No,0,0,0,Non-reader,0
63,Male,White,Widowed,High school graduate,Disabled,"$20,000 to under $30,000",0,,,,Did not read/None,No,No,0,0,0,Non-reader,0
63,Male,White,Married,High school incomplete,Retired,"$20,000 to under $30,000",0,,,,Did not read/None,Yes,Yes,0,0,0,Non-reader,0
63,Male,White,Widowed,High school graduate,Employed full-time,"$40,000 to under $50,000",0,,,,Did not read/None,No,No,0,0,0,Non-reader,0
63,Male,White,Married,High school graduate,Retired,"$75,000 to under $100,000",0,,,,Did not read/None,Yes,Yes,0,0,0,Non-reader,0
63,Female,White,Separated,"Technical, trade or vocational school AFTER high school",Retired,"$20,000 to under $30,000",0,,,,Did not read/None,Yes,Yes,0,0,0,Non-reader,0
63,Female,White,Married,"Technical, trade or vocational school AFTER high school",Employed full-time,"$30,000 to under $40,000",0,,,,Did not read/None,Yes,No,0,0,0,Non-reader,0
62,Male,White,Married,College graduate,Employed full-time,"$75,000 to under $100,000",0,,,,Did not read/None,Yes,No,0,0,0,Non-reader,0
62,Male,White,Married,High school graduate,Retired,"$30,000 to under $40,000",0,,,,Did not read/None,No,No,0,0,0,Non-reader,0
62,Male,White,Widowed,Not specified,Not employed for pay,Refused,0,,,,Did not read/None,No,No,0,0,0,Non-reader,0
61,Female,White,Married,High school incomplete,Not employed for pay,"9$100,000 to under $150,000",0,,,,Did not read/None,No,No,0,0,0,Non-reader,0
61,Male,White,Divorced,Not specified,Retired,"Less than $10,000",0,,,,Did not read/None,No,No,0,0,0,Non-reader,0
61,Male,White,Married,"Technical, trade or vocational school AFTER high school",Employed full-time,"$100,000 to under $150,000",0,,,,Did not read/None,Yes,Yes,0,0,0,Non-reader,0
61,Male,White,Married,High school graduate,Retired,Refused,0,,,,Did not read/None,Yes,Yes,0,0,0,Non-reader,0
61,Male,White,Married,High school incomplete,Employed full-time,"$30,000 to under $40,000",0,,,,Did not read/None,No,No,0,0,0,Non-reader,0
61,Female,White,Divorced,"Some college, no 4-year degree",Employed full-time,"$20,000 to under $30,000",0,,,,Did not read/None,Yes,Yes,0,0,0,Non-reader,0
61,Male,White,Married,High school graduate,Employed full-time,"$50,000 to under $75,000",0,,,,Did not read/None,Yes,No,0,0,0,Non-reader,0
60,Female,White,Never been married,High school graduate,Employed full-time,"$40,000 to under $50,000",0,,,,Did not read/None,Yes,Yes,0,0,0,Non-reader,0
60,Male,White,Divorced,High school graduate,Employed full-time,"$40,000 to under $50,000",0,,,,Did not read/None,Yes,No,0,0,0,Non-reader,0
60,Male,White,Married,High school graduate,Employed full-time,"$30,000 to under $40,000",0,,,,Did not read/None,No,No,0,0,0,Non-reader,0
60,Male,White,Married,"Some college, no 4-year degree",Not employed for pay,Refused,0,,,,Did not read/None,Yes,Yes,0,0,0,Non-reader,0
60,Female,White,Divorced,High school graduate,Not employed for pay,"$20,000 to under $30,000",0,,,,Did not read/None,Yes,No,0,0,0,Non-reader,0
60,Male,White,Married,"Technical, trade or vocational school AFTER high school",Employed full-time,"$50,000 to under $75,000",0,,,,Did not read/None,Yes,No,0,0,0,Non-reader,0
60,Male,White,Married,High school incomplete,Employed part-time,"$10,000 to under $20,000",0,,,,Did not read/None,No,No,0,0,0,Non-reader,0
59,Male,White,Married,High school graduate,Disabled,"$40,000 to under $50,000",0,,,,Did not read/None,Yes,No,0,0,0,Non-reader,0
59,Male,White,Married,"Some college, no 4-year degree",Disabled,"9$100,000 to under $150,000",0,,,,Did not read/None,No,Yes,0,0,0,Non-reader,0
59,Male,White,Married,High school graduate,Employed full-time,"$50,000 to under $75,000",0,,,,Did not read/None,No,No,0,0,0,Non-reader,0
59,Male,White,Married,College graduate,Employed part-time,"$75,000 to under $100,000",0,,,,Did not read/None,Yes,Yes,0,0,0,Non-reader,0
58,Male,White,Divorced,High school incomplete,Employed full-time,"$30,000 to under $40,000",0,,,,Did not read/None,No,No,0,0,0,Non-reader,0
58,Male,White,Married,Not specified,Employed full-time,"9$100,000 to under $150,000",0,,,,Did not read/None,No,No,0,0,0,Non-reader,0
58,Female,White,Married,High school graduate,Employed part-time,"9$100,000 to under $150,000",0,,,,Did not read/None,Yes,Yes,0,0,0,Non-reader,0
58,Male,White,Married,"Some college, no 4-year degree",Retired,"$75,000 to under $100,000",0,,,,Did not read/None,Yes,Yes,0,0,0,Non-reader,0
58,Male,White,Married,High school graduate,Employed full-time,"$50,000 to under $75,000",0,,,,Did not read/None,Yes,No,0,0,0,Non-reader,0
57,Female,White,Married,High school graduate,Employed full-time,"$20,000 to under $30,000",0,,,,Did not read/None,No,No,0,0,0,Non-reader,0
57,Male,White,Divorced,High school graduate,Retired,"$30,000 to under $40,000",0,,,,Did not read/None,Yes,Yes,0,0,0,Non-reader,0
57,Female,White,Separated,High school incomplete,Not employed for pay,"Less than $10,000",0,,,,Did not read/None,Yes,No,0,0,0,Non-reader,0
57,Female,White,Married,High school graduate,Not employed for pay,"$50,000 to under $75,000",0,,,,Did not read/None,No,No,0,0,0,Non-reader,0
57,Male,White,Married,High school graduate,Employed full-time,"$50,000 to under $75,000",0,,,,Did not read/None,Yes,Yes,0,0,0,Non-reader,0
57,Male,White,Widowed,High school incomplete,Retired,"$10,000 to under $20,000",0,,,,Did not read/None,No,No,0,0,0,Non-reader,0
57,Male,White,Married,"Some college, no 4-year degree",Employed part-time,"$50,000 to under $75,000",0,,,,Did not read/None,Yes,Yes,0,0,0,Non-reader,0
56,Female,White,Married,High school incomplete,Not employed for pay,Refused,0,,,,Did not read/None,No,No,0,0,0,Non-reader,0
56,Female,White,Married,High school graduate,Not employed for pay,"$10,000 to under $20,000",0,,,,Did not read/None,No,No,0,0,0,Non-reader,0
56,Female,White,Married,High school incomplete,Employed full-time,"$50,000 to under $75,000",0,,,,Did not read/None,Yes,No,0,0,0,Non-reader,0
56,Male,White,Divorced,High school incomplete,Disabled,"Less than $10,000",0,,,,Did not read/None,Yes,No,0,0,0,Non-reader,0
55,Female,White,Married,"Some college, no 4-year degree",Retired,"$75,000 to under $100,000",0,,,,Did not read/None,No,No,0,0,0,Non-reader,0
55,Male,White,Divorced,High school graduate,Employed full-time,"$40,000 to under $50,000",0,,,,Did not read/None,Yes,No,0,0,0,Non-reader,0
55,Male,White,Living with a partner,Not specified,Disabled,"$10,000 to under $20,000",0,,,,Did not read/None,No,No,0,0,0,Non-reader,0
55,Female,White,Widowed,High school graduate,Disabled,"$20,000 to under $30,000",0,,,,Did not read/None,No,No,0,0,0,Non-reader,0
55,Female,White,Living with a partner,High school graduate,Employed part-time,"Less than $10,000",0,,,,Did not read/None,Yes,Yes,0,0,0,Non-reader,0
55,Male,White,Married,High school graduate,Employed full-time,"$100,000 to under $150,000",0,,,,Did not read/None,No,No,0,0,0,Non-reader,0
54,Male,White,Never been married,"Some college, no 4-year degree",Retired,"$30,000 to under $40,000",0,,,,Did not read/None,No,No,0,0,0,Non-reader,0
54,Male,White,Divorced,High school graduate,Employed full-time,"$30,000 to under $40,000",0,,,,Did not read/None,Yes,No,0,0,0,Non-reader,0
54,Male,White,Married,"Some college, no 4-year degree",Employed full-time,"$75,000 to under $100,000",0,,,,Did not read/None,Yes,No,0,0,0,Non-reader,0
54,Male,White,Divorced,College graduate,Employed full-time,"$20,000 to under $30,000",0,,,,Did not read/None,No,No,0,0,0,Non-reader,0
54,Female,White,Married,"Some college, no 4-year degree",Not employed for pay,Refused,0,,,,Did not read/None,Yes,Yes,0,0,0,Non-reader,0
54,Male,White,Single,High school incomplete,Other,"9$100,000 to under $150,000",0,,,,Did not read/None,No,No,0,0,0,Non-reader,0
53,Female,White,Married,College graduate,Employed full-time,"$75,000 to under $100,000",0,,,,Did not read/None,Yes,No,0,0,0,Non-reader,0
53,Male,White,Never been married,Post-graduate training/professional school after college,Retired,"$100,000 to under $150,000",0,,,,Did not read/None,No,Yes,0,0,0,Non-reader,0
53,Male,White,Married,High school graduate,Employed full-time,"$100,000 to under $150,000",0,,,,Did not read/None,No,No,0,0,0,Non-reader,0
53,Male,White,Married,High school graduate,Have own business/self-employed,"$50,000 to under $75,000",0,,,,Did not read/None,Yes,No,0,0,0,Non-reader,0
53,Female,White,Divorced,Post-graduate training/professional school after college,Employed full-time,"$50,000 to under $75,000",0,,,,Did not read/None,No,Yes,0,0,0,Non-reader,0
53,Female,White,Separated,Not specified,Employed part-time,"9$100,000 to under $150,000",0,,,,Did not read/None,Yes,No,0,0,0,Non-reader,0
53,Male,White,Married,High school graduate,Have own business/self-employed,"Less than $10,000",0,,,,Did not read/None,Yes,Yes,0,0,0,Non-reader,0
53,Female,White,Married,High school graduate,Employed full-time,"$100,000 to under $150,000",0,,,,Did not read/None,Yes,No,0,0,0,Non-reader,0
52,Female,White,Divorced,High school graduate,Employed part-time,"$20,000 to under $30,000",0,,,,Did not read/None,No,No,0,0,0,Non-reader,0
52,Male,White,Married,High school graduate,Employed full-time,"$100,000 to under $150,000",0,,,,Did not read/None,Yes,Yes,0,0,0,Non-reader,0
52,Male,White,Married,"Some college, no 4-year degree",Employed full-time,"$75,000 to under $100,000",0,,,,Did not read/None,Yes,Yes,0,0,0,Non-reader,0
52,Female,White,Married,Not specified,Employed full-time,"$20,000 to under $30,000",0,,,,Did not read/None,No,No,0,0,0,Non-reader,0
52,Male,White,Married,"Some college, no 4-year degree",Employed full-time,"$75,000 to under $100,000",0,,,,Did not read/None,Yes,No,0,0,0,Non-reader,0
50,Female,White,Living with a partner,"Some college, no 4-year degree",Disabled,"Less than $10,000",0,,,,Did not read/None,No,No,0,0,0,Non-reader,0
50,Female,White,Married,High school graduate,Not employed for pay,Refused,0,,,,Did not read/None,No,No,0,0,0,Non-reader,0
50,Male,White,Married,Post-graduate training/professional school after college,Employed full-time,"$75,000 to under $100,000",0,,,,Did not read/None,Yes,No,0,0,0,Non-reader,0
50,Female,White,Never been married,Not specified,Not employed for pay,"Less than $10,000",0,,,,Did not read/None,No,No,0,0,0,Non-reader,0
50,Male,White,Married,High school graduate,Disabled,"$20,000 to under $30,000",0,,,,Did not read/None,No,Yes,0,0,0,Non-reader,0
50,Female,White,Married,"Some college, no 4-year degree",Have own business/self-employed,"$30,000 to under $40,000",0,,,,Did not read/None,Yes,Yes,0,0,0,Non-reader,0
50,Male,White,Married,"Some college, no 4-year degree",Employed full-time,"$50,000 to under $75,000",0,,,,Did not read/None,Yes,No,0,0,0,Non-reader,0
50,Female,White,Married,"Some college, no 4-year degree",Have own business/self-employed,"$75,000 to under $100,000",0,,,,Did not read/None,Yes,No,0,0,0,Non-reader,0
50,Male,White,Married,Post-graduate training/professional school after college,Employed full-time,Refused,0,,,,Did not read/None,No,No,0,0,0,Non-reader,0
49,Female,White,Widowed,High school incomplete,Employed part-time,"$10,000 to under $20,000",0,,,,Did not read/None,No,No,0,0,0,Non-reader,0
49,Female,White,Married,"Some college, no 4-year degree",Employed full-time,"9$100,000 to under $150,000",0,,,,Did not read/None,No,Yes,0,0,0,Non-reader,0
49,Male,White,Married,"Some college, no 4-year degree",Employed full-time,"$100,000 to under $150,000",0,,,,Did not read/None,Yes,No,0,0,0,Non-reader,0
48,Male,White,Married,High school graduate,Employed full-time,"$50,000 to under $75,000",0,,,,Did not read/None,Yes,No,0,0,0,Non-reader,0
48,Female,White,Married,High school graduate,Employed full-time,"$40,000 to under $50,000",0,,,,Did not read/None,Yes,Yes,0,0,0,Non-reader,0
48,Female,White,Married,"Some college, no 4-year degree",Employed full-time,Refused,0,,,,Did not read/None,No,No,0,0,0,Non-reader,0
48,Male,White,Divorced,"Some college, no 4-year degree",Employed full-time,"$50,000 to under $75,000",0,,,,Did not read/None,Yes,No,0,0,0,Non-reader,0
47,Male,White,Separated,"Technical, trade or vocational school AFTER high school",Disabled,"$10,000 to under $20,000",0,,,,Did not read/None,No,No,0,0,0,Non-reader,0
47,Male,White,Married,"Technical, trade or vocational school AFTER high school",Employed full-time,"$75,000 to under $100,000",0,,,,Did not read/None,Yes,No,0,0,0,Non-reader,0
47,Male,White,Married,College graduate,Employed full-time,"$100,000 to under $150,000",0,,,,Did not read/None,Yes,Yes,0,0,0,Non-reader,0
47,Male,White,Living with a partner,"Technical, trade or vocational school AFTER high school",Employed full-time,"$30,000 to under $40,000",0,,,,Did not read/None,Yes,No,0,0,0,Non-reader,0
47,Male,White,Married,High school graduate,Employed full-time,"$10,000 to under $20,000",0,,,,Did not read/None,No,Yes,0,0,0,Non-reader,0
47,Male,White,Married,High school graduate,Employed part-time,"$50,000 to under $75,000",0,,,,Did not read/None,No,No,0,0,0,Non-reader,0
46,Female,White,Married,Post-graduate training/professional school after college,Employed part-time,Refused,0,,,,Did not read/None,No,No,0,0,0,Non-reader,0
46,Male,White,Married,College graduate,Employed full-time,"$50,000 to under $75,000",0,,,,Did not read/None,Yes,No,0,0,0,Non-reader,0
46,Female,White,Living with a partner,High school incomplete,Disabled,"$10,000 to under $20,000",0,,,,Did not read/None,Yes,No,0,0,0,Non-reader,0
46,Female,White,Married,High school graduate,Disabled,"$10,000 to under $20,000",0,,,,Did not read/None,No,No,0,0,0,Non-reader,0
46,Male,White,Married,High school incomplete,Employed full-time,"$40,000 to under $50,000",0,,,,Did not read/None,No,No,0,0,0,Non-reader,0
45,Male,White,Married,"Some college, no 4-year degree",Employed full-time,"$50,000 to under $75,000",0,,,,Did not read/None,Yes,No,0,0,0,Non-reader,0
45,Male,White,Never been married,"Some college, no 4-year degree",Employed full-time,"$100,000 to under $150,000",0,,,,Did not read/None,Yes,Yes,0,0,0,Non-reader,0
45,Male,White,Married,High school incomplete,Not employed for pay,"Less than $10,000",0,,,,Did not read/None,No,No,0,0,0,Non-reader,0
45,Male,White,Married,High school incomplete,Employed full-time,"$20,000 to under $30,000",0,,,,Did not read/None,No,No,0,0,0,Non-reader,0
45,Male,White,Divorced,High school incomplete,Employed full-time,"$75,000 to under $100,000",0,,,,Did not read/None,No,No,0,0,0,Non-reader,0
44,Male,White,Married,High school graduate,Employed full-time,"$75,000 to under $100,000",0,,,,Did not read/None,No,No,0,0,0,Non-reader,0
44,Male,White,Married,High school graduate,Employed full-time,"$40,000 to under $50,000",0,,,,Did not read/None,No,Yes,0,0,0,Non-reader,0
44,Male,White,Married,Post-graduate training/professional school after college,Employed full-time,"$100,000 to under $150,000",0,,,,Did not read/None,Yes,No,0,0,0,Non-reader,0
44,Female,White,Married,High school graduate,Employed full-time,"$100,000 to under $150,000",0,,,,Did not read/None,Yes,Yes,0,0,0,Non-reader,0
44,Female,White,Married,Post-graduate training/professional school after college,Employed full-time,"$100,000 to under $150,000",0,,,,Did not read/None,No,No,0,0,0,Non-reader,0
44,Male,White,Divorced,High school graduate,Employed full-time,"$75,000 to under $100,000",0,,,,Did not read/None,Yes,No,0,0,0,Non-reader,0
44,Male,White,Single,High school graduate,Not employed for pay,"$50,000 to under $75,000",0,,,,Did not read/None,Yes,No,0,0,0,Non-reader,0
43,Female,White,Divorced,High school incomplete,Disabled,"Less than $10,000",0,,,,Did not read/None,No,No,0,0,0,Non-reader,0
43,Male,White,Divorced,High school graduate,Employed full-time,"$50,000 to under $75,000",0,,,,Did not read/None,Yes,No,0,0,0,Non-reader,0
43,Male,White,Separated,Not specified,Employed full-time,"$10,000 to under $20,000",0,,,,Did not read/None,No,No,0,0,0,Non-reader,0
43,Male,White,Married,College graduate,Employed full-time,"$50,000 to under $75,000",0,,,,Did not read/None,Yes,Yes,0,0,0,Non-reader,0
42,Male,White,Married,High school graduate,Not employed for pay,"$100,000 to under $150,000",0,,,,Did not read/None,Yes,No,0,0,0,Non-reader,0
41,Female,White,Divorced,High school graduate,Disabled,"9$100,000 to under $150,000",0,,,,Did not read/None,No,No,0,0,0,Non-reader,0
41,Male,White,Never been married,College graduate,Employed full-time,"$30,000 to under $40,000",0,,,,Did not read/None,No,No,0,0,0,Non-reader,0
41,Female,White,Divorced,High school incomplete,Not employed for pay,"Less than $10,000",0,,,,Did not read/None,Yes,No,0,0,0,Non-reader,0
41,Male,White,Married,Post-graduate training/professional school after college,Employed full-time,"$100,000 to under $150,000",0,,,,Did not read/None,Yes,Yes,0,0,0,Non-reader,0
41,Male,White,Never been married,"Some college, no 4-year degree",Employed full-time,"$20,000 to under $30,000",0,,,,Did not read/None,Yes,No,0,0,0,Non-reader,0
41,Female,White,Married,High school graduate,Not employed for pay,"Less than $10,000",0,,,,Did not read/None,Yes,No,0,0,0,Non-reader,0
41,Male,White,Living with a partner,High school graduate,Employed full-time,Refused,0,,,,Did not read/None,No,No,0,0,0,Non-reader,0
40,Female,White,Divorced,High school incomplete,Disabled,"$10,000 to under $20,000",0,,,,Did not read/None,No,No,0,0,0,Non-reader,0
40,Male,White,Married,College graduate,Employed full-time,"$10,000 to under $20,000",0,,,,Did not read/None,Yes,No,0,0,0,Non-reader,0
40,Male,White,Married,"Some college, no 4-year degree",Not employed for pay,"$30,000 to under $40,000",0,,,,Did not read/None,No,No,0,0,0,Non-reader,0
40,Female,White,Married,College graduate,Employed full-time,"$75,000 to under $100,000",0,,,,Did not read/None,Yes,Yes,0,0,0,Non-reader,0
40,Male,White,Married,"Technical, trade or vocational school AFTER high school",Not employed for pay,Refused,0,,,,Did not read/None,No,No,0,0,0,Non-reader,0
40,Male,White,Divorced,High school incomplete,Disabled,"$10,000 to under $20,000",0,,,,Did not read/None,No,No,0,0,0,Non-reader,0
39,Male,White,Married,High school graduate,Not employed for pay,"Less than $10,000",0,,,,Did not read/None,No,No,0,0,0,Non-reader,0
39,Male,White,Married,High school graduate,Employed full-time,"$40,000 to under $50,000",0,,,,Did not read/None,Yes,Yes,0,0,0,Non-reader,0
39,Male,White,Separated,High school incomplete,Employed part-time,"$10,000 to under $20,000",0,,,,Did not read/None,No,No,0,0,0,Non-reader,0
39,Male,White,Married,High school graduate,Employed full-time,"9$100,000 to under $150,000",0,,,,Did not read/None,No,No,0,0,0,Non-reader,0
39,Male,White,Married,"Some college, no 4-year degree",Employed full-time,"$50,000 to under $75,000",0,,,,Did not read/None,No,No,0,0,0,Non-reader,0
38,Male,White,Married,College graduate,Employed full-time,"$100,000 to under $150,000",0,,,,Did not read/None,No,Yes,0,0,0,Non-reader,0
36,Male,White,Married,"Technical, trade or vocational school AFTER high school",Employed full-time,"$75,000 to under $100,000",0,,,,Did not read/None,No,No,0,0,0,Non-reader,0
36,Male,White,Married,High school incomplete,Not employed for pay,"$40,000 to under $50,000",0,,,,Did not read/None,Yes,Yes,0,0,0,Non-reader,0
36,Male,White,Separated,High school graduate,Employed full-time,"Less than $10,000",0,,,,Did not read/None,Yes,Yes,0,0,0,Non-reader,0
35,Female,White,Living with a partner,College graduate,Not employed for pay,"$40,000 to under $50,000",0,,,,Did not read/None,No,No,0,0,0,Non-reader,0
35,Male,White,Married,College graduate,Employed full-time,Refused,0,,,,Did not read/None,Yes,No,0,0,0,Non-reader,0
35,Male,White,Single,College graduate,Employed full-time,"$50,000 to under $75,000",0,,,,Did not read/None,Yes,No,0,0,0,Non-reader,0
35,Male,White,Never been married,High school graduate,Employed full-time,"$50,000 to under $75,000",0,,,,Did not read/None,No,No,0,0,0,Non-reader,0
35,Male,White,Married,High school graduate,Employed full-time,"$100,000 to under $150,000",0,,,,Did not read/None,No,Yes,0,0,0,Non-reader,0
34,Male,White,Married,College graduate,Employed full-time,"$50,000 to under $75,000",0,,,,Did not read/None,No,No,0,0,0,Non-reader,0
34,Male,White,Married,High school graduate,Employed full-time,"$100,000 to under $150,000",0,,,,Did not read/None,No,No,0,0,0,Non-reader,0
34,Male,White,Living with a partner,Post-graduate training/professional school after college,Employed full-time,"$100,000 to under $150,000",0,,,,Did not read/None,Yes,Yes,0,0,0,Non-reader,0
34,Male,White,Married,Not specified,Employed part-time,"Less than $10,000",0,,,,Did not read/None,Yes,No,0,0,0,Non-reader,0
34,Male,White,Never been married,High school graduate,Employed full-time,"$10,000 to under $20,000",0,,,,Did not read/None,No,No,0,0,0,Non-reader,0
34,Male,White,Married,College graduate,Employed full-time,"$75,000 to under $100,000",0,,,,Did not read/None,Yes,Yes,0,0,0,Non-reader,0
34,Female,White,Widowed,Not specified,Not employed for pay,"Less than $10,000",0,,,,Did not read/None,No,No,0,0,0,Non-reader,0
34,Male,White,Married,High school graduate,Not employed for pay,"$75,000 to under $100,000",0,,,,Did not read/None,Yes,Yes,0,0,0,Non-reader,0
33,Male,White,Divorced,College graduate,Employed full-time,"$40,000 to under $50,000",0,,,,Did not read/None,Yes,No,0,0,0,Non-reader,0
33,Male,White,Married,"Some college, no 4-year degree",Employed full-time,"$50,000 to under $75,000",0,,,,Did not read/None,No,Yes,0,0,0,Non-reader,0
32,Female,White,Married,High school incomplete,Not employed for pay,"Less than $10,000",0,,,,Did not read/None,No,No,0,0,0,Non-reader,0
32,Male,White,Married,Not specified,Employed full-time,"$30,000 to under $40,000",0,,,,Did not read/None,Yes,No,0,0,0,Non-reader,0
32,Male,White,Living with a partner,High school graduate,Employed full-time,"$40,000 to under $50,000",0,,,,Did not read/None,No,No,0,0,0,Non-reader,0
32,Male,White,Separated,High school graduate,Employed full-time,"$30,000 to under $40,000",0,,,,Did not read/None,No,No,0,0,0,Non-reader,0
32,Male,White,Married,College graduate,Employed full-time,"$75,000 to under $100,000",0,,,,Did not read/None,No,Yes,0,0,0,Non-reader,0
31,Male,White,Never been married,High school graduate,Not employed for pay,"Less than $10,000",0,,,,Did not read/None,No,No,0,0,0,Non-reader,0
31,Male,White,Living with a partner,High school incomplete,Employed full-time,"$40,000 to under $50,000",0,,,,Did not read/None,No,No,0,0,0,Non-reader,0
30,Female,White,Married,College graduate,Employed part-time,"$75,000 to under $100,000",0,,,,Did not read/None,No,No,0,0,0,Non-reader,0
30,Male,White,Married,High school graduate,Employed full-time,Refused,0,,,,Did not read/None,Yes,Yes,0,0,0,Non-reader,0
30,Male,White,Never been married,High school graduate,Not employed for pay,"9$100,000 to under $150,000",0,,,,Did not read/None,Yes,No,0,0,0,Non-reader,0
30,Male,White,Married,High school incomplete,Employed full-time,"$30,000 to under $40,000",0,,,,Did not read/None,No,Yes,0,0,0,Non-reader,0
30,Male,White,Living with a partner,"Some college, no 4-year degree",Employed full-time,"$20,000 to under $30,000",0,,,,Did not read/None,No,No,0,0,0,Non-reader,0
30,Male,White,Married,High school graduate,Employed full-time,"$30,000 to under $40,000",0,,,,Did not read/None,No,Yes,0,0,0,Non-reader,0
29,Male,White,Never been married,High school graduate,Not employed for pay,"$50,000 to under $75,000",0,,,,Did not read/None,No,Yes,0,0,0,Non-reader,0
28,Male,White,Married,High school graduate,Employed full-time,"$20,000 to under $30,000",0,,,,Did not read/None,No,No,0,0,0,Non-reader,0
28,Male,White,Single,High school graduate,Employed full-time,"$10,000 to under $20,000",0,,,,Did not read/None,No,No,0,0,0,Non-reader,0
28,Male,White,Never been married,"Some college, no 4-year degree",Employed full-time,"$100,000 to under $150,000",0,,,,Did not read/None,No,Yes,0,0,0,Non-reader,0
28,Male,White,Married,"Some college, no 4-year degree",Employed full-time,"$50,000 to under $75,000",0,,,,Did not read/None,Yes,Yes,0,0,0,Non-reader,0
28,Male,White,Divorced,High school graduate,Not employed for pay,"$10,000 to under $20,000",0,,,,Did not read/None,No,No,0,0,0,Non-reader,0
27,Male,White,Married,Not specified,Employed full-time,"$10,000 to under $20,000",0,,,,Did not read/None,No,No,0,0,0,Non-reader,0
27,Male,White,Single,High school incomplete,Employed full-time,"$30,000 to under $40,000",0,,,,Did not read/None,No,No,0,0,0,Non-reader,0
26,Female,White,Never been married,"Some college, no 4-year degree",Employed full-time,"$20,000 to under $30,000",0,,,,Did not read/None,Yes,No,0,0,0,Non-reader,0
26,Female,White,Never been married,High school incomplete,Not employed for pay,"Less than $10,000",0,,,,Did not read/None,Yes,No,0,0,0,Non-reader,0
26,Male,White,Married,High school graduate,Employed full-time,Refused,0,,,,Did not read/None,No,No,0,0,0,Non-reader,0
26,Female,White,Married,"Some college, no 4-year degree",Employed part-time,"$40,000 to under $50,000",0,,,,Did not read/None,No,No,0,0,0,Non-reader,0
25,Female,White,Living with a partner,"Some college, no 4-year degree",Employed part-time,"$30,000 to under $40,000",0,,,,Did not read/None,Yes,Yes,0,0,0,Non-reader,0
25,Male,White,Never been married,High school graduate,Employed full-time,"$40,000 to under $50,000",0,,,,Did not read/None,Yes,No,0,0,0,Non-reader,0
25,Male,White,Never been married,High school graduate,Employed full-time,"$75,000 to under $100,000",0,,,,Did not read/None,No,No,0,0,0,Non-reader,0
24,Male,White,Married,High school graduate,Employed full-time,"$50,000 to under $75,000",0,,,,Did not read/None,No,No,0,0,0,Non-reader,0
24,Male,White,Never been married,High school graduate,Not employed for pay,"9$100,000 to under $150,000",0,,,,Did not read/None,No,No,0,0,0,Non-reader,0
24,Male,White,Married,High school graduate,Employed full-time,"$20,000 to under $30,000",0,,,,Did not read/None,No,No,0,0,0,Non-reader,0
23,Male,White,Never been married,High school graduate,Employed full-time,"$20,000 to under $30,000",0,,,,Did not read/None,No,No,0,0,0,Non-reader,0
22,Male,White,Never been married,High school incomplete,Employed full-time,"9$100,000 to under $150,000",0,,,,Did not read/None,No,No,0,0,0,Non-reader,0
22,Male,White,Never been married,High school incomplete,Employed full-time,"Less than $10,000",0,,,,Did not read/None,No,No,0,0,0,Non-reader,0
21,Male,White,Never been married,High school graduate,Employed full-time,"$30,000 to under $40,000",0,,,,Did not read/None,No,No,0,0,0,Non-reader,0
21,Male,White,Never been married,High school graduate,Employed full-time,"$50,000 to under $75,000",0,,,,Did not read/None,Yes,No,0,0,0,Non-reader,0
20,Male,White,Never been married,High school graduate,Not employed for pay,"$50,000 to under $75,000",0,,,,Did not read/None,No,No,0,0,0,Non-reader,0
19,Female,White,Living with a partner,High school graduate,Employed part-time,"$20,000 to under $30,000",0,,,,Did not read/None,No,Yes,0,0,0,Non-reader,0
18,Male,White,Never been married,High school graduate,Not employed for pay,"9$100,000 to under $150,000",0,,,,Did not read/None,No,Yes,0,0,0,Non-reader,0
18,Male,White,Never been married,High school graduate,Not employed for pay,"$75,000 to under $100,000",0,,,,Did not read/None,No,No,0,0,0,Non-reader,0
18,Male,White,Never been married,High school incomplete,Not employed for pay,"Less than $10,000",0,,,,Did not read/None,No,No,0,0,0,Non-reader,0
18,Male,White,Never been married,High school graduate,Employed part-time,"$75,000 to under $100,000",0,,,,Did not read/None,Yes,Yes,0,0,0,Non-reader,0
17,Male,White,Never been married,High school incomplete,Employed part-time,"$30,000 to under $40,000",0,,,,Did not read/None,Yes,No,0,0,0,Non-reader,0
17,Female,White,Never been married,High school incomplete,Not employed for pay,"9$100,000 to under $150,000",0,,,,Did not read/None,No,Yes,0,0,0,Non-reader,0
16,Male,White,Never been married,High school graduate,Not employed for pay,"9$100,000 to under $150,000",0,,,,Did not read/None,No,No,0,0,0,Non-reader,0
16,Male,White,Never been married,Don’t know,Not employed for pay,Refused,0,,,,Did not read/None,No,No,0,0,0,Non-reader,0
